circuit,circuit_type,lap,driver_code,driver,team,lap_time_s,sector1_s,sector2_s,sector3_s,position,gap_ahead_s,gap_behind_s,tire_age,stint,is_pit_lap,is_safety_car,pressure
Bahrain,Power,1,VER,Max Verstappen,Red Bull,94.361,31.968,34.065,28.328,1,,1.84,1,1,False,False,Clean Air
Bahrain,Power,2,VER,Max Verstappen,Red Bull,94.61,31.872,31.556,31.182,1,,7.01,2,1,False,False,Clean Air
Bahrain,Power,3,VER,Max Verstappen,Red Bull,94.667,29.872,32.268,32.527,1,,0.55,3,1,False,False,Battle Defensive
Bahrain,Power,4,VER,Max Verstappen,Red Bull,94.761,31.469,31.554,31.738,1,,0.82,4,1,False,False,Battle Defensive
Bahrain,Power,5,VER,Max Verstappen,Red Bull,94.609,28.403,34.307,31.898,1,,10.84,5,1,False,False,Clean Air
Bahrain,Power,6,VER,Max Verstappen,Red Bull,94.861,28.739,32.664,33.457,1,,3.07,6,1,False,False,Clean Air
Bahrain,Power,7,VER,Max Verstappen,Red Bull,95.047,29.772,31.607,33.668,1,,0.31,7,1,False,False,Battle Defensive
Bahrain,Power,8,VER,Max Verstappen,Red Bull,94.659,30.812,34.597,29.25,1,,3.27,8,1,False,False,Clean Air
Bahrain,Power,9,VER,Max Verstappen,Red Bull,94.85,31.341,33.43,30.079,1,,3.12,9,1,False,False,Clean Air
Bahrain,Power,10,VER,Max Verstappen,Red Bull,95.111,30.16,31.483,33.468,1,,1.85,10,1,False,False,Clean Air
Bahrain,Power,11,VER,Max Verstappen,Red Bull,95.081,31.976,32.325,30.78,1,,1.78,11,1,False,False,Clean Air
Bahrain,Power,12,VER,Max Verstappen,Red Bull,94.984,29.108,34.877,30.999,1,,0.65,12,1,False,False,Battle Defensive
Bahrain,Power,13,VER,Max Verstappen,Red Bull,95.144,31.602,32.107,31.435,1,,4.13,13,1,False,False,Clean Air
Bahrain,Power,14,VER,Max Verstappen,Red Bull,95.245,31.987,32.642,30.615,1,,5.58,14,1,False,False,Clean Air
Bahrain,Power,15,VER,Max Verstappen,Red Bull,94.964,31.597,34.608,28.76,1,,0.29,15,1,False,False,Battle Defensive
Bahrain,Power,16,VER,Max Verstappen,Red Bull,95.159,29.833,34.991,30.335,1,,1.35,16,1,False,False,Battle Defensive
Bahrain,Power,17,VER,Max Verstappen,Red Bull,95.556,30.057,35.248,30.252,1,,0.98,17,1,False,False,Battle Defensive
Bahrain,Power,18,VER,Max Verstappen,Red Bull,95.329,30.516,31.655,33.159,1,,0.84,18,1,False,False,Battle Defensive
Bahrain,Power,19,VER,Max Verstappen,Red Bull,95.372,29.164,33.34,32.868,1,,0.82,19,1,False,False,Battle Defensive
Bahrain,Power,20,VER,Max Verstappen,Red Bull,95.401,31.033,33.9,30.468,1,,0.68,20,1,False,False,Battle Defensive
Bahrain,Power,21,VER,Max Verstappen,Red Bull,95.206,28.717,33.668,32.821,1,,1.92,21,1,False,False,Clean Air
Bahrain,Power,22,VER,Max Verstappen,Red Bull,95.381,29.479,33.937,31.965,1,,2.83,22,1,False,False,Clean Air
Bahrain,Power,23,VER,Max Verstappen,Red Bull,95.59,32.259,32.07,31.261,1,,0.48,23,1,False,False,Battle Defensive
Bahrain,Power,24,VER,Max Verstappen,Red Bull,95.417,31.973,32.472,30.971,1,,6.47,24,1,False,False,Clean Air
Bahrain,Power,25,VER,Max Verstappen,Red Bull,116.611,37.454,39.61,39.547,1,,2.03,1,2,True,False,Clean Air
Bahrain,Power,26,VER,Max Verstappen,Red Bull,94.948,31.892,34.702,28.355,1,,1.04,2,2,False,False,Battle Defensive
Bahrain,Power,27,VER,Max Verstappen,Red Bull,94.528,28.97,34.592,30.967,1,,3.78,3,2,False,False,Clean Air
Bahrain,Power,28,VER,Max Verstappen,Red Bull,94.684,31.026,33.715,29.943,1,,2.33,4,2,False,False,Clean Air
Bahrain,Power,29,VER,Max Verstappen,Red Bull,94.767,29.664,34.103,31.001,1,,0.63,5,2,False,False,Battle Defensive
Bahrain,Power,30,VER,Max Verstappen,Red Bull,94.796,30.594,31.638,32.564,1,,2.68,6,2,False,False,Clean Air
Bahrain,Power,31,VER,Max Verstappen,Red Bull,94.766,31.811,33.665,29.29,1,,0.7,7,2,False,False,Battle Defensive
Bahrain,Power,32,VER,Max Verstappen,Red Bull,95.189,30.432,32.156,32.601,1,,3.96,8,2,False,False,Clean Air
Bahrain,Power,33,VER,Max Verstappen,Red Bull,94.715,31.978,34.87,27.868,1,,3.2,9,2,False,False,Clean Air
Bahrain,Power,34,VER,Max Verstappen,Red Bull,94.883,32.134,34.969,27.781,1,,6.16,10,2,False,False,Clean Air
Bahrain,Power,35,VER,Max Verstappen,Red Bull,94.826,31.676,32.495,30.655,1,,4.79,11,2,False,False,Clean Air
Bahrain,Power,36,VER,Max Verstappen,Red Bull,95.187,31.206,33.582,30.399,1,,0.46,12,2,False,False,Battle Defensive
Bahrain,Power,37,VER,Max Verstappen,Red Bull,94.911,29.005,33.288,32.617,1,,11.53,13,2,False,False,Clean Air
Bahrain,Power,38,VER,Max Verstappen,Red Bull,95.136,31.214,32.763,31.159,1,,2.99,14,2,False,False,Clean Air
Bahrain,Power,39,VER,Max Verstappen,Red Bull,95.018,31.801,34.827,28.39,1,,4.15,15,2,False,False,Clean Air
Bahrain,Power,40,VER,Max Verstappen,Red Bull,95.66,31.185,34.254,30.221,1,,4.0,16,2,False,False,Clean Air
Bahrain,Power,41,VER,Max Verstappen,Red Bull,95.207,30.764,31.555,32.888,1,,1.03,17,2,False,False,Battle Defensive
Bahrain,Power,42,VER,Max Verstappen,Red Bull,94.979,30.738,31.459,32.782,1,,1.57,18,2,False,False,Clean Air
Bahrain,Power,43,VER,Max Verstappen,Red Bull,95.432,29.115,33.486,32.831,1,,0.1,19,2,False,False,Battle Defensive
Bahrain,Power,44,VER,Max Verstappen,Red Bull,95.392,28.943,31.676,34.772,1,,2.44,20,2,False,False,Clean Air
Bahrain,Power,45,VER,Max Verstappen,Red Bull,95.63,29.924,34.6,31.106,2,2.54,3.24,21,2,False,False,DRS Train
Bahrain,Power,46,VER,Max Verstappen,Red Bull,95.359,28.704,35.14,31.514,1,,0.79,22,2,False,False,Battle Defensive
Bahrain,Power,47,VER,Max Verstappen,Red Bull,95.595,29.635,33.647,32.313,1,,1.31,23,2,False,False,Battle Defensive
Bahrain,Power,48,VER,Max Verstappen,Red Bull,95.29,32.226,34.258,28.805,1,,3.13,24,2,False,False,Clean Air
Bahrain,Power,49,VER,Max Verstappen,Red Bull,95.321,29.541,32.813,32.967,1,,2.02,25,2,False,False,Clean Air
Bahrain,Power,50,VER,Max Verstappen,Red Bull,95.6,30.493,31.922,33.185,1,,3.55,26,2,False,False,Clean Air
Bahrain,Power,51,VER,Max Verstappen,Red Bull,95.405,30.277,33.004,32.123,1,,1.69,27,2,False,False,Clean Air
Bahrain,Power,52,VER,Max Verstappen,Red Bull,95.561,30.1,33.927,31.533,1,,2.39,28,2,False,False,Clean Air
Bahrain,Power,53,VER,Max Verstappen,Red Bull,95.715,29.338,31.856,34.52,1,,1.75,29,2,False,False,Clean Air
Bahrain,Power,54,VER,Max Verstappen,Red Bull,95.709,32.312,33.787,29.61,1,,2.57,30,2,False,False,Clean Air
Bahrain,Power,55,VER,Max Verstappen,Red Bull,96.021,30.902,35.303,29.816,1,,1.23,31,2,False,False,Battle Defensive
Bahrain,Power,56,VER,Max Verstappen,Red Bull,95.765,29.48,31.868,34.417,1,,5.89,32,2,False,False,Clean Air
Bahrain,Power,57,VER,Max Verstappen,Red Bull,95.947,28.873,34.788,32.285,1,,0.18,33,2,False,False,Battle Defensive
Bahrain,Power,1,NOR,Lando Norris,McLaren,95.388,31.964,34.283,29.141,2,0.83,0.31,1,1,False,False,Battle Offensive
Bahrain,Power,2,NOR,Lando Norris,McLaren,94.645,31.333,32.523,30.789,2,0.49,3.47,2,1,False,False,Battle Offensive
Bahrain,Power,3,NOR,Lando Norris,McLaren,95.036,31.379,31.754,31.903,2,6.68,4.89,3,1,False,False,Clean Air
Bahrain,Power,4,NOR,Lando Norris,McLaren,94.721,31.809,32.732,30.179,2,5.82,1.76,4,1,False,False,Clean Air
Bahrain,Power,5,NOR,Lando Norris,McLaren,94.848,32.059,34.906,27.883,2,0.1,5.89,5,1,False,False,Battle Offensive
Bahrain,Power,6,NOR,Lando Norris,McLaren,95.548,31.54,34.556,29.452,2,1.49,0.87,6,1,False,False,Battle Offensive
Bahrain,Power,7,NOR,Lando Norris,McLaren,94.998,30.588,33.027,31.383,2,3.9,0.24,7,1,False,False,Battle Defensive
Bahrain,Power,8,NOR,Lando Norris,McLaren,95.443,29.019,31.817,34.607,2,0.31,0.39,8,1,False,False,Battle Offensive
Bahrain,Power,9,NOR,Lando Norris,McLaren,95.503,28.962,31.84,34.701,2,3.02,0.19,9,1,False,False,Battle Defensive
Bahrain,Power,10,NOR,Lando Norris,McLaren,94.968,31.352,32.769,30.847,2,7.36,10.67,10,1,False,False,Clean Air
Bahrain,Power,11,NOR,Lando Norris,McLaren,95.358,29.032,33.347,32.979,1,,5.92,11,1,False,False,Clean Air
Bahrain,Power,12,NOR,Lando Norris,McLaren,95.347,31.45,33.69,30.208,2,0.14,0.32,12,1,False,False,Battle Offensive
Bahrain,Power,13,NOR,Lando Norris,McLaren,95.383,29.468,35.151,30.764,2,8.19,1.17,13,1,False,False,Battle Defensive
Bahrain,Power,14,NOR,Lando Norris,McLaren,95.408,31.024,34.14,30.244,2,0.19,2.02,14,1,False,False,Battle Offensive
Bahrain,Power,15,NOR,Lando Norris,McLaren,95.501,28.824,32.589,34.089,2,1.52,2.47,15,1,False,False,DRS Train
Bahrain,Power,16,NOR,Lando Norris,McLaren,94.837,30.665,31.591,32.581,3,0.81,0.52,16,1,False,False,Battle Offensive
Bahrain,Power,17,NOR,Lando Norris,McLaren,95.388,29.798,34.583,31.008,2,9.16,10.71,17,1,False,False,Clean Air
Bahrain,Power,18,NOR,Lando Norris,McLaren,95.769,32.304,34.922,28.544,2,2.89,0.44,18,1,False,False,Battle Defensive
Bahrain,Power,19,NOR,Lando Norris,McLaren,95.113,32.224,34.591,28.298,2,10.91,0.41,19,1,False,False,Battle Defensive
Bahrain,Power,20,NOR,Lando Norris,McLaren,95.177,28.768,34.701,31.709,2,4.56,1.58,20,1,False,False,Clean Air
Bahrain,Power,21,NOR,Lando Norris,McLaren,95.491,31.585,35.121,28.786,2,4.19,20.43,21,1,False,False,Clean Air
Bahrain,Power,22,NOR,Lando Norris,McLaren,95.504,32.296,33.832,29.376,2,4.74,0.71,22,1,False,False,Battle Defensive
Bahrain,Power,23,NOR,Lando Norris,McLaren,116.767,37.46,42.14,37.166,2,2.41,1.11,1,2,True,False,Battle Defensive
Bahrain,Power,24,NOR,Lando Norris,McLaren,95.409,31.968,33.025,30.416,2,1.84,4.78,2,2,False,False,DRS Train
Bahrain,Power,25,NOR,Lando Norris,McLaren,95.445,30.131,33.167,32.147,2,3.04,0.6,3,2,False,False,Battle Defensive
Bahrain,Power,26,NOR,Lando Norris,McLaren,95.275,30.094,33.811,31.37,2,5.86,1.07,4,2,False,False,Battle Defensive
Bahrain,Power,27,NOR,Lando Norris,McLaren,94.622,30.784,32.134,31.704,2,1.54,9.78,5,2,False,False,DRS Train
Bahrain,Power,28,NOR,Lando Norris,McLaren,94.919,29.166,32.636,33.117,2,0.2,0.34,6,2,False,False,Battle Offensive
Bahrain,Power,29,NOR,Lando Norris,McLaren,95.157,29.221,31.74,34.197,2,2.75,0.47,7,2,False,False,Battle Defensive
Bahrain,Power,30,NOR,Lando Norris,McLaren,94.781,30.343,33.895,30.543,2,0.32,1.54,8,2,False,False,Battle Offensive
Bahrain,Power,31,NOR,Lando Norris,McLaren,95.047,28.746,32.418,33.882,2,5.17,6.34,9,2,False,False,Clean Air
Bahrain,Power,32,NOR,Lando Norris,McLaren,95.304,30.948,32.857,31.499,2,0.51,0.59,10,2,False,False,Battle Offensive
Bahrain,Power,33,NOR,Lando Norris,McLaren,95.236,31.981,33.377,29.878,1,,1.55,11,2,False,False,Clean Air
Bahrain,Power,34,NOR,Lando Norris,McLaren,94.997,29.42,32.372,33.204,2,1.9,0.28,12,2,False,False,Battle Defensive
Bahrain,Power,35,NOR,Lando Norris,McLaren,95.168,31.94,33.665,29.563,2,0.97,0.59,13,2,False,False,Battle Offensive
Bahrain,Power,36,NOR,Lando Norris,McLaren,95.136,30.585,33.628,30.923,2,2.84,3.89,14,2,False,False,DRS Train
Bahrain,Power,37,NOR,Lando Norris,McLaren,96.042,31.005,33.062,31.975,2,0.34,0.83,15,2,False,False,Battle Offensive
Bahrain,Power,38,NOR,Lando Norris,McLaren,95.228,29.151,32.362,33.715,2,10.77,2.33,16,2,False,False,Clean Air
Bahrain,Power,39,NOR,Lando Norris,McLaren,95.249,31.991,31.738,31.52,2,0.44,0.52,17,2,False,False,Battle Offensive
Bahrain,Power,40,NOR,Lando Norris,McLaren,95.487,29.074,33.03,33.383,1,,10.1,18,2,False,False,Clean Air
Bahrain,Power,41,NOR,Lando Norris,McLaren,95.753,30.915,32.671,32.167,2,0.47,2.76,19,2,False,False,Battle Offensive
Bahrain,Power,42,NOR,Lando Norris,McLaren,95.081,30.455,32.299,32.327,2,3.67,0.52,20,2,False,False,Battle Defensive
Bahrain,Power,43,NOR,Lando Norris,McLaren,95.51,30.688,31.716,33.106,2,0.85,2.18,21,2,False,False,Battle Offensive
Bahrain,Power,44,NOR,Lando Norris,McLaren,95.755,29.702,34.209,31.844,2,1.03,0.36,22,2,False,False,Battle Offensive
Bahrain,Power,45,NOR,Lando Norris,McLaren,96.144,32.037,35.439,28.668,2,1.59,1.33,23,2,False,False,Battle Defensive
Bahrain,Power,46,NOR,Lando Norris,McLaren,95.778,30.934,34.832,30.012,2,0.33,3.28,24,2,False,False,Battle Offensive
Bahrain,Power,47,NOR,Lando Norris,McLaren,95.863,31.31,33.641,30.913,2,0.56,0.45,25,2,False,False,Battle Offensive
Bahrain,Power,48,NOR,Lando Norris,McLaren,95.988,30.483,33.123,32.382,2,1.11,5.24,26,2,False,False,Battle Offensive
Bahrain,Power,49,NOR,Lando Norris,McLaren,95.67,29.59,35.014,31.067,2,3.44,1.75,27,2,False,False,Clean Air
Bahrain,Power,50,NOR,Lando Norris,McLaren,95.392,29.064,35.065,31.263,2,5.92,2.45,28,2,False,False,Clean Air
Bahrain,Power,51,NOR,Lando Norris,McLaren,96.346,32.349,34.833,29.164,2,0.37,3.95,29,2,False,False,Battle Offensive
Bahrain,Power,52,NOR,Lando Norris,McLaren,95.979,28.922,33.861,33.195,3,0.41,0.93,30,2,False,False,Battle Offensive
Bahrain,Power,53,NOR,Lando Norris,McLaren,96.073,31.886,32.28,31.907,2,1.05,4.3,31,2,False,False,Battle Offensive
Bahrain,Power,54,NOR,Lando Norris,McLaren,96.591,31.658,33.972,30.961,2,0.65,3.2,32,2,False,False,Battle Offensive
Bahrain,Power,55,NOR,Lando Norris,McLaren,95.525,30.423,35.143,29.959,2,0.5,5.98,33,2,False,False,Battle Offensive
Bahrain,Power,56,NOR,Lando Norris,McLaren,96.649,29.065,35.266,32.318,2,0.42,2.21,34,2,False,False,Battle Offensive
Bahrain,Power,57,NOR,Lando Norris,McLaren,96.137,31.057,34.058,31.022,2,2.98,6.39,35,2,False,False,DRS Train
Bahrain,Power,1,LEC,Charles Leclerc,Ferrari,94.719,32.147,34.436,28.136,4,1.38,3.33,1,1,False,False,Battle Offensive
Bahrain,Power,2,LEC,Charles Leclerc,Ferrari,95.125,31.593,31.409,32.124,4,2.24,1.27,2,1,False,False,Battle Defensive
Bahrain,Power,3,LEC,Charles Leclerc,Ferrari,95.177,29.872,32.729,32.576,4,1.01,1.27,3,1,False,False,Battle Offensive
Bahrain,Power,4,LEC,Charles Leclerc,Ferrari,95.286,30.485,33.041,31.76,4,0.64,1.51,4,1,False,False,Battle Offensive
Bahrain,Power,5,LEC,Charles Leclerc,Ferrari,95.719,28.766,34.128,32.825,4,6.16,1.13,5,1,False,False,Battle Defensive
Bahrain,Power,6,LEC,Charles Leclerc,Ferrari,95.606,28.938,34.418,32.25,4,0.22,14.42,6,1,False,False,Battle Offensive
Bahrain,Power,7,LEC,Charles Leclerc,Ferrari,94.923,28.616,33.117,33.19,4,0.59,5.71,7,1,False,False,Battle Offensive
Bahrain,Power,8,LEC,Charles Leclerc,Ferrari,95.019,30.499,33.032,31.489,4,3.74,1.51,8,1,False,False,Clean Air
Bahrain,Power,9,LEC,Charles Leclerc,Ferrari,94.507,30.787,32.733,30.988,4,0.42,0.5,9,1,False,False,Battle Offensive
Bahrain,Power,10,LEC,Charles Leclerc,Ferrari,95.792,28.841,32.462,34.489,4,0.1,0.42,10,1,False,False,Battle Offensive
Bahrain,Power,11,LEC,Charles Leclerc,Ferrari,94.989,30.977,32.251,31.761,4,0.1,0.27,11,1,False,False,Battle Offensive
Bahrain,Power,12,LEC,Charles Leclerc,Ferrari,95.615,31.86,33.072,30.683,4,0.26,0.7,12,1,False,False,Battle Offensive
Bahrain,Power,13,LEC,Charles Leclerc,Ferrari,95.606,30.294,34.964,30.349,4,0.87,5.67,13,1,False,False,Battle Offensive
Bahrain,Power,14,LEC,Charles Leclerc,Ferrari,94.953,30.728,32.353,31.873,4,4.25,1.05,14,1,False,False,Battle Defensive
Bahrain,Power,15,LEC,Charles Leclerc,Ferrari,95.861,31.686,32.171,32.003,4,2.01,1.43,15,1,False,False,Battle Defensive
Bahrain,Power,16,LEC,Charles Leclerc,Ferrari,95.341,30.224,31.548,33.569,4,5.07,1.67,16,1,False,False,Clean Air
Bahrain,Power,17,LEC,Charles Leclerc,Ferrari,95.522,29.189,34.713,31.621,4,0.78,1.95,17,1,False,False,Battle Offensive
Bahrain,Power,18,LEC,Charles Leclerc,Ferrari,95.724,29.767,33.711,32.247,4,0.47,0.79,18,1,False,False,Battle Offensive
Bahrain,Power,19,LEC,Charles Leclerc,Ferrari,95.725,31.017,34.136,30.572,4,2.63,4.43,19,1,False,False,DRS Train
Bahrain,Power,20,LEC,Charles Leclerc,Ferrari,95.596,28.995,33.853,32.747,4,1.83,0.12,20,1,False,False,Battle Defensive
Bahrain,Power,21,LEC,Charles Leclerc,Ferrari,95.209,31.301,32.551,31.357,4,0.7,1.23,21,1,False,False,Battle Offensive
Bahrain,Power,22,LEC,Charles Leclerc,Ferrari,95.983,28.915,32.681,34.387,4,2.72,6.9,22,1,False,False,DRS Train
Bahrain,Power,23,LEC,Charles Leclerc,Ferrari,96.246,30.16,34.729,31.356,4,2.26,0.13,23,1,False,False,Battle Defensive
Bahrain,Power,24,LEC,Charles Leclerc,Ferrari,96.355,31.987,34.474,29.893,4,2.92,1.43,24,1,False,False,Battle Defensive
Bahrain,Power,25,LEC,Charles Leclerc,Ferrari,116.734,39.304,39.161,38.27,4,0.79,2.23,1,2,True,False,Battle Offensive
Bahrain,Power,26,LEC,Charles Leclerc,Ferrari,95.182,31.625,33.918,29.638,4,0.51,1.95,2,2,False,False,Battle Offensive
Bahrain,Power,27,LEC,Charles Leclerc,Ferrari,94.61,29.22,34.959,30.431,4,2.95,4.73,3,2,False,False,DRS Train
Bahrain,Power,28,LEC,Charles Leclerc,Ferrari,94.804,31.947,34.968,27.889,4,0.5,2.1,4,2,False,False,Battle Offensive
Bahrain,Power,29,LEC,Charles Leclerc,Ferrari,94.885,29.677,34.458,30.75,4,7.22,1.61,5,2,False,False,Clean Air
Bahrain,Power,30,LEC,Charles Leclerc,Ferrari,94.971,28.784,33.985,32.202,4,0.1,2.27,6,2,False,False,Battle Offensive
Bahrain,Power,31,LEC,Charles Leclerc,Ferrari,95.389,29.833,33.866,31.69,4,0.17,0.95,7,2,False,False,Battle Offensive
Bahrain,Power,32,LEC,Charles Leclerc,Ferrari,95.015,32.073,34.391,28.551,4,5.43,2.39,8,2,False,False,Clean Air
Bahrain,Power,33,LEC,Charles Leclerc,Ferrari,95.527,30.492,33.922,31.114,4,15.46,1.08,9,2,False,False,Battle Defensive
Bahrain,Power,34,LEC,Charles Leclerc,Ferrari,95.441,29.986,32.592,32.863,4,1.37,3.34,10,2,False,False,Battle Offensive
Bahrain,Power,35,LEC,Charles Leclerc,Ferrari,95.385,30.082,34.07,31.233,4,0.88,0.67,11,2,False,False,Battle Offensive
Bahrain,Power,36,LEC,Charles Leclerc,Ferrari,95.121,30.87,32.026,32.225,4,7.24,1.57,12,2,False,False,Clean Air
Bahrain,Power,37,LEC,Charles Leclerc,Ferrari,95.272,29.422,32.15,33.7,4,2.34,1.8,13,2,False,False,DRS Train
Bahrain,Power,38,LEC,Charles Leclerc,Ferrari,95.556,31.327,32.122,32.107,4,3.78,1.08,14,2,False,False,Battle Defensive
Bahrain,Power,39,LEC,Charles Leclerc,Ferrari,96.01,29.154,35.053,31.803,4,0.63,1.92,15,2,False,False,Battle Offensive
Bahrain,Power,40,LEC,Charles Leclerc,Ferrari,95.669,31.208,33.679,30.782,4,0.77,0.35,16,2,False,False,Battle Offensive
Bahrain,Power,41,LEC,Charles Leclerc,Ferrari,95.418,28.935,32.328,34.155,4,1.17,0.75,17,2,False,False,Battle Offensive
Bahrain,Power,42,LEC,Charles Leclerc,Ferrari,95.919,30.62,33.926,31.373,4,2.87,0.2,18,2,False,False,Battle Defensive
Bahrain,Power,43,LEC,Charles Leclerc,Ferrari,95.804,31.797,34.139,29.868,4,2.83,2.09,19,2,False,False,DRS Train
Bahrain,Power,44,LEC,Charles Leclerc,Ferrari,95.628,31.356,34.159,30.113,4,4.75,5.05,20,2,False,False,Clean Air
Bahrain,Power,45,LEC,Charles Leclerc,Ferrari,95.597,29.961,34.39,31.246,4,2.41,3.49,21,2,False,False,DRS Train
Bahrain,Power,46,LEC,Charles Leclerc,Ferrari,95.489,28.671,32.608,34.21,4,4.46,1.77,22,2,False,False,Clean Air
Bahrain,Power,47,LEC,Charles Leclerc,Ferrari,95.988,31.791,32.087,32.111,4,2.5,0.75,23,2,False,False,Battle Defensive
Bahrain,Power,48,LEC,Charles Leclerc,Ferrari,95.623,31.107,35.12,29.396,5,3.58,1.95,24,2,False,False,Clean Air
Bahrain,Power,49,LEC,Charles Leclerc,Ferrari,95.861,29.912,34.349,31.599,4,0.27,6.92,25,2,False,False,Battle Offensive
Bahrain,Power,50,LEC,Charles Leclerc,Ferrari,95.657,31.599,31.661,32.398,4,1.06,2.42,26,2,False,False,Battle Offensive
Bahrain,Power,51,LEC,Charles Leclerc,Ferrari,96.235,31.501,33.474,31.26,4,0.1,0.98,27,2,False,False,Battle Offensive
Bahrain,Power,52,LEC,Charles Leclerc,Ferrari,95.346,28.918,34.06,32.369,4,0.45,3.96,28,2,False,False,Battle Offensive
Bahrain,Power,53,LEC,Charles Leclerc,Ferrari,96.141,30.456,34.182,31.503,4,2.66,0.8,29,2,False,False,Battle Defensive
Bahrain,Power,54,LEC,Charles Leclerc,Ferrari,95.902,29.588,31.767,34.547,4,10.33,1.32,30,2,False,False,Battle Defensive
Bahrain,Power,55,LEC,Charles Leclerc,Ferrari,96.409,32.656,32.53,31.222,4,2.64,1.15,31,2,False,False,Battle Defensive
Bahrain,Power,56,LEC,Charles Leclerc,Ferrari,96.042,31.736,34.1,30.206,4,3.68,4.66,32,2,False,False,Clean Air
Bahrain,Power,57,LEC,Charles Leclerc,Ferrari,96.128,29.289,32.203,34.635,4,3.98,1.64,33,2,False,False,Clean Air
Bahrain,Power,1,SAI,Carlos Sainz,Ferrari,95.339,29.628,34.503,31.208,7,0.56,1.69,1,1,False,False,Battle Offensive
Bahrain,Power,2,SAI,Carlos Sainz,Ferrari,94.379,30.579,32.246,31.554,7,0.93,1.52,2,1,False,False,Battle Offensive
Bahrain,Power,3,SAI,Carlos Sainz,Ferrari,94.913,29.393,35.067,30.453,7,3.78,0.1,3,1,False,False,Battle Defensive
Bahrain,Power,4,SAI,Carlos Sainz,Ferrari,95.572,30.811,31.576,33.185,7,0.38,1.73,4,1,False,False,Battle Offensive
Bahrain,Power,5,SAI,Carlos Sainz,Ferrari,94.519,30.501,33.798,30.22,7,0.23,1.08,5,1,False,False,Battle Offensive
Bahrain,Power,6,SAI,Carlos Sainz,Ferrari,95.643,28.814,35.144,31.685,7,4.03,0.56,6,1,False,False,Battle Defensive
Bahrain,Power,7,SAI,Carlos Sainz,Ferrari,94.908,31.183,34.363,29.361,7,3.09,5.12,7,1,False,False,Clean Air
Bahrain,Power,8,SAI,Carlos Sainz,Ferrari,95.445,30.36,33.954,31.131,7,0.21,5.63,8,1,False,False,Battle Offensive
Bahrain,Power,9,SAI,Carlos Sainz,Ferrari,94.994,31.811,32.181,31.002,7,1.87,3.29,9,1,False,False,DRS Train
Bahrain,Power,10,SAI,Carlos Sainz,Ferrari,95.347,29.475,35.264,30.607,7,2.69,1.72,10,1,False,False,DRS Train
Bahrain,Power,11,SAI,Carlos Sainz,Ferrari,95.306,28.867,31.568,34.871,7,9.2,2.63,11,1,False,False,Clean Air
Bahrain,Power,12,SAI,Carlos Sainz,Ferrari,95.631,31.53,33.186,30.915,7,0.74,1.55,12,1,False,False,Battle Offensive
Bahrain,Power,13,SAI,Carlos Sainz,Ferrari,95.224,30.238,34.186,30.8,7,10.99,0.1,13,1,False,False,Battle Defensive
Bahrain,Power,14,SAI,Carlos Sainz,Ferrari,95.469,29.698,33.767,32.004,7,1.67,5.17,14,1,False,False,DRS Train
Bahrain,Power,15,SAI,Carlos Sainz,Ferrari,95.902,29.46,32.559,33.883,7,3.3,0.35,15,1,False,False,Battle Defensive
Bahrain,Power,16,SAI,Carlos Sainz,Ferrari,95.829,29.696,34.961,31.171,7,8.89,0.5,16,1,False,False,Battle Defensive
Bahrain,Power,17,SAI,Carlos Sainz,Ferrari,94.99,32.18,32.328,30.482,7,1.11,2.25,17,1,False,False,Battle Offensive
Bahrain,Power,18,SAI,Carlos Sainz,Ferrari,95.64,32.402,33.297,29.941,7,2.67,0.98,18,1,False,False,Battle Defensive
Bahrain,Power,19,SAI,Carlos Sainz,Ferrari,95.097,30.877,34.071,30.15,7,1.03,4.41,19,1,False,False,Battle Offensive
Bahrain,Power,20,SAI,Carlos Sainz,Ferrari,96.136,32.087,34.823,29.226,7,0.46,0.46,20,1,False,False,Battle Offensive
Bahrain,Power,21,SAI,Carlos Sainz,Ferrari,95.799,30.775,35.203,29.821,7,0.58,0.3,21,1,False,False,Battle Offensive
Bahrain,Power,22,SAI,Carlos Sainz,Ferrari,95.93,29.992,33.603,32.335,7,0.1,0.33,22,1,False,False,Battle Offensive
Bahrain,Power,23,SAI,Carlos Sainz,Ferrari,96.089,29.364,31.825,34.901,7,1.52,1.81,23,1,False,False,DRS Train
Bahrain,Power,24,SAI,Carlos Sainz,Ferrari,95.769,32.446,31.963,31.359,7,0.92,3.05,24,1,False,False,Battle Offensive
Bahrain,Power,25,SAI,Carlos Sainz,Ferrari,96.488,32.592,34.478,29.418,7,5.07,0.49,25,1,False,False,Battle Defensive
Bahrain,Power,26,SAI,Carlos Sainz,Ferrari,96.042,28.929,35.27,31.842,7,1.72,2.4,26,1,False,False,DRS Train
Bahrain,Power,27,SAI,Carlos Sainz,Ferrari,96.602,29.392,34.421,32.789,7,0.61,2.69,27,1,False,False,Battle Offensive
Bahrain,Power,28,SAI,Carlos Sainz,Ferrari,96.112,32.181,34.725,29.206,7,18.6,0.12,28,1,False,False,Battle Defensive
Bahrain,Power,29,SAI,Carlos Sainz,Ferrari,117.323,38.988,42.294,36.041,7,5.27,1.29,1,2,True,False,Battle Defensive
Bahrain,Power,30,SAI,Carlos Sainz,Ferrari,95.01,30.572,31.375,33.063,7,4.0,1.43,2,2,False,False,Battle Defensive
Bahrain,Power,31,SAI,Carlos Sainz,Ferrari,94.555,29.265,32.615,32.675,7,1.26,2.97,3,2,False,False,Battle Offensive
Bahrain,Power,32,SAI,Carlos Sainz,Ferrari,95.628,31.058,33.33,31.24,6,0.64,0.19,4,2,False,False,Battle Offensive
Bahrain,Power,33,SAI,Carlos Sainz,Ferrari,94.773,30.631,33.298,30.844,7,1.83,1.63,5,2,False,False,DRS Train
Bahrain,Power,34,SAI,Carlos Sainz,Ferrari,95.29,32.229,31.515,31.546,7,2.34,3.62,6,2,False,False,DRS Train
Bahrain,Power,35,SAI,Carlos Sainz,Ferrari,95.094,30.376,32.358,32.36,7,0.7,6.54,7,2,False,False,Battle Offensive
Bahrain,Power,36,SAI,Carlos Sainz,Ferrari,95.597,29.87,33.881,31.847,7,0.84,0.92,8,2,False,False,Battle Offensive
Bahrain,Power,37,SAI,Carlos Sainz,Ferrari,95.592,29.371,33.553,32.667,7,1.33,0.32,9,2,False,False,Battle Offensive
Bahrain,Power,38,SAI,Carlos Sainz,Ferrari,95.128,32.202,33.232,29.693,7,3.09,0.28,10,2,False,False,Battle Defensive
Bahrain,Power,39,SAI,Carlos Sainz,Ferrari,95.655,31.831,34.949,28.875,7,0.11,2.51,11,2,False,False,Battle Offensive
Bahrain,Power,40,SAI,Carlos Sainz,Ferrari,95.539,31.871,34.967,28.7,7,0.65,0.6,12,2,False,False,Battle Offensive
Bahrain,Power,41,SAI,Carlos Sainz,Ferrari,95.253,31.119,31.797,32.336,7,3.79,0.8,13,2,False,False,Battle Defensive
Bahrain,Power,42,SAI,Carlos Sainz,Ferrari,95.199,31.366,34.701,29.132,7,2.44,1.5,14,2,False,False,DRS Train
Bahrain,Power,43,SAI,Carlos Sainz,Ferrari,95.722,29.605,33.085,33.032,7,0.1,2.57,15,2,False,False,Battle Offensive
Bahrain,Power,44,SAI,Carlos Sainz,Ferrari,95.531,30.296,34.267,30.968,8,2.26,1.72,16,2,False,False,DRS Train
Bahrain,Power,45,SAI,Carlos Sainz,Ferrari,95.787,29.604,32.97,33.213,7,0.8,0.21,17,2,False,False,Battle Offensive
Bahrain,Power,46,SAI,Carlos Sainz,Ferrari,95.344,31.96,33.946,29.439,7,0.18,1.83,18,2,False,False,Battle Offensive
Bahrain,Power,47,SAI,Carlos Sainz,Ferrari,96.137,30.63,31.956,33.55,7,1.01,2.77,19,2,False,False,Battle Offensive
Bahrain,Power,48,SAI,Carlos Sainz,Ferrari,95.6,29.448,33.597,32.554,7,2.07,7.9,20,2,False,False,DRS Train
Bahrain,Power,49,SAI,Carlos Sainz,Ferrari,95.845,32.308,32.528,31.008,7,3.53,1.07,21,2,False,False,Battle Defensive
Bahrain,Power,50,SAI,Carlos Sainz,Ferrari,96.071,30.823,34.1,31.148,7,1.27,0.41,22,2,False,False,Battle Offensive
Bahrain,Power,51,SAI,Carlos Sainz,Ferrari,95.951,28.924,32.827,34.2,7,0.34,4.37,23,2,False,False,Battle Offensive
Bahrain,Power,52,SAI,Carlos Sainz,Ferrari,95.657,30.216,33.278,32.163,7,0.76,1.12,24,2,False,False,Battle Offensive
Bahrain,Power,53,SAI,Carlos Sainz,Ferrari,96.221,32.685,35.03,28.506,7,6.3,1.72,25,2,False,False,Clean Air
Bahrain,Power,54,SAI,Carlos Sainz,Ferrari,96.011,31.838,32.854,31.32,7,1.2,5.26,26,2,False,False,Battle Offensive
Bahrain,Power,55,SAI,Carlos Sainz,Ferrari,95.909,30.101,35.393,30.416,7,0.21,1.29,27,2,False,False,Battle Offensive
Bahrain,Power,56,SAI,Carlos Sainz,Ferrari,96.134,31.171,34.665,30.297,7,0.36,4.95,28,2,False,False,Battle Offensive
Bahrain,Power,57,SAI,Carlos Sainz,Ferrari,95.82,30.155,31.882,33.783,7,0.48,1.75,29,2,False,False,Battle Offensive
Bahrain,Power,1,HAM,Lewis Hamilton,Mercedes,95.057,30.188,31.77,33.098,3,8.44,1.42,1,1,False,False,Battle Defensive
Bahrain,Power,2,HAM,Lewis Hamilton,Mercedes,95.428,29.209,31.726,34.494,3,2.56,0.61,2,1,False,False,Battle Defensive
Bahrain,Power,3,HAM,Lewis Hamilton,Mercedes,95.289,32.336,32.357,30.596,3,0.15,13.18,3,1,False,False,Battle Offensive
Bahrain,Power,4,HAM,Lewis Hamilton,Mercedes,94.953,31.115,31.571,32.267,3,0.38,0.32,4,1,False,False,Battle Offensive
Bahrain,Power,5,HAM,Lewis Hamilton,Mercedes,95.0,29.664,33.721,31.616,3,4.2,2.39,5,1,False,False,Clean Air
Bahrain,Power,6,HAM,Lewis Hamilton,Mercedes,95.082,29.923,32.952,32.207,2,0.35,5.44,6,1,False,False,Battle Offensive
Bahrain,Power,7,HAM,Lewis Hamilton,Mercedes,94.997,28.572,32.336,34.089,3,4.39,3.31,7,1,False,False,Clean Air
Bahrain,Power,8,HAM,Lewis Hamilton,Mercedes,95.067,28.566,32.289,34.211,2,3.57,0.37,8,1,False,False,Battle Defensive
Bahrain,Power,9,HAM,Lewis Hamilton,Mercedes,95.568,29.045,33.404,33.119,3,0.29,1.98,9,1,False,False,Battle Offensive
Bahrain,Power,10,HAM,Lewis Hamilton,Mercedes,95.583,30.112,33.051,32.42,3,0.41,0.98,10,1,False,False,Battle Offensive
Bahrain,Power,11,HAM,Lewis Hamilton,Mercedes,95.21,31.56,32.62,31.03,3,5.57,7.77,11,1,False,False,Clean Air
Bahrain,Power,12,HAM,Lewis Hamilton,Mercedes,96.024,31.34,35.126,29.558,3,0.73,4.6,12,1,False,False,Battle Offensive
Bahrain,Power,13,HAM,Lewis Hamilton,Mercedes,95.303,29.163,34.261,31.879,3,2.53,2.38,13,1,False,False,DRS Train
Bahrain,Power,14,HAM,Lewis Hamilton,Mercedes,95.45,28.907,31.545,34.998,4,0.11,0.22,14,1,False,False,Battle Offensive
Bahrain,Power,15,HAM,Lewis Hamilton,Mercedes,95.206,29.894,34.368,30.944,3,7.84,3.34,15,1,False,False,Clean Air
Bahrain,Power,16,HAM,Lewis Hamilton,Mercedes,95.858,29.774,31.713,34.371,3,2.71,0.51,16,1,False,False,Battle Defensive
Bahrain,Power,17,HAM,Lewis Hamilton,Mercedes,95.449,30.983,34.456,30.01,3,2.45,1.2,17,1,False,False,Battle Defensive
Bahrain,Power,18,HAM,Lewis Hamilton,Mercedes,95.57,32.417,33.839,29.314,3,2.58,1.89,18,1,False,False,DRS Train
Bahrain,Power,19,HAM,Lewis Hamilton,Mercedes,95.633,29.18,32.853,33.6,3,4.18,2.67,19,1,False,False,Clean Air
Bahrain,Power,20,HAM,Lewis Hamilton,Mercedes,95.411,32.008,33.95,29.452,3,1.45,2.37,20,1,False,False,Battle Offensive
Bahrain,Power,21,HAM,Lewis Hamilton,Mercedes,95.792,31.631,33.376,30.785,3,0.84,4.23,21,1,False,False,Battle Offensive
Bahrain,Power,22,HAM,Lewis Hamilton,Mercedes,95.786,29.416,33.698,32.673,3,3.75,2.67,22,1,False,False,Clean Air
Bahrain,Power,23,HAM,Lewis Hamilton,Mercedes,95.957,31.6,33.747,30.61,3,4.26,0.6,23,1,False,False,Battle Defensive
Bahrain,Power,24,HAM,Lewis Hamilton,Mercedes,95.722,31.354,34.932,29.436,3,2.23,1.78,24,1,False,False,DRS Train
Bahrain,Power,25,HAM,Lewis Hamilton,Mercedes,95.993,31.87,32.461,31.662,3,0.44,1.55,25,1,False,False,Battle Offensive
Bahrain,Power,26,HAM,Lewis Hamilton,Mercedes,95.763,30.09,34.604,31.069,3,2.02,3.3,26,1,False,False,DRS Train
Bahrain,Power,27,HAM,Lewis Hamilton,Mercedes,116.845,39.531,40.278,37.035,3,3.58,0.1,1,2,True,False,Battle Defensive
Bahrain,Power,28,HAM,Lewis Hamilton,Mercedes,95.053,32.304,32.768,29.981,3,0.99,0.4,2,2,False,False,Battle Offensive
Bahrain,Power,29,HAM,Lewis Hamilton,Mercedes,94.862,29.944,32.87,32.048,3,5.43,2.25,3,2,False,False,Clean Air
Bahrain,Power,30,HAM,Lewis Hamilton,Mercedes,95.182,31.0,31.657,32.525,3,3.95,0.24,4,2,False,False,Battle Defensive
Bahrain,Power,31,HAM,Lewis Hamilton,Mercedes,95.467,31.223,34.578,29.665,4,2.17,2.06,5,2,False,False,DRS Train
Bahrain,Power,32,HAM,Lewis Hamilton,Mercedes,95.063,31.503,34.062,29.498,3,1.72,0.2,6,2,False,False,Battle Defensive
Bahrain,Power,33,HAM,Lewis Hamilton,Mercedes,94.916,29.721,32.97,32.225,3,3.89,1.82,7,2,False,False,Clean Air
Bahrain,Power,34,HAM,Lewis Hamilton,Mercedes,95.57,32.488,35.105,27.977,3,0.23,0.62,8,2,False,False,Battle Offensive
Bahrain,Power,35,HAM,Lewis Hamilton,Mercedes,95.457,31.844,32.966,30.647,3,2.53,3.85,9,2,False,False,DRS Train
Bahrain,Power,36,HAM,Lewis Hamilton,Mercedes,95.072,29.794,31.474,33.805,3,2.12,2.22,10,2,False,False,DRS Train
Bahrain,Power,37,HAM,Lewis Hamilton,Mercedes,95.04,31.83,34.564,28.646,3,0.89,7.06,11,2,False,False,Battle Offensive
Bahrain,Power,38,HAM,Lewis Hamilton,Mercedes,94.775,28.938,31.581,34.255,3,0.51,4.06,12,2,False,False,Battle Offensive
Bahrain,Power,39,HAM,Lewis Hamilton,Mercedes,95.607,31.016,32.068,32.523,3,1.44,3.27,13,2,False,False,Battle Offensive
Bahrain,Power,40,HAM,Lewis Hamilton,Mercedes,95.346,29.602,32.406,33.338,3,3.48,2.67,14,2,False,False,Clean Air
Bahrain,Power,41,HAM,Lewis Hamilton,Mercedes,95.531,30.378,34.493,30.66,3,5.92,0.72,15,2,False,False,Battle Defensive
Bahrain,Power,42,HAM,Lewis Hamilton,Mercedes,95.068,29.841,34.794,30.433,3,0.1,0.16,16,2,False,False,Battle Offensive
Bahrain,Power,43,HAM,Lewis Hamilton,Mercedes,95.703,32.297,31.782,31.624,3,0.1,2.73,17,2,False,False,Battle Offensive
Bahrain,Power,44,HAM,Lewis Hamilton,Mercedes,95.444,29.613,33.994,31.837,3,3.28,9.95,18,2,False,False,Clean Air
Bahrain,Power,45,HAM,Lewis Hamilton,Mercedes,95.259,29.012,32.012,34.235,3,1.56,8.94,19,2,False,False,DRS Train
Bahrain,Power,46,HAM,Lewis Hamilton,Mercedes,95.946,30.792,32.102,33.051,3,0.64,0.72,20,2,False,False,Battle Offensive
Bahrain,Power,47,HAM,Lewis Hamilton,Mercedes,95.735,30.476,33.449,31.811,3,0.18,3.08,21,2,False,False,Battle Offensive
Bahrain,Power,48,HAM,Lewis Hamilton,Mercedes,96.02,30.582,33.268,32.17,3,0.45,7.28,22,2,False,False,Battle Offensive
Bahrain,Power,49,HAM,Lewis Hamilton,Mercedes,96.117,29.035,34.741,32.34,3,0.16,1.8,23,2,False,False,Battle Offensive
Bahrain,Power,50,HAM,Lewis Hamilton,Mercedes,95.666,31.595,33.557,30.513,3,0.56,0.75,24,2,False,False,Battle Offensive
Bahrain,Power,51,HAM,Lewis Hamilton,Mercedes,95.764,29.644,33.331,32.789,3,5.29,5.11,25,2,False,False,Clean Air
Bahrain,Power,52,HAM,Lewis Hamilton,Mercedes,95.91,31.927,33.11,30.873,3,1.93,1.72,26,2,False,False,DRS Train
Bahrain,Power,53,HAM,Lewis Hamilton,Mercedes,95.896,29.87,34.687,31.339,3,3.74,8.34,27,2,False,False,Clean Air
Bahrain,Power,54,HAM,Lewis Hamilton,Mercedes,96.032,32.325,33.738,29.969,3,2.15,2.52,28,2,False,False,DRS Train
Bahrain,Power,55,HAM,Lewis Hamilton,Mercedes,95.914,29.481,35.081,31.351,3,3.94,0.95,29,2,False,False,Battle Defensive
Bahrain,Power,56,HAM,Lewis Hamilton,Mercedes,96.254,29.197,35.161,31.895,3,2.66,0.41,30,2,False,False,Battle Defensive
Bahrain,Power,57,HAM,Lewis Hamilton,Mercedes,96.201,32.254,33.391,30.556,3,8.54,1.35,31,2,False,False,Battle Defensive
Bahrain,Power,1,RUS,George Russell,Mercedes,95.917,31.535,35.068,29.314,5,0.44,0.1,1,1,False,False,Battle Offensive
Bahrain,Power,2,RUS,George Russell,Mercedes,95.08,31.225,32.572,31.283,5,0.52,4.88,2,1,False,False,Battle Offensive
Bahrain,Power,3,RUS,George Russell,Mercedes,94.555,30.236,34.336,29.983,5,1.59,4.31,3,1,False,False,DRS Train
Bahrain,Power,4,RUS,George Russell,Mercedes,94.891,28.849,32.224,33.817,5,3.11,4.37,4,1,False,False,Clean Air
Bahrain,Power,5,RUS,George Russell,Mercedes,95.362,29.953,34.679,30.73,5,1.5,3.45,5,1,False,False,Battle Offensive
Bahrain,Power,6,RUS,George Russell,Mercedes,95.029,31.079,32.595,31.355,5,1.59,9.67,6,1,False,False,DRS Train
Bahrain,Power,7,RUS,George Russell,Mercedes,95.482,29.711,33.964,31.806,5,0.48,4.84,7,1,False,False,Battle Offensive
Bahrain,Power,8,RUS,George Russell,Mercedes,94.942,28.609,32.485,33.848,5,2.96,1.8,8,1,False,False,DRS Train
Bahrain,Power,9,RUS,George Russell,Mercedes,95.212,31.566,33.952,29.693,5,5.12,3.63,9,1,False,False,Clean Air
Bahrain,Power,10,RUS,George Russell,Mercedes,95.238,30.325,34.722,30.191,5,2.78,2.05,10,1,False,False,DRS Train
Bahrain,Power,11,RUS,George Russell,Mercedes,95.343,31.425,34.964,28.954,5,1.98,1.2,11,1,False,False,Battle Defensive
Bahrain,Power,12,RUS,George Russell,Mercedes,95.608,28.751,35.233,31.624,5,0.86,6.04,12,1,False,False,Battle Offensive
Bahrain,Power,13,RUS,George Russell,Mercedes,95.647,32.033,31.994,31.62,5,3.24,0.91,13,1,False,False,Battle Defensive
Bahrain,Power,14,RUS,George Russell,Mercedes,95.899,29.925,33.942,32.032,5,0.25,0.69,14,1,False,False,Battle Offensive
Bahrain,Power,15,RUS,George Russell,Mercedes,96.215,32.299,32.464,31.452,5,0.88,0.89,15,1,False,False,Battle Offensive
Bahrain,Power,16,RUS,George Russell,Mercedes,95.648,28.938,34.745,31.965,5,3.96,0.1,16,1,False,False,Battle Defensive
Bahrain,Power,17,RUS,George Russell,Mercedes,95.997,32.174,33.875,29.948,5,2.28,0.31,17,1,False,False,Battle Defensive
Bahrain,Power,18,RUS,George Russell,Mercedes,95.987,32.223,33.378,30.386,4,0.95,1.43,18,1,False,False,Battle Offensive
Bahrain,Power,19,RUS,George Russell,Mercedes,96.061,29.731,33.669,32.661,5,2.34,2.49,19,1,False,False,DRS Train
Bahrain,Power,20,RUS,George Russell,Mercedes,95.57,31.514,33.473,30.583,5,1.67,2.64,20,1,False,False,DRS Train
Bahrain,Power,21,RUS,George Russell,Mercedes,95.399,30.423,31.656,33.32,5,2.51,0.18,21,1,False,False,Battle Defensive
Bahrain,Power,22,RUS,George Russell,Mercedes,95.426,30.959,32.562,31.905,5,8.9,1.01,22,1,False,False,Battle Defensive
Bahrain,Power,23,RUS,George Russell,Mercedes,116.817,38.795,41.223,36.799,5,0.58,1.82,1,2,True,False,Battle Offensive
Bahrain,Power,24,RUS,George Russell,Mercedes,95.174,28.985,32.722,33.467,5,6.71,1.26,2,2,False,False,Battle Defensive
Bahrain,Power,25,RUS,George Russell,Mercedes,95.346,32.39,31.966,30.99,5,1.77,5.18,3,2,False,False,DRS Train
Bahrain,Power,26,RUS,George Russell,Mercedes,94.98,30.803,32.519,31.658,5,1.37,1.32,4,2,False,False,Battle Offensive
Bahrain,Power,27,RUS,George Russell,Mercedes,94.935,29.459,31.555,33.922,5,4.34,7.76,5,2,False,False,Clean Air
Bahrain,Power,28,RUS,George Russell,Mercedes,94.959,30.221,32.738,32.0,5,2.31,2.9,6,2,False,False,DRS Train
Bahrain,Power,29,RUS,George Russell,Mercedes,95.07,32.102,33.915,29.052,5,3.48,0.18,7,2,False,False,Battle Defensive
Bahrain,Power,30,RUS,George Russell,Mercedes,95.327,31.024,34.94,29.363,5,2.84,1.12,8,2,False,False,Battle Defensive
Bahrain,Power,31,RUS,George Russell,Mercedes,95.145,28.588,33.004,33.553,5,3.22,0.32,9,2,False,False,Battle Defensive
Bahrain,Power,32,RUS,George Russell,Mercedes,95.346,29.073,33.595,32.678,5,0.87,1.66,10,2,False,False,Battle Offensive
Bahrain,Power,33,RUS,George Russell,Mercedes,95.09,31.087,32.427,31.576,5,2.64,4.67,11,2,False,False,DRS Train
Bahrain,Power,34,RUS,George Russell,Mercedes,95.683,31.853,34.858,28.973,5,0.91,3.89,12,2,False,False,Battle Offensive
Bahrain,Power,35,RUS,George Russell,Mercedes,96.009,31.512,34.327,30.17,5,0.96,2.18,13,2,False,False,Battle Offensive
Bahrain,Power,36,RUS,George Russell,Mercedes,95.331,31.994,32.778,30.559,5,1.17,0.46,14,2,False,False,Battle Offensive
Bahrain,Power,37,RUS,George Russell,Mercedes,95.445,31.219,33.81,30.417,5,1.04,0.19,15,2,False,False,Battle Offensive
Bahrain,Power,38,RUS,George Russell,Mercedes,95.725,31.353,32.128,32.245,5,1.13,0.61,16,2,False,False,Battle Offensive
Bahrain,Power,39,RUS,George Russell,Mercedes,95.512,28.772,33.001,33.739,5,1.76,8.31,17,2,False,False,DRS Train
Bahrain,Power,40,RUS,George Russell,Mercedes,96.094,29.94,35.171,30.983,5,0.44,0.1,18,2,False,False,Battle Offensive
Bahrain,Power,41,RUS,George Russell,Mercedes,95.585,30.149,32.844,32.591,5,2.31,4.38,19,2,False,False,DRS Train
Bahrain,Power,42,RUS,George Russell,Mercedes,96.683,31.952,35.13,29.602,5,1.95,0.42,20,2,False,False,Battle Defensive
Bahrain,Power,43,RUS,George Russell,Mercedes,95.722,29.751,35.289,30.682,5,0.75,0.54,21,2,False,False,Battle Offensive
Bahrain,Power,44,RUS,George Russell,Mercedes,95.771,30.432,34.003,31.335,5,2.04,1.07,22,2,False,False,Battle Defensive
Bahrain,Power,45,RUS,George Russell,Mercedes,95.69,31.093,33.757,30.84,4,12.73,5.31,23,2,False,False,Clean Air
Bahrain,Power,46,RUS,George Russell,Mercedes,96.729,29.9,35.65,31.178,5,1.26,0.1,24,2,False,False,Battle Offensive
Bahrain,Power,47,RUS,George Russell,Mercedes,96.012,29.305,34.72,31.987,5,6.0,3.2,25,2,False,False,Clean Air
Bahrain,Power,48,RUS,George Russell,Mercedes,96.077,32.451,32.277,31.349,5,0.33,3.95,26,2,False,False,Battle Offensive
Bahrain,Power,49,RUS,George Russell,Mercedes,95.709,29.807,32.362,33.54,5,1.65,4.98,27,2,False,False,DRS Train
Bahrain,Power,50,RUS,George Russell,Mercedes,96.548,31.194,35.204,30.15,5,3.59,1.22,28,2,False,False,Battle Defensive
Bahrain,Power,51,RUS,George Russell,Mercedes,96.03,31.012,35.362,29.656,5,4.39,3.62,29,2,False,False,Clean Air
Bahrain,Power,52,RUS,George Russell,Mercedes,96.342,31.317,35.363,29.662,5,4.81,1.45,30,2,False,False,Battle Defensive
Bahrain,Power,53,RUS,George Russell,Mercedes,96.695,31.687,32.429,32.579,4,0.1,1.62,31,2,False,False,Battle Offensive
Bahrain,Power,54,RUS,George Russell,Mercedes,96.295,30.023,31.832,34.439,5,4.08,0.82,32,2,False,False,Battle Defensive
Bahrain,Power,55,RUS,George Russell,Mercedes,96.027,31.702,34.642,29.682,5,3.35,4.49,33,2,False,False,Clean Air
Bahrain,Power,56,RUS,George Russell,Mercedes,96.483,29.287,33.721,33.475,5,2.69,3.63,34,2,False,False,DRS Train
Bahrain,Power,57,RUS,George Russell,Mercedes,96.09,31.934,35.352,28.804,5,1.31,0.17,35,2,False,False,Battle Offensive
Bahrain,Power,1,PER,Sergio Perez,Red Bull,94.919,28.767,33.224,32.927,9,0.19,7.76,1,1,False,False,Battle Offensive
Bahrain,Power,2,PER,Sergio Perez,Red Bull,94.958,29.37,32.404,33.185,9,0.13,0.19,2,1,False,False,Battle Offensive
Bahrain,Power,3,PER,Sergio Perez,Red Bull,95.257,29.802,33.25,32.205,9,4.07,6.62,3,1,False,False,Clean Air
Bahrain,Power,4,PER,Sergio Perez,Red Bull,95.501,30.017,33.99,31.494,9,0.64,2.56,4,1,False,False,Battle Offensive
Bahrain,Power,5,PER,Sergio Perez,Red Bull,95.347,29.527,34.188,31.633,8,2.2,2.45,5,1,False,False,DRS Train
Bahrain,Power,6,PER,Sergio Perez,Red Bull,95.429,29.174,34.451,31.804,9,4.32,4.07,6,1,False,False,Clean Air
Bahrain,Power,7,PER,Sergio Perez,Red Bull,95.21,30.961,31.626,32.623,10,0.79,1.72,7,1,False,False,Battle Offensive
Bahrain,Power,8,PER,Sergio Perez,Red Bull,95.687,31.919,31.591,32.177,9,0.1,1.79,8,1,False,False,Battle Offensive
Bahrain,Power,9,PER,Sergio Perez,Red Bull,95.336,29.974,32.492,32.869,9,0.71,3.38,9,1,False,False,Battle Offensive
Bahrain,Power,10,PER,Sergio Perez,Red Bull,95.547,30.322,35.008,30.217,9,3.89,5.56,10,1,False,False,Clean Air
Bahrain,Power,11,PER,Sergio Perez,Red Bull,94.793,30.837,33.951,30.006,9,0.23,2.9,11,1,False,False,Battle Offensive
Bahrain,Power,12,PER,Sergio Perez,Red Bull,96.36,32.631,34.732,28.996,9,0.1,0.46,12,1,False,False,Battle Offensive
Bahrain,Power,13,PER,Sergio Perez,Red Bull,96.01,28.988,33.066,33.956,9,0.88,0.28,13,1,False,False,Battle Offensive
Bahrain,Power,14,PER,Sergio Perez,Red Bull,95.185,29.351,32.815,33.019,9,7.85,1.73,14,1,False,False,Clean Air
Bahrain,Power,15,PER,Sergio Perez,Red Bull,96.236,32.036,35.031,29.169,8,1.15,0.13,15,1,False,False,Battle Offensive
Bahrain,Power,16,PER,Sergio Perez,Red Bull,95.587,31.0,32.673,31.914,9,1.6,5.3,16,1,False,False,DRS Train
Bahrain,Power,17,PER,Sergio Perez,Red Bull,96.108,31.311,33.235,31.562,9,0.37,2.64,17,1,False,False,Battle Offensive
Bahrain,Power,18,PER,Sergio Perez,Red Bull,95.903,29.199,33.627,33.077,9,5.52,0.85,18,1,False,False,Battle Defensive
Bahrain,Power,19,PER,Sergio Perez,Red Bull,95.591,30.562,33.091,31.938,9,0.78,4.51,19,1,False,False,Battle Offensive
Bahrain,Power,20,PER,Sergio Perez,Red Bull,96.214,31.472,32.951,31.792,10,0.1,1.56,20,1,False,False,Battle Offensive
Bahrain,Power,21,PER,Sergio Perez,Red Bull,95.889,29.248,31.708,34.932,9,3.72,3.71,21,1,False,False,Clean Air
Bahrain,Power,22,PER,Sergio Perez,Red Bull,95.75,28.792,32.721,34.237,9,3.68,4.11,22,1,False,False,Clean Air
Bahrain,Power,23,PER,Sergio Perez,Red Bull,95.591,28.683,32.691,34.217,9,3.71,1.82,23,1,False,False,Clean Air
Bahrain,Power,24,PER,Sergio Perez,Red Bull,117.192,38.816,40.82,37.556,9,2.6,9.14,1,2,True,False,DRS Train
Bahrain,Power,25,PER,Sergio Perez,Red Bull,95.087,31.369,33.181,30.537,9,0.17,0.65,2,2,False,False,Battle Offensive
Bahrain,Power,26,PER,Sergio Perez,Red Bull,95.435,32.306,31.782,31.347,9,0.15,7.91,3,2,False,False,Battle Offensive
Bahrain,Power,27,PER,Sergio Perez,Red Bull,95.7,30.924,32.144,32.633,9,0.54,0.38,4,2,False,False,Battle Offensive
Bahrain,Power,28,PER,Sergio Perez,Red Bull,95.506,29.645,32.836,33.025,9,4.17,2.53,5,2,False,False,Clean Air
Bahrain,Power,29,PER,Sergio Perez,Red Bull,95.666,31.408,31.808,32.45,9,6.24,0.86,6,2,False,False,Battle Defensive
Bahrain,Power,30,PER,Sergio Perez,Red Bull,95.417,30.536,34.082,30.8,9,0.36,7.92,7,2,False,False,Battle Offensive
Bahrain,Power,31,PER,Sergio Perez,Red Bull,95.99,30.896,33.339,31.756,9,0.2,0.8,8,2,False,False,Battle Offensive
Bahrain,Power,32,PER,Sergio Perez,Red Bull,95.38,32.279,32.227,30.874,9,0.13,4.64,9,2,False,False,Battle Offensive
Bahrain,Power,33,PER,Sergio Perez,Red Bull,94.99,30.158,33.602,31.231,9,7.56,13.16,10,2,False,False,Clean Air
Bahrain,Power,34,PER,Sergio Perez,Red Bull,95.773,31.633,32.224,31.915,9,0.19,2.43,11,2,False,False,Battle Offensive
Bahrain,Power,35,PER,Sergio Perez,Red Bull,95.332,30.755,34.402,30.176,9,0.71,2.56,12,2,False,False,Battle Offensive
Bahrain,Power,36,PER,Sergio Perez,Red Bull,95.68,29.935,34.82,30.925,9,1.73,0.1,13,2,False,False,Battle Defensive
Bahrain,Power,37,PER,Sergio Perez,Red Bull,96.585,29.433,32.989,34.162,9,1.4,0.1,14,2,False,False,Battle Offensive
Bahrain,Power,38,PER,Sergio Perez,Red Bull,96.146,30.353,34.629,31.164,9,1.27,6.3,15,2,False,False,Battle Offensive
Bahrain,Power,39,PER,Sergio Perez,Red Bull,95.407,31.128,32.402,31.877,9,3.87,0.72,16,2,False,False,Battle Defensive
Bahrain,Power,40,PER,Sergio Perez,Red Bull,95.579,29.518,31.69,34.371,9,0.53,6.26,17,2,False,False,Battle Offensive
Bahrain,Power,41,PER,Sergio Perez,Red Bull,95.824,30.421,33.846,31.558,9,7.51,2.18,18,2,False,False,Clean Air
Bahrain,Power,42,PER,Sergio Perez,Red Bull,95.947,31.779,33.491,30.677,9,0.83,1.09,19,2,False,False,Battle Offensive
Bahrain,Power,43,PER,Sergio Perez,Red Bull,95.875,30.034,34.918,30.923,9,1.72,0.57,20,2,False,False,Battle Defensive
Bahrain,Power,44,PER,Sergio Perez,Red Bull,95.835,30.024,34.284,31.527,8,4.16,4.52,21,2,False,False,Clean Air
Bahrain,Power,45,PER,Sergio Perez,Red Bull,95.756,30.355,31.743,33.657,9,0.41,5.22,22,2,False,False,Battle Offensive
Bahrain,Power,46,PER,Sergio Perez,Red Bull,96.01,32.54,32.552,30.918,9,0.34,3.63,23,2,False,False,Battle Offensive
Bahrain,Power,47,PER,Sergio Perez,Red Bull,96.183,31.709,35.005,29.469,9,0.65,0.1,24,2,False,False,Battle Offensive
Bahrain,Power,48,PER,Sergio Perez,Red Bull,96.155,31.988,32.43,31.737,9,1.37,0.9,25,2,False,False,Battle Offensive
Bahrain,Power,49,PER,Sergio Perez,Red Bull,95.933,31.674,33.167,31.092,9,4.11,10.48,26,2,False,False,Clean Air
Bahrain,Power,50,PER,Sergio Perez,Red Bull,96.24,31.877,34.006,30.356,9,0.2,1.97,27,2,False,False,Battle Offensive
Bahrain,Power,51,PER,Sergio Perez,Red Bull,95.97,29.93,34.413,31.628,9,7.6,0.11,28,2,False,False,Battle Defensive
Bahrain,Power,52,PER,Sergio Perez,Red Bull,96.406,32.113,34.502,29.79,9,1.8,1.78,29,2,False,False,DRS Train
Bahrain,Power,53,PER,Sergio Perez,Red Bull,96.202,31.666,35.062,29.474,9,3.13,1.55,30,2,False,False,Clean Air
Bahrain,Power,54,PER,Sergio Perez,Red Bull,95.959,30.076,35.423,30.461,9,0.8,4.11,31,2,False,False,Battle Offensive
Bahrain,Power,55,PER,Sergio Perez,Red Bull,96.405,32.574,33.727,30.104,9,3.25,2.06,32,2,False,False,Clean Air
Bahrain,Power,56,PER,Sergio Perez,Red Bull,96.183,30.334,31.837,34.012,9,3.86,3.31,33,2,False,False,Clean Air
Bahrain,Power,57,PER,Sergio Perez,Red Bull,96.23,30.972,35.478,29.779,9,3.05,4.25,34,2,False,False,Clean Air
Bahrain,Power,1,PIA,Oscar Piastri,McLaren,94.651,29.074,34.264,31.313,6,3.17,4.96,1,1,False,False,Clean Air
Bahrain,Power,2,PIA,Oscar Piastri,McLaren,95.05,29.618,34.68,30.753,5,0.35,5.01,2,1,False,False,Battle Offensive
Bahrain,Power,3,PIA,Oscar Piastri,McLaren,94.847,30.623,34.459,29.765,6,2.79,3.98,3,1,False,False,DRS Train
Bahrain,Power,4,PIA,Oscar Piastri,McLaren,94.855,30.814,32.57,31.472,6,1.99,0.85,4,1,False,False,Battle Defensive
Bahrain,Power,5,PIA,Oscar Piastri,McLaren,94.638,30.986,32.489,31.163,6,3.3,1.3,5,1,False,False,Battle Defensive
Bahrain,Power,6,PIA,Oscar Piastri,McLaren,94.869,31.009,33.706,30.154,6,7.23,2.57,6,1,False,False,Clean Air
Bahrain,Power,7,PIA,Oscar Piastri,McLaren,94.746,30.061,34.981,29.703,6,3.48,0.27,7,1,False,False,Battle Defensive
Bahrain,Power,8,PIA,Oscar Piastri,McLaren,94.975,31.296,34.019,29.661,6,0.17,1.83,8,1,False,False,Battle Offensive
Bahrain,Power,9,PIA,Oscar Piastri,McLaren,95.078,29.545,32.469,33.064,6,1.27,0.77,9,1,False,False,Battle Offensive
Bahrain,Power,10,PIA,Oscar Piastri,McLaren,95.091,28.815,34.999,31.277,6,2.67,8.65,10,1,False,False,DRS Train
Bahrain,Power,11,PIA,Oscar Piastri,McLaren,95.017,28.563,35.023,31.431,6,2.28,2.44,11,1,False,False,DRS Train
Bahrain,Power,12,PIA,Oscar Piastri,McLaren,95.832,29.949,32.664,33.219,6,0.72,2.82,12,1,False,False,Battle Offensive
Bahrain,Power,13,PIA,Oscar Piastri,McLaren,95.572,29.446,33.785,32.341,6,7.33,0.28,13,1,False,False,Battle Defensive
Bahrain,Power,14,PIA,Oscar Piastri,McLaren,95.242,30.793,32.394,32.055,6,3.02,2.85,14,1,False,False,Clean Air
Bahrain,Power,15,PIA,Oscar Piastri,McLaren,95.605,29.403,34.121,32.081,6,1.5,7.9,15,1,False,False,Battle Offensive
Bahrain,Power,16,PIA,Oscar Piastri,McLaren,95.473,29.63,33.165,32.678,6,0.24,3.45,16,1,False,False,Battle Offensive
Bahrain,Power,17,PIA,Oscar Piastri,McLaren,96.153,31.299,32.661,32.193,6,3.21,0.1,17,1,False,False,Battle Defensive
Bahrain,Power,18,PIA,Oscar Piastri,McLaren,95.487,29.68,32.456,33.35,6,0.56,5.25,18,1,False,False,Battle Offensive
Bahrain,Power,19,PIA,Oscar Piastri,McLaren,96.079,31.41,32.018,32.651,6,0.16,1.54,19,1,False,False,Battle Offensive
Bahrain,Power,20,PIA,Oscar Piastri,McLaren,95.598,29.445,33.906,32.247,6,6.75,1.96,20,1,False,False,Clean Air
Bahrain,Power,21,PIA,Oscar Piastri,McLaren,96.022,31.051,33.755,31.216,6,1.84,0.18,21,1,False,False,Battle Defensive
Bahrain,Power,22,PIA,Oscar Piastri,McLaren,95.974,31.815,33.416,30.743,6,0.78,1.15,22,1,False,False,Battle Offensive
Bahrain,Power,23,PIA,Oscar Piastri,McLaren,96.348,32.513,32.042,31.794,6,3.06,1.39,23,1,False,False,Battle Defensive
Bahrain,Power,24,PIA,Oscar Piastri,McLaren,95.776,29.886,33.532,32.358,6,4.35,0.86,24,1,False,False,Battle Defensive
Bahrain,Power,25,PIA,Oscar Piastri,McLaren,95.671,31.209,32.567,31.895,6,6.55,0.28,25,1,False,False,Battle Defensive
Bahrain,Power,26,PIA,Oscar Piastri,McLaren,96.133,31.971,34.359,29.804,6,0.43,0.44,26,1,False,False,Battle Offensive
Bahrain,Power,27,PIA,Oscar Piastri,McLaren,96.495,30.326,33.209,32.96,6,0.93,0.72,27,1,False,False,Battle Offensive
Bahrain,Power,28,PIA,Oscar Piastri,McLaren,95.931,32.435,32.911,30.584,6,4.41,3.89,28,1,False,False,Clean Air
Bahrain,Power,29,PIA,Oscar Piastri,McLaren,95.831,30.871,33.553,31.408,6,1.09,1.76,29,1,False,False,Battle Offensive
Bahrain,Power,30,PIA,Oscar Piastri,McLaren,116.83,37.101,41.407,38.321,6,2.82,4.55,1,2,True,False,DRS Train
Bahrain,Power,31,PIA,Oscar Piastri,McLaren,94.867,29.331,31.752,33.783,6,0.44,2.8,2,2,False,False,Battle Offensive
Bahrain,Power,32,PIA,Oscar Piastri,McLaren,95.011,28.904,32.199,33.909,6,1.81,0.44,3,2,False,False,Battle Defensive
Bahrain,Power,33,PIA,Oscar Piastri,McLaren,94.648,29.226,34.868,30.555,6,1.83,2.34,4,2,False,False,DRS Train
Bahrain,Power,34,PIA,Oscar Piastri,McLaren,95.833,31.442,32.283,32.109,6,1.34,1.4,5,2,False,False,Battle Offensive
Bahrain,Power,35,PIA,Oscar Piastri,McLaren,95.381,30.646,31.916,32.819,6,1.73,1.33,6,2,False,False,Battle Defensive
Bahrain,Power,36,PIA,Oscar Piastri,McLaren,95.001,29.989,34.754,30.258,6,1.03,0.39,7,2,False,False,Battle Offensive
Bahrain,Power,37,PIA,Oscar Piastri,McLaren,95.15,31.562,31.662,31.925,6,0.57,1.77,8,2,False,False,Battle Offensive
Bahrain,Power,38,PIA,Oscar Piastri,McLaren,95.0,31.677,34.471,28.851,7,2.48,2.92,9,2,False,False,DRS Train
Bahrain,Power,39,PIA,Oscar Piastri,McLaren,95.302,30.311,32.149,32.842,6,4.63,1.66,10,2,False,False,Clean Air
Bahrain,Power,40,PIA,Oscar Piastri,McLaren,95.028,29.982,34.413,30.632,6,4.83,5.35,11,2,False,False,Clean Air
Bahrain,Power,41,PIA,Oscar Piastri,McLaren,95.033,32.19,31.614,31.229,6,5.8,0.57,12,2,False,False,Battle Defensive
Bahrain,Power,42,PIA,Oscar Piastri,McLaren,95.046,29.351,32.698,32.998,6,1.18,4.07,13,2,False,False,Battle Offensive
Bahrain,Power,43,PIA,Oscar Piastri,McLaren,94.881,31.207,33.803,29.871,6,1.17,0.18,14,2,False,False,Battle Offensive
Bahrain,Power,44,PIA,Oscar Piastri,McLaren,95.429,30.722,31.745,32.962,6,1.65,0.1,15,2,False,False,Battle Defensive
Bahrain,Power,45,PIA,Oscar Piastri,McLaren,95.477,31.71,33.486,30.281,6,3.64,2.19,16,2,False,False,Clean Air
Bahrain,Power,46,PIA,Oscar Piastri,McLaren,95.951,29.437,32.412,34.101,6,0.38,2.78,17,2,False,False,Battle Offensive
Bahrain,Power,47,PIA,Oscar Piastri,McLaren,95.517,30.937,34.02,30.56,6,5.97,3.55,18,2,False,False,Clean Air
Bahrain,Power,48,PIA,Oscar Piastri,McLaren,96.19,29.9,32.521,33.77,6,2.5,0.43,19,2,False,False,Battle Defensive
Bahrain,Power,49,PIA,Oscar Piastri,McLaren,95.33,32.061,33.392,29.877,6,0.94,0.69,20,2,False,False,Battle Offensive
Bahrain,Power,50,PIA,Oscar Piastri,McLaren,95.812,31.795,32.66,31.356,6,4.31,2.69,21,2,False,False,Clean Air
Bahrain,Power,51,PIA,Oscar Piastri,McLaren,95.747,29.967,32.629,33.151,6,7.0,2.53,22,2,False,False,Clean Air
Bahrain,Power,52,PIA,Oscar Piastri,McLaren,95.833,31.874,34.607,29.352,6,0.62,2.26,23,2,False,False,Battle Offensive
Bahrain,Power,53,PIA,Oscar Piastri,McLaren,95.779,30.145,33.263,32.371,6,3.58,0.52,24,2,False,False,Battle Defensive
Bahrain,Power,54,PIA,Oscar Piastri,McLaren,95.775,32.135,32.852,30.788,6,0.1,2.75,25,2,False,False,Battle Offensive
Bahrain,Power,55,PIA,Oscar Piastri,McLaren,95.815,29.699,33.829,32.287,6,5.78,13.9,26,2,False,False,Clean Air
Bahrain,Power,56,PIA,Oscar Piastri,McLaren,96.225,32.17,35.594,28.461,6,0.17,0.25,27,2,False,False,Battle Offensive
Bahrain,Power,57,PIA,Oscar Piastri,McLaren,96.041,30.014,34.207,31.82,6,0.1,1.12,28,2,False,False,Battle Offensive
Bahrain,Power,1,ALO,Fernando Alonso,Aston Martin,95.475,31.554,31.655,32.266,8,0.66,0.1,1,1,False,False,Battle Offensive
Bahrain,Power,2,ALO,Fernando Alonso,Aston Martin,95.356,30.823,35.246,29.287,8,2.07,2.45,2,1,False,False,DRS Train
Bahrain,Power,3,ALO,Fernando Alonso,Aston Martin,95.37,29.484,33.749,32.137,8,3.53,1.46,3,1,False,False,Battle Defensive
Bahrain,Power,4,ALO,Fernando Alonso,Aston Martin,95.096,30.785,31.585,32.726,8,0.59,13.58,4,1,False,False,Battle Offensive
Bahrain,Power,5,ALO,Fernando Alonso,Aston Martin,95.26,32.166,32.073,31.02,8,1.52,2.81,5,1,False,False,DRS Train
Bahrain,Power,6,ALO,Fernando Alonso,Aston Martin,95.273,31.006,33.724,30.544,8,2.99,2.61,6,1,False,False,DRS Train
Bahrain,Power,7,ALO,Fernando Alonso,Aston Martin,95.66,31.902,32.217,31.541,8,0.49,3.05,7,1,False,False,Battle Offensive
Bahrain,Power,8,ALO,Fernando Alonso,Aston Martin,95.496,32.319,33.561,29.616,8,4.55,4.06,8,1,False,False,Clean Air
Bahrain,Power,9,ALO,Fernando Alonso,Aston Martin,95.529,30.887,33.79,30.852,7,0.42,2.13,9,1,False,False,Battle Offensive
Bahrain,Power,10,ALO,Fernando Alonso,Aston Martin,95.487,28.969,33.829,32.689,8,1.1,0.13,10,1,False,False,Battle Offensive
Bahrain,Power,11,ALO,Fernando Alonso,Aston Martin,95.582,29.426,34.361,31.794,8,4.97,5.43,11,1,False,False,Clean Air
Bahrain,Power,12,ALO,Fernando Alonso,Aston Martin,95.582,32.396,33.32,29.866,8,14.73,0.1,12,1,False,False,Battle Defensive
Bahrain,Power,13,ALO,Fernando Alonso,Aston Martin,95.577,32.402,34.664,28.511,8,4.7,0.16,13,1,False,False,Battle Defensive
Bahrain,Power,14,ALO,Fernando Alonso,Aston Martin,95.585,29.702,31.929,33.954,8,0.18,0.59,14,1,False,False,Battle Offensive
Bahrain,Power,15,ALO,Fernando Alonso,Aston Martin,95.817,29.812,34.679,31.326,8,0.46,0.4,15,1,False,False,Battle Offensive
Bahrain,Power,16,ALO,Fernando Alonso,Aston Martin,95.54,31.238,31.767,32.535,8,0.66,0.35,16,1,False,False,Battle Offensive
Bahrain,Power,17,ALO,Fernando Alonso,Aston Martin,95.652,32.004,32.158,31.49,8,0.59,4.14,17,1,False,False,Battle Offensive
Bahrain,Power,18,ALO,Fernando Alonso,Aston Martin,95.705,30.935,33.518,31.253,8,0.9,2.07,18,1,False,False,Battle Offensive
Bahrain,Power,19,ALO,Fernando Alonso,Aston Martin,95.662,29.013,33.327,33.321,8,0.39,2.45,19,1,False,False,Battle Offensive
Bahrain,Power,20,ALO,Fernando Alonso,Aston Martin,96.118,31.043,34.284,30.79,8,0.15,1.36,20,1,False,False,Battle Offensive
Bahrain,Power,21,ALO,Fernando Alonso,Aston Martin,117.148,39.081,43.295,34.772,8,3.75,4.95,1,2,True,False,Clean Air
Bahrain,Power,22,ALO,Fernando Alonso,Aston Martin,95.04,31.331,33.236,30.473,8,5.51,1.16,2,2,False,False,Battle Defensive
Bahrain,Power,23,ALO,Fernando Alonso,Aston Martin,95.037,30.237,34.26,30.539,8,1.12,4.91,3,2,False,False,Battle Offensive
Bahrain,Power,24,ALO,Fernando Alonso,Aston Martin,95.825,30.624,34.093,31.107,8,0.34,0.55,4,2,False,False,Battle Offensive
Bahrain,Power,25,ALO,Fernando Alonso,Aston Martin,95.166,29.255,32.465,33.445,8,1.16,2.71,5,2,False,False,Battle Offensive
Bahrain,Power,26,ALO,Fernando Alonso,Aston Martin,95.434,32.169,35.196,28.069,8,0.62,0.5,6,2,False,False,Battle Offensive
Bahrain,Power,27,ALO,Fernando Alonso,Aston Martin,95.374,30.736,34.697,29.94,8,1.17,4.0,7,2,False,False,Battle Offensive
Bahrain,Power,28,ALO,Fernando Alonso,Aston Martin,95.411,29.456,34.821,31.133,8,3.97,0.48,8,2,False,False,Battle Defensive
Bahrain,Power,29,ALO,Fernando Alonso,Aston Martin,95.463,31.504,32.083,31.876,8,0.1,5.11,9,2,False,False,Battle Offensive
Bahrain,Power,30,ALO,Fernando Alonso,Aston Martin,95.43,32.144,31.645,31.642,8,1.53,1.08,10,2,False,False,Battle Defensive
Bahrain,Power,31,ALO,Fernando Alonso,Aston Martin,95.194,31.454,32.002,31.737,8,0.68,5.98,11,2,False,False,Battle Offensive
Bahrain,Power,32,ALO,Fernando Alonso,Aston Martin,95.753,31.896,32.252,31.605,7,1.67,1.41,12,2,False,False,Battle Defensive
Bahrain,Power,33,ALO,Fernando Alonso,Aston Martin,95.341,28.794,31.596,34.952,8,2.39,6.04,13,2,False,False,DRS Train
Bahrain,Power,34,ALO,Fernando Alonso,Aston Martin,95.717,28.811,33.306,33.6,9,2.0,1.44,14,2,False,False,Battle Defensive
Bahrain,Power,35,ALO,Fernando Alonso,Aston Martin,95.751,31.795,33.1,30.857,8,2.34,0.82,15,2,False,False,Battle Defensive
Bahrain,Power,36,ALO,Fernando Alonso,Aston Martin,117.196,38.334,41.327,37.535,8,3.47,0.34,1,3,True,False,Battle Defensive
Bahrain,Power,37,ALO,Fernando Alonso,Aston Martin,95.352,31.563,32.36,31.429,8,0.17,0.1,2,3,False,False,Battle Offensive
Bahrain,Power,38,ALO,Fernando Alonso,Aston Martin,95.328,32.157,32.471,30.701,8,1.06,0.1,3,3,False,False,Battle Offensive
Bahrain,Power,39,ALO,Fernando Alonso,Aston Martin,95.343,29.677,35.137,30.529,8,0.96,4.71,4,3,False,False,Battle Offensive
Bahrain,Power,40,ALO,Fernando Alonso,Aston Martin,95.692,32.497,32.772,30.422,8,0.1,3.15,5,3,False,False,Battle Offensive
Bahrain,Power,41,ALO,Fernando Alonso,Aston Martin,95.503,32.225,32.226,31.053,8,1.46,0.76,6,3,False,False,Battle Offensive
Bahrain,Power,42,ALO,Fernando Alonso,Aston Martin,95.33,29.173,35.15,31.007,8,1.17,6.6,7,3,False,False,Battle Offensive
Bahrain,Power,43,ALO,Fernando Alonso,Aston Martin,95.204,31.432,33.618,30.154,8,0.71,1.59,8,3,False,False,Battle Offensive
Bahrain,Power,44,ALO,Fernando Alonso,Aston Martin,95.27,30.114,34.81,30.345,8,5.87,4.25,9,3,False,False,Clean Air
Bahrain,Power,45,ALO,Fernando Alonso,Aston Martin,95.618,29.724,32.283,33.611,8,5.65,6.0,10,3,False,False,Clean Air
Bahrain,Power,46,ALO,Fernando Alonso,Aston Martin,95.745,29.183,34.41,32.152,8,0.51,1.05,11,3,False,False,Battle Offensive
Bahrain,Power,47,ALO,Fernando Alonso,Aston Martin,95.492,29.275,31.958,34.259,8,1.7,0.89,12,3,False,False,Battle Defensive
Bahrain,Power,48,ALO,Fernando Alonso,Aston Martin,95.731,31.241,35.158,29.331,8,1.98,5.82,13,3,False,False,DRS Train
Bahrain,Power,49,ALO,Fernando Alonso,Aston Martin,95.705,28.753,34.747,32.205,8,2.68,5.72,14,3,False,False,DRS Train
Bahrain,Power,50,ALO,Fernando Alonso,Aston Martin,95.925,29.233,35.418,31.274,8,4.04,0.28,15,3,False,False,Battle Defensive
Bahrain,Power,51,ALO,Fernando Alonso,Aston Martin,95.758,29.388,33.776,32.594,8,0.1,2.69,16,3,False,False,Battle Offensive
Bahrain,Power,52,ALO,Fernando Alonso,Aston Martin,95.44,28.824,31.697,34.919,8,0.88,6.96,17,3,False,False,Battle Offensive
Bahrain,Power,53,ALO,Fernando Alonso,Aston Martin,96.225,30.25,34.924,31.051,8,0.64,2.38,18,3,False,False,Battle Offensive
Bahrain,Power,54,ALO,Fernando Alonso,Aston Martin,95.62,31.768,32.81,31.042,8,4.3,1.62,19,3,False,False,Clean Air
Bahrain,Power,55,ALO,Fernando Alonso,Aston Martin,95.346,31.811,32.308,31.227,8,0.59,0.22,20,3,False,False,Battle Offensive
Bahrain,Power,56,ALO,Fernando Alonso,Aston Martin,95.675,32.271,32.027,31.377,8,4.34,1.21,21,3,False,False,Battle Defensive
Bahrain,Power,57,ALO,Fernando Alonso,Aston Martin,95.855,30.58,33.195,32.079,8,6.79,2.88,22,3,False,False,Clean Air
Bahrain,Power,1,STR,Lance Stroll,Aston Martin,95.856,31.497,31.895,32.464,12,0.44,2.67,1,1,False,False,Battle Offensive
Bahrain,Power,2,STR,Lance Stroll,Aston Martin,95.37,29.964,33.573,31.833,12,2.37,6.97,2,1,False,False,DRS Train
Bahrain,Power,3,STR,Lance Stroll,Aston Martin,96.294,30.327,32.76,33.207,12,1.29,4.48,3,1,False,False,Battle Offensive
Bahrain,Power,4,STR,Lance Stroll,Aston Martin,95.415,30.133,32.181,33.101,12,1.33,2.82,4,1,False,False,Battle Offensive
Bahrain,Power,5,STR,Lance Stroll,Aston Martin,95.626,29.331,34.92,31.375,12,0.43,4.39,5,1,False,False,Battle Offensive
Bahrain,Power,6,STR,Lance Stroll,Aston Martin,95.83,31.163,33.17,31.497,12,1.75,3.29,6,1,False,False,DRS Train
Bahrain,Power,7,STR,Lance Stroll,Aston Martin,95.458,31.431,34.649,29.378,12,3.49,1.89,7,1,False,False,Clean Air
Bahrain,Power,8,STR,Lance Stroll,Aston Martin,96.292,30.549,33.236,32.507,12,0.4,4.47,8,1,False,False,Battle Offensive
Bahrain,Power,9,STR,Lance Stroll,Aston Martin,95.783,30.704,32.79,32.288,12,4.65,1.65,9,1,False,False,Clean Air
Bahrain,Power,10,STR,Lance Stroll,Aston Martin,96.184,31.657,33.071,31.455,12,0.1,0.79,10,1,False,False,Battle Offensive
Bahrain,Power,11,STR,Lance Stroll,Aston Martin,96.002,31.808,32.702,31.492,12,2.78,4.09,11,1,False,False,DRS Train
Bahrain,Power,12,STR,Lance Stroll,Aston Martin,95.902,29.949,33.744,32.209,12,2.91,0.32,12,1,False,False,Battle Defensive
Bahrain,Power,13,STR,Lance Stroll,Aston Martin,95.651,31.593,35.001,29.058,12,1.35,0.44,13,1,False,False,Battle Offensive
Bahrain,Power,14,STR,Lance Stroll,Aston Martin,96.403,29.55,32.715,34.139,12,0.26,0.1,14,1,False,False,Battle Offensive
Bahrain,Power,15,STR,Lance Stroll,Aston Martin,96.225,32.434,33.369,30.422,12,0.1,4.5,15,1,False,False,Battle Offensive
Bahrain,Power,16,STR,Lance Stroll,Aston Martin,96.556,31.239,33.399,31.917,12,0.1,2.19,16,1,False,False,Battle Offensive
Bahrain,Power,17,STR,Lance Stroll,Aston Martin,96.253,29.921,35.245,31.087,12,9.11,1.96,17,1,False,False,Clean Air
Bahrain,Power,18,STR,Lance Stroll,Aston Martin,96.118,32.036,34.817,29.266,12,1.17,2.0,18,1,False,False,Battle Offensive
Bahrain,Power,19,STR,Lance Stroll,Aston Martin,95.943,29.149,33.389,33.406,12,4.25,6.66,19,1,False,False,Clean Air
Bahrain,Power,20,STR,Lance Stroll,Aston Martin,95.3,29.865,32.953,32.482,12,0.22,0.59,20,1,False,False,Battle Offensive
Bahrain,Power,21,STR,Lance Stroll,Aston Martin,96.904,32.018,32.575,32.312,12,1.89,0.44,21,1,False,False,Battle Defensive
Bahrain,Power,22,STR,Lance Stroll,Aston Martin,96.216,28.998,33.26,33.958,12,1.12,1.31,22,1,False,False,Battle Offensive
Bahrain,Power,23,STR,Lance Stroll,Aston Martin,96.533,32.381,35.314,28.837,12,2.99,0.54,23,1,False,False,Battle Defensive
Bahrain,Power,24,STR,Lance Stroll,Aston Martin,96.777,31.639,35.128,30.011,12,1.32,0.69,24,1,False,False,Battle Offensive
Bahrain,Power,25,STR,Lance Stroll,Aston Martin,96.94,31.685,33.04,32.215,12,1.26,0.42,25,1,False,False,Battle Offensive
Bahrain,Power,26,STR,Lance Stroll,Aston Martin,97.935,30.991,33.993,32.951,12,5.03,0.85,26,1,False,False,Battle Defensive
Bahrain,Power,27,STR,Lance Stroll,Aston Martin,96.791,32.655,34.609,29.527,12,1.0,2.08,27,1,False,False,Battle Offensive
Bahrain,Power,28,STR,Lance Stroll,Aston Martin,117.634,38.892,40.01,38.733,12,3.78,0.1,1,2,True,False,Battle Defensive
Bahrain,Power,29,STR,Lance Stroll,Aston Martin,96.094,30.075,34.311,31.708,12,5.02,0.27,2,2,False,False,Battle Defensive
Bahrain,Power,30,STR,Lance Stroll,Aston Martin,95.582,31.613,32.407,31.562,12,2.87,2.14,3,2,False,False,DRS Train
Bahrain,Power,31,STR,Lance Stroll,Aston Martin,96.373,29.755,32.034,34.584,12,2.95,0.66,4,2,False,False,Battle Defensive
Bahrain,Power,32,STR,Lance Stroll,Aston Martin,95.302,30.415,34.99,29.897,12,4.73,0.12,5,2,False,False,Battle Defensive
Bahrain,Power,33,STR,Lance Stroll,Aston Martin,96.322,31.009,32.459,32.854,12,1.01,1.57,6,2,False,False,Battle Offensive
Bahrain,Power,34,STR,Lance Stroll,Aston Martin,95.693,30.867,33.494,31.333,12,8.4,0.13,7,2,False,False,Battle Defensive
Bahrain,Power,35,STR,Lance Stroll,Aston Martin,95.953,32.307,33.225,30.422,12,0.18,0.24,8,2,False,False,Battle Offensive
Bahrain,Power,36,STR,Lance Stroll,Aston Martin,96.047,31.858,34.294,29.895,12,0.87,1.86,9,2,False,False,Battle Offensive
Bahrain,Power,37,STR,Lance Stroll,Aston Martin,95.505,31.18,33.938,30.388,12,2.85,7.29,10,2,False,False,DRS Train
Bahrain,Power,38,STR,Lance Stroll,Aston Martin,96.332,30.22,32.308,33.804,12,3.26,0.98,11,2,False,False,Battle Defensive
Bahrain,Power,39,STR,Lance Stroll,Aston Martin,96.409,29.321,33.365,33.722,12,0.25,4.45,12,2,False,False,Battle Offensive
Bahrain,Power,40,STR,Lance Stroll,Aston Martin,95.997,29.776,31.728,34.492,12,0.31,0.1,13,2,False,False,Battle Offensive
Bahrain,Power,41,STR,Lance Stroll,Aston Martin,96.165,30.828,32.062,33.275,12,1.94,4.76,14,2,False,False,DRS Train
Bahrain,Power,42,STR,Lance Stroll,Aston Martin,96.325,30.111,32.16,34.055,11,2.34,1.23,15,2,False,False,Battle Defensive
Bahrain,Power,43,STR,Lance Stroll,Aston Martin,95.71,32.058,35.396,28.257,12,0.49,10.92,16,2,False,False,Battle Offensive
Bahrain,Power,44,STR,Lance Stroll,Aston Martin,97.007,31.749,33.235,32.022,12,0.99,0.91,17,2,False,False,Battle Offensive
Bahrain,Power,45,STR,Lance Stroll,Aston Martin,96.039,31.475,34.384,30.179,12,0.36,2.5,18,2,False,False,Battle Offensive
Bahrain,Power,46,STR,Lance Stroll,Aston Martin,96.054,28.915,32.791,34.348,12,1.73,3.28,19,2,False,False,DRS Train
Bahrain,Power,47,STR,Lance Stroll,Aston Martin,96.506,29.437,35.566,31.503,12,1.46,2.4,20,2,False,False,Battle Offensive
Bahrain,Power,48,STR,Lance Stroll,Aston Martin,96.119,30.929,32.618,32.572,12,2.2,1.95,21,2,False,False,DRS Train
Bahrain,Power,49,STR,Lance Stroll,Aston Martin,96.217,31.518,32.723,31.976,12,2.54,4.29,22,2,False,False,DRS Train
Bahrain,Power,50,STR,Lance Stroll,Aston Martin,95.908,31.01,34.451,30.448,12,5.71,4.15,23,2,False,False,Clean Air
Bahrain,Power,51,STR,Lance Stroll,Aston Martin,96.468,30.324,35.351,30.793,12,1.57,0.53,24,2,False,False,Battle Defensive
Bahrain,Power,52,STR,Lance Stroll,Aston Martin,96.846,31.671,33.493,31.682,12,0.1,0.95,25,2,False,False,Battle Offensive
Bahrain,Power,53,STR,Lance Stroll,Aston Martin,96.864,31.324,35.721,29.819,12,1.33,6.82,26,2,False,False,Battle Offensive
Bahrain,Power,54,STR,Lance Stroll,Aston Martin,95.967,29.412,34.195,32.36,12,1.19,0.16,27,2,False,False,Battle Offensive
Bahrain,Power,55,STR,Lance Stroll,Aston Martin,95.715,31.24,33.278,31.196,12,0.31,5.37,28,2,False,False,Battle Offensive
Bahrain,Power,56,STR,Lance Stroll,Aston Martin,96.941,29.67,33.842,33.43,12,2.61,0.16,29,2,False,False,Battle Defensive
Bahrain,Power,57,STR,Lance Stroll,Aston Martin,97.161,29.781,34.917,32.463,12,1.28,1.03,30,2,False,False,Battle Offensive
Bahrain,Power,1,GAS,Pierre Gasly,Alpine,96.486,32.311,34.067,30.108,10,0.59,0.15,1,1,False,False,Battle Offensive
Bahrain,Power,2,GAS,Pierre Gasly,Alpine,95.87,30.281,32.774,32.816,10,1.94,0.21,2,1,False,False,Battle Defensive
Bahrain,Power,3,GAS,Pierre Gasly,Alpine,95.817,29.054,35.221,31.542,10,0.39,0.41,3,1,False,False,Battle Offensive
Bahrain,Power,4,GAS,Pierre Gasly,Alpine,96.763,32.236,34.964,29.563,10,4.41,0.21,4,1,False,False,Battle Defensive
Bahrain,Power,5,GAS,Pierre Gasly,Alpine,95.264,30.792,35.004,29.469,10,0.81,7.07,5,1,False,False,Battle Offensive
Bahrain,Power,6,GAS,Pierre Gasly,Alpine,96.114,28.919,35.495,31.7,10,4.15,7.52,6,1,False,False,Clean Air
Bahrain,Power,7,GAS,Pierre Gasly,Alpine,95.715,31.01,35.041,29.665,10,1.45,2.58,7,1,False,False,Battle Offensive
Bahrain,Power,8,GAS,Pierre Gasly,Alpine,95.843,31.898,34.796,29.148,10,1.21,0.61,8,1,False,False,Battle Offensive
Bahrain,Power,9,GAS,Pierre Gasly,Alpine,96.03,31.982,34.116,29.933,10,4.02,2.02,9,1,False,False,Clean Air
Bahrain,Power,10,GAS,Pierre Gasly,Alpine,96.974,29.947,34.428,32.598,10,1.34,7.92,10,1,False,False,Battle Offensive
Bahrain,Power,11,GAS,Pierre Gasly,Alpine,95.971,31.723,33.68,30.568,10,2.12,0.51,11,1,False,False,Battle Defensive
Bahrain,Power,12,GAS,Pierre Gasly,Alpine,95.807,29.517,33.098,33.191,10,0.21,1.46,12,1,False,False,Battle Offensive
Bahrain,Power,13,GAS,Pierre Gasly,Alpine,96.148,30.317,34.956,30.875,10,0.13,1.27,13,1,False,False,Battle Offensive
Bahrain,Power,14,GAS,Pierre Gasly,Alpine,96.454,32.324,33.982,30.148,10,0.16,0.18,14,1,False,False,Battle Offensive
Bahrain,Power,15,GAS,Pierre Gasly,Alpine,95.939,31.259,31.835,32.845,10,8.03,0.12,15,1,False,False,Battle Defensive
Bahrain,Power,16,GAS,Pierre Gasly,Alpine,96.279,29.831,33.151,33.297,10,0.47,0.34,16,1,False,False,Battle Offensive
Bahrain,Power,17,GAS,Pierre Gasly,Alpine,96.332,29.195,31.806,35.331,10,11.39,2.88,17,1,False,False,Clean Air
Bahrain,Power,18,GAS,Pierre Gasly,Alpine,95.766,30.321,31.695,33.75,9,2.77,2.57,18,1,False,False,DRS Train
Bahrain,Power,19,GAS,Pierre Gasly,Alpine,96.744,30.244,33.447,33.054,10,0.26,7.85,19,1,False,False,Battle Offensive
Bahrain,Power,20,GAS,Pierre Gasly,Alpine,96.426,31.541,33.93,30.955,10,0.68,0.25,20,1,False,False,Battle Offensive
Bahrain,Power,21,GAS,Pierre Gasly,Alpine,96.825,32.891,32.884,31.049,10,0.19,0.82,21,1,False,False,Battle Offensive
Bahrain,Power,22,GAS,Pierre Gasly,Alpine,96.226,30.445,35.52,30.262,10,5.18,4.44,22,1,False,False,Clean Air
Bahrain,Power,23,GAS,Pierre Gasly,Alpine,117.722,37.294,41.572,38.856,10,0.5,4.01,1,2,True,False,Battle Offensive
Bahrain,Power,24,GAS,Pierre Gasly,Alpine,95.63,30.279,33.656,31.694,10,5.03,0.15,2,2,False,False,Battle Defensive
Bahrain,Power,25,GAS,Pierre Gasly,Alpine,96.038,29.322,32.302,34.413,10,1.29,1.83,3,2,False,False,Battle Offensive
Bahrain,Power,26,GAS,Pierre Gasly,Alpine,95.153,30.806,33.591,30.756,10,2.77,1.65,4,2,False,False,DRS Train
Bahrain,Power,27,GAS,Pierre Gasly,Alpine,96.742,29.836,34.797,32.109,10,0.44,1.6,5,2,False,False,Battle Offensive
Bahrain,Power,28,GAS,Pierre Gasly,Alpine,95.657,29.696,34.226,31.735,10,3.79,2.07,6,2,False,False,Clean Air
Bahrain,Power,29,GAS,Pierre Gasly,Alpine,95.795,30.609,32.123,33.063,10,3.32,2.35,7,2,False,False,Clean Air
Bahrain,Power,30,GAS,Pierre Gasly,Alpine,95.23,31.367,31.517,32.346,10,2.29,1.8,8,2,False,False,DRS Train
Bahrain,Power,31,GAS,Pierre Gasly,Alpine,95.66,29.048,33.962,32.65,10,2.2,7.1,9,2,False,False,DRS Train
Bahrain,Power,32,GAS,Pierre Gasly,Alpine,96.223,32.295,34.051,29.877,9,1.84,5.67,10,2,False,False,DRS Train
Bahrain,Power,33,GAS,Pierre Gasly,Alpine,96.23,31.071,32.452,32.707,10,4.15,1.4,11,2,False,False,Battle Defensive
Bahrain,Power,34,GAS,Pierre Gasly,Alpine,96.602,30.629,34.257,31.717,10,0.71,0.91,12,2,False,False,Battle Offensive
Bahrain,Power,35,GAS,Pierre Gasly,Alpine,95.849,29.575,32.716,33.558,10,0.21,0.23,13,2,False,False,Battle Offensive
Bahrain,Power,36,GAS,Pierre Gasly,Alpine,96.442,32.531,31.903,32.008,10,0.1,2.62,14,2,False,False,Battle Offensive
Bahrain,Power,37,GAS,Pierre Gasly,Alpine,96.34,31.457,34.409,30.474,10,0.42,5.43,15,2,False,False,Battle Offensive
Bahrain,Power,38,GAS,Pierre Gasly,Alpine,96.611,29.973,32.734,33.903,10,5.3,0.13,16,2,False,False,Battle Defensive
Bahrain,Power,39,GAS,Pierre Gasly,Alpine,96.774,29.958,34.87,31.947,10,0.37,4.9,17,2,False,False,Battle Offensive
Bahrain,Power,40,GAS,Pierre Gasly,Alpine,96.623,32.599,33.058,30.966,10,1.32,0.59,18,2,False,False,Battle Offensive
Bahrain,Power,41,GAS,Pierre Gasly,Alpine,96.006,31.381,34.483,30.142,10,3.81,3.63,19,2,False,False,Clean Air
Bahrain,Power,42,GAS,Pierre Gasly,Alpine,96.073,30.465,34.184,31.425,10,2.14,0.58,20,2,False,False,Battle Defensive
Bahrain,Power,43,GAS,Pierre Gasly,Alpine,96.832,32.571,33.389,30.872,10,1.3,0.78,21,2,False,False,Battle Offensive
Bahrain,Power,44,GAS,Pierre Gasly,Alpine,96.26,32.56,33.216,30.484,10,3.48,5.68,22,2,False,False,Clean Air
Bahrain,Power,45,GAS,Pierre Gasly,Alpine,96.375,29.871,33.026,33.479,10,1.04,0.16,23,2,False,False,Battle Offensive
Bahrain,Power,46,GAS,Pierre Gasly,Alpine,96.786,29.604,34.612,32.57,10,0.9,4.89,24,2,False,False,Battle Offensive
Bahrain,Power,47,GAS,Pierre Gasly,Alpine,96.451,31.427,33.799,31.226,10,7.25,2.87,25,2,False,False,Clean Air
Bahrain,Power,48,GAS,Pierre Gasly,Alpine,96.873,29.594,35.659,31.621,9,0.32,0.94,26,2,False,False,Battle Offensive
Bahrain,Power,49,GAS,Pierre Gasly,Alpine,96.27,32.523,32.974,30.773,10,3.48,4.18,27,2,False,False,Clean Air
Bahrain,Power,50,GAS,Pierre Gasly,Alpine,96.953,29.294,34.777,32.882,10,2.83,0.73,28,2,False,False,Battle Defensive
Bahrain,Power,51,GAS,Pierre Gasly,Alpine,96.401,32.146,33.929,30.326,10,1.61,4.73,29,2,False,False,DRS Train
Bahrain,Power,52,GAS,Pierre Gasly,Alpine,96.772,32.243,34.681,29.849,10,1.79,2.32,30,2,False,False,DRS Train
Bahrain,Power,53,GAS,Pierre Gasly,Alpine,97.453,30.651,35.587,31.215,10,0.28,4.56,31,2,False,False,Battle Offensive
Bahrain,Power,54,GAS,Pierre Gasly,Alpine,97.312,30.247,33.081,33.984,10,1.31,5.44,32,2,False,False,Battle Offensive
Bahrain,Power,55,GAS,Pierre Gasly,Alpine,97.253,29.718,32.135,35.4,10,7.12,0.89,33,2,False,False,Battle Defensive
Bahrain,Power,56,GAS,Pierre Gasly,Alpine,97.115,30.846,35.466,30.803,10,1.15,1.1,34,2,False,False,Battle Offensive
Bahrain,Power,57,GAS,Pierre Gasly,Alpine,96.883,31.635,34.279,30.97,9,1.76,1.77,35,2,False,False,DRS Train
Bahrain,Power,1,OCO,Esteban Ocon,Alpine,95.527,30.259,33.274,31.994,11,3.84,0.54,1,1,False,False,Battle Defensive
Bahrain,Power,2,OCO,Esteban Ocon,Alpine,95.416,30.9,35.288,29.229,11,0.74,3.49,2,1,False,False,Battle Offensive
Bahrain,Power,3,OCO,Esteban Ocon,Alpine,95.717,29.556,31.588,34.574,11,1.06,0.14,3,1,False,False,Battle Offensive
Bahrain,Power,4,OCO,Esteban Ocon,Alpine,95.506,29.112,31.775,34.619,11,6.16,4.64,4,1,False,False,Clean Air
Bahrain,Power,5,OCO,Esteban Ocon,Alpine,95.485,30.603,32.842,32.04,11,3.22,6.61,5,1,False,False,Clean Air
Bahrain,Power,6,OCO,Esteban Ocon,Alpine,95.938,28.918,35.475,31.545,11,1.17,2.43,6,1,False,False,Battle Offensive
Bahrain,Power,7,OCO,Esteban Ocon,Alpine,95.943,32.089,34.985,28.869,11,1.04,1.47,7,1,False,False,Battle Offensive
Bahrain,Power,8,OCO,Esteban Ocon,Alpine,96.104,30.689,35.508,29.907,12,0.1,3.76,8,1,False,False,Battle Offensive
Bahrain,Power,9,OCO,Esteban Ocon,Alpine,95.962,28.815,33.216,33.93,11,1.93,12.11,9,1,False,False,DRS Train
Bahrain,Power,10,OCO,Esteban Ocon,Alpine,96.203,28.863,32.932,34.408,11,0.67,4.27,10,1,False,False,Battle Offensive
Bahrain,Power,11,OCO,Esteban Ocon,Alpine,95.497,30.243,32.954,32.3,11,0.18,0.52,11,1,False,False,Battle Offensive
Bahrain,Power,12,OCO,Esteban Ocon,Alpine,95.532,29.068,35.169,31.295,11,5.22,5.89,12,1,False,False,Clean Air
Bahrain,Power,13,OCO,Esteban Ocon,Alpine,95.688,29.335,34.575,31.778,11,0.16,0.88,13,1,False,False,Battle Offensive
Bahrain,Power,14,OCO,Esteban Ocon,Alpine,96.151,29.145,35.404,31.602,11,0.33,0.18,14,1,False,False,Battle Offensive
Bahrain,Power,15,OCO,Esteban Ocon,Alpine,96.316,28.946,33.756,33.614,11,0.71,4.91,15,1,False,False,Battle Offensive
Bahrain,Power,16,OCO,Esteban Ocon,Alpine,96.017,30.896,32.3,32.821,11,0.84,0.85,16,1,False,False,Battle Offensive
Bahrain,Power,17,OCO,Esteban Ocon,Alpine,95.852,31.809,34.466,29.576,11,2.94,0.46,17,1,False,False,Battle Defensive
Bahrain,Power,18,OCO,Esteban Ocon,Alpine,96.177,29.006,32.793,34.378,11,1.98,0.23,18,1,False,False,Battle Defensive
Bahrain,Power,19,OCO,Esteban Ocon,Alpine,96.177,29.542,33.247,33.388,11,7.79,7.68,19,1,False,False,Clean Air
Bahrain,Power,20,OCO,Esteban Ocon,Alpine,96.521,32.745,33.325,30.451,11,7.38,0.38,20,1,False,False,Battle Defensive
Bahrain,Power,21,OCO,Esteban Ocon,Alpine,97.163,29.417,33.365,34.381,11,2.47,0.53,21,1,False,False,Battle Defensive
Bahrain,Power,22,OCO,Esteban Ocon,Alpine,96.286,31.183,34.911,30.192,11,0.94,2.52,22,1,False,False,Battle Offensive
Bahrain,Power,23,OCO,Esteban Ocon,Alpine,117.984,38.231,42.22,37.533,11,0.55,0.68,1,2,True,False,Battle Offensive
Bahrain,Power,24,OCO,Esteban Ocon,Alpine,95.366,31.665,32.158,31.543,11,1.13,4.34,2,2,False,False,Battle Offensive
Bahrain,Power,25,OCO,Esteban Ocon,Alpine,95.506,30.981,32.437,32.088,11,0.1,2.93,3,2,False,False,Battle Offensive
Bahrain,Power,26,OCO,Esteban Ocon,Alpine,95.565,29.013,35.018,31.534,11,1.22,0.21,4,2,False,False,Battle Offensive
Bahrain,Power,27,OCO,Esteban Ocon,Alpine,95.975,32.188,33.799,29.989,11,0.33,0.92,5,2,False,False,Battle Offensive
Bahrain,Power,28,OCO,Esteban Ocon,Alpine,95.308,31.489,32.743,31.076,11,1.91,0.54,6,2,False,False,Battle Defensive
Bahrain,Power,29,OCO,Esteban Ocon,Alpine,95.622,31.532,35.071,29.019,11,0.13,0.74,7,2,False,False,Battle Offensive
Bahrain,Power,30,OCO,Esteban Ocon,Alpine,96.19,30.739,33.096,32.356,11,1.38,1.05,8,2,False,False,Battle Offensive
Bahrain,Power,31,OCO,Esteban Ocon,Alpine,96.044,30.126,33.361,32.557,11,3.59,4.18,9,2,False,False,Clean Air
Bahrain,Power,32,OCO,Esteban Ocon,Alpine,96.116,31.231,34.57,30.316,11,3.95,7.08,10,2,False,False,Clean Air
Bahrain,Power,33,OCO,Esteban Ocon,Alpine,96.732,30.762,34.819,31.15,11,1.26,0.13,11,2,False,False,Battle Offensive
Bahrain,Power,34,OCO,Esteban Ocon,Alpine,96.125,30.936,32.506,32.683,11,1.1,2.52,12,2,False,False,Battle Offensive
Bahrain,Power,35,OCO,Esteban Ocon,Alpine,96.042,30.638,35.144,30.261,11,1.65,0.61,13,2,False,False,Battle Defensive
Bahrain,Power,36,OCO,Esteban Ocon,Alpine,95.799,29.213,32.403,34.183,11,1.86,3.07,14,2,False,False,DRS Train
Bahrain,Power,37,OCO,Esteban Ocon,Alpine,96.623,31.813,34.861,29.949,11,2.0,0.42,15,2,False,False,Battle Defensive
Bahrain,Power,38,OCO,Esteban Ocon,Alpine,96.41,29.187,35.276,31.947,11,9.26,2.13,16,2,False,False,Clean Air
Bahrain,Power,39,OCO,Esteban Ocon,Alpine,96.846,30.579,33.793,32.474,11,0.32,0.99,17,2,False,False,Battle Offensive
Bahrain,Power,40,OCO,Esteban Ocon,Alpine,96.802,29.745,33.611,33.446,11,5.09,0.23,18,2,False,False,Battle Defensive
Bahrain,Power,41,OCO,Esteban Ocon,Alpine,97.126,29.901,32.874,34.351,11,0.45,3.07,19,2,False,False,Battle Offensive
Bahrain,Power,42,OCO,Esteban Ocon,Alpine,96.214,32.532,34.519,29.163,11,2.05,4.88,20,2,False,False,DRS Train
Bahrain,Power,43,OCO,Esteban Ocon,Alpine,96.209,30.028,33.798,32.383,11,6.65,1.87,21,2,False,False,Clean Air
Bahrain,Power,44,OCO,Esteban Ocon,Alpine,96.196,31.234,35.476,29.486,11,2.08,2.29,22,2,False,False,DRS Train
Bahrain,Power,45,OCO,Esteban Ocon,Alpine,96.461,29.679,34.405,32.377,11,3.59,2.24,23,2,False,False,Clean Air
Bahrain,Power,46,OCO,Esteban Ocon,Alpine,96.948,29.851,35.115,31.982,11,1.68,1.88,24,2,False,False,DRS Train
Bahrain,Power,47,OCO,Esteban Ocon,Alpine,96.923,30.774,33.057,33.091,10,0.51,0.22,25,2,False,False,Battle Offensive
Bahrain,Power,48,OCO,Esteban Ocon,Alpine,96.702,30.954,33.18,32.568,11,6.75,6.4,26,2,False,False,Clean Air
Bahrain,Power,49,OCO,Esteban Ocon,Alpine,97.213,31.05,32.412,33.751,10,6.33,0.1,27,2,False,False,Battle Defensive
Bahrain,Power,50,OCO,Esteban Ocon,Alpine,96.325,30.76,33.441,32.124,11,8.98,1.82,28,2,False,False,Clean Air
Bahrain,Power,51,OCO,Esteban Ocon,Alpine,96.967,29.846,33.957,33.163,11,0.19,0.28,29,2,False,False,Battle Offensive
Bahrain,Power,52,OCO,Esteban Ocon,Alpine,96.95,32.358,33.011,31.581,11,0.1,0.14,30,2,False,False,Battle Offensive
Bahrain,Power,53,OCO,Esteban Ocon,Alpine,97.029,31.325,33.31,32.395,11,1.37,0.1,31,2,False,False,Battle Offensive
Bahrain,Power,54,OCO,Esteban Ocon,Alpine,97.401,30.331,34.6,32.47,11,1.14,0.26,32,2,False,False,Battle Offensive
Bahrain,Power,55,OCO,Esteban Ocon,Alpine,96.902,30.303,35.562,31.037,11,1.52,1.64,33,2,False,False,DRS Train
Bahrain,Power,56,OCO,Esteban Ocon,Alpine,96.711,31.127,32.881,32.703,11,6.1,2.36,34,2,False,False,Clean Air
Bahrain,Power,57,OCO,Esteban Ocon,Alpine,96.884,31.403,32.281,33.201,11,2.05,1.81,35,2,False,False,DRS Train
Bahrain,Power,1,HUL,Nico Hulkenberg,Haas,95.538,30.884,34.456,30.197,13,2.87,6.74,1,1,False,False,DRS Train
Bahrain,Power,2,HUL,Nico Hulkenberg,Haas,95.577,29.857,32.312,33.408,13,2.62,5.74,2,1,False,False,DRS Train
Bahrain,Power,3,HUL,Nico Hulkenberg,Haas,95.485,29.348,34.399,31.737,13,5.99,3.57,3,1,False,False,Clean Air
Bahrain,Power,4,HUL,Nico Hulkenberg,Haas,95.877,30.014,33.436,32.427,13,1.61,0.64,4,1,False,False,Battle Defensive
Bahrain,Power,5,HUL,Nico Hulkenberg,Haas,96.297,28.97,31.911,35.416,13,0.57,3.66,5,1,False,False,Battle Offensive
Bahrain,Power,6,HUL,Nico Hulkenberg,Haas,96.208,30.355,34.941,30.912,13,1.48,4.24,6,1,False,False,Battle Offensive
Bahrain,Power,7,HUL,Nico Hulkenberg,Haas,96.619,31.943,35.476,29.199,13,6.96,0.81,7,1,False,False,Battle Defensive
Bahrain,Power,8,HUL,Nico Hulkenberg,Haas,96.09,30.315,32.797,32.978,13,0.57,4.0,8,1,False,False,Battle Offensive
Bahrain,Power,9,HUL,Nico Hulkenberg,Haas,96.249,32.222,32.458,31.569,13,9.39,1.18,9,1,False,False,Battle Defensive
Bahrain,Power,10,HUL,Nico Hulkenberg,Haas,96.232,30.385,34.098,31.749,13,7.38,0.62,10,1,False,False,Battle Defensive
Bahrain,Power,11,HUL,Nico Hulkenberg,Haas,96.092,29.473,33.074,33.544,13,0.65,0.15,11,1,False,False,Battle Offensive
Bahrain,Power,12,HUL,Nico Hulkenberg,Haas,96.496,29.535,34.151,32.81,13,1.28,0.15,12,1,False,False,Battle Offensive
Bahrain,Power,13,HUL,Nico Hulkenberg,Haas,96.601,31.653,34.434,30.514,13,3.02,1.32,13,1,False,False,Battle Defensive
Bahrain,Power,14,HUL,Nico Hulkenberg,Haas,96.405,30.857,35.323,30.225,13,0.1,1.15,14,1,False,False,Battle Offensive
Bahrain,Power,15,HUL,Nico Hulkenberg,Haas,96.524,30.721,33.687,32.116,13,4.0,4.99,15,1,False,False,Clean Air
Bahrain,Power,16,HUL,Nico Hulkenberg,Haas,117.788,35.66,41.46,40.667,13,2.99,0.22,1,2,True,False,Battle Defensive
Bahrain,Power,17,HUL,Nico Hulkenberg,Haas,95.857,30.895,31.842,33.119,13,1.35,5.25,2,2,False,False,Battle Offensive
Bahrain,Power,18,HUL,Nico Hulkenberg,Haas,95.898,29.508,32.141,34.248,13,0.86,1.58,3,2,False,False,Battle Offensive
Bahrain,Power,19,HUL,Nico Hulkenberg,Haas,95.598,29.315,32.82,33.464,13,0.88,3.79,4,2,False,False,Battle Offensive
Bahrain,Power,20,HUL,Nico Hulkenberg,Haas,95.897,29.456,35.064,31.376,13,11.08,1.66,5,2,False,False,Clean Air
Bahrain,Power,21,HUL,Nico Hulkenberg,Haas,96.015,29.887,32.393,33.735,13,10.29,0.13,6,2,False,False,Battle Defensive
Bahrain,Power,22,HUL,Nico Hulkenberg,Haas,96.046,30.611,34.023,31.412,13,0.1,0.1,7,2,False,False,Battle Offensive
Bahrain,Power,23,HUL,Nico Hulkenberg,Haas,96.177,30.518,33.799,31.86,13,3.83,0.1,8,2,False,False,Battle Defensive
Bahrain,Power,24,HUL,Nico Hulkenberg,Haas,96.005,32.361,35.376,28.268,13,1.62,1.23,9,2,False,False,Battle Defensive
Bahrain,Power,25,HUL,Nico Hulkenberg,Haas,96.348,29.993,32.87,33.485,12,0.82,7.98,10,2,False,False,Battle Offensive
Bahrain,Power,26,HUL,Nico Hulkenberg,Haas,96.101,29.148,32.307,34.646,13,1.3,16.8,11,2,False,False,Battle Offensive
Bahrain,Power,27,HUL,Nico Hulkenberg,Haas,95.637,32.389,35.174,28.074,13,0.75,0.95,12,2,False,False,Battle Offensive
Bahrain,Power,28,HUL,Nico Hulkenberg,Haas,96.435,28.985,32.817,34.632,13,1.02,2.11,13,2,False,False,Battle Offensive
Bahrain,Power,29,HUL,Nico Hulkenberg,Haas,96.065,29.924,33.769,32.371,13,3.3,13.47,14,2,False,False,Clean Air
Bahrain,Power,30,HUL,Nico Hulkenberg,Haas,96.546,31.293,32.738,32.515,12,0.46,9.48,15,2,False,False,Battle Offensive
Bahrain,Power,31,HUL,Nico Hulkenberg,Haas,96.368,31.267,33.231,31.87,13,1.96,2.97,16,2,False,False,DRS Train
Bahrain,Power,32,HUL,Nico Hulkenberg,Haas,96.883,30.941,35.048,30.893,13,1.21,1.07,17,2,False,False,Battle Offensive
Bahrain,Power,33,HUL,Nico Hulkenberg,Haas,96.54,29.829,33.807,32.905,13,2.15,1.05,18,2,False,False,Battle Defensive
Bahrain,Power,34,HUL,Nico Hulkenberg,Haas,97.217,29.707,34.295,33.214,13,1.47,8.53,19,2,False,False,Battle Offensive
Bahrain,Power,35,HUL,Nico Hulkenberg,Haas,96.234,29.226,33.52,33.488,13,5.06,2.19,20,2,False,False,Clean Air
Bahrain,Power,36,HUL,Nico Hulkenberg,Haas,96.705,32.75,33.628,30.326,13,1.25,5.04,21,2,False,False,Battle Offensive
Bahrain,Power,37,HUL,Nico Hulkenberg,Haas,96.235,30.231,32.973,33.031,13,2.91,0.8,22,2,False,False,Battle Defensive
Bahrain,Power,38,HUL,Nico Hulkenberg,Haas,96.364,32.667,33.385,30.312,13,1.69,0.97,23,2,False,False,Battle Defensive
Bahrain,Power,39,HUL,Nico Hulkenberg,Haas,117.782,38.196,39.285,40.301,14,10.24,0.69,1,3,True,False,Battle Defensive
Bahrain,Power,40,HUL,Nico Hulkenberg,Haas,96.295,29.701,35.019,31.575,13,2.82,0.17,2,3,False,False,Battle Defensive
Bahrain,Power,41,HUL,Nico Hulkenberg,Haas,96.13,30.934,32.206,32.99,13,0.36,7.66,3,3,False,False,Battle Offensive
Bahrain,Power,42,HUL,Nico Hulkenberg,Haas,95.549,31.355,32.362,31.831,13,0.86,0.68,4,3,False,False,Battle Offensive
Bahrain,Power,43,HUL,Nico Hulkenberg,Haas,95.484,31.701,32.433,31.35,13,9.37,7.73,5,3,False,False,Clean Air
Bahrain,Power,44,HUL,Nico Hulkenberg,Haas,96.039,32.057,33.075,30.907,13,0.78,1.76,6,3,False,False,Battle Offensive
Bahrain,Power,45,HUL,Nico Hulkenberg,Haas,96.015,28.842,33.256,33.916,13,2.91,0.94,7,3,False,False,Battle Defensive
Bahrain,Power,46,HUL,Nico Hulkenberg,Haas,95.753,30.435,34.383,30.935,13,3.63,0.91,8,3,False,False,Battle Defensive
Bahrain,Power,47,HUL,Nico Hulkenberg,Haas,96.011,31.145,35.198,29.668,13,2.95,10.93,9,3,False,False,DRS Train
Bahrain,Power,48,HUL,Nico Hulkenberg,Haas,95.588,30.891,34.943,29.753,13,2.1,0.8,10,3,False,False,Battle Defensive
Bahrain,Power,49,HUL,Nico Hulkenberg,Haas,95.986,29.69,33.564,32.732,13,2.11,2.5,11,3,False,False,DRS Train
Bahrain,Power,50,HUL,Nico Hulkenberg,Haas,96.093,29.34,35.277,31.476,13,1.75,0.97,12,3,False,False,Battle Defensive
Bahrain,Power,51,HUL,Nico Hulkenberg,Haas,96.165,31.957,34.688,29.52,13,5.06,3.07,13,3,False,False,Clean Air
Bahrain,Power,52,HUL,Nico Hulkenberg,Haas,96.664,31.498,33.671,31.494,13,0.3,2.58,14,3,False,False,Battle Offensive
Bahrain,Power,53,HUL,Nico Hulkenberg,Haas,95.994,30.893,32.19,32.911,13,2.55,0.21,15,3,False,False,Battle Defensive
Bahrain,Power,54,HUL,Nico Hulkenberg,Haas,96.118,29.246,34.216,32.656,13,2.94,3.96,16,3,False,False,DRS Train
Bahrain,Power,55,HUL,Nico Hulkenberg,Haas,96.358,29.91,33.282,33.166,13,2.46,0.2,17,3,False,False,Battle Defensive
Bahrain,Power,56,HUL,Nico Hulkenberg,Haas,96.422,29.36,34.658,32.404,13,7.16,2.36,18,3,False,False,Clean Air
Bahrain,Power,57,HUL,Nico Hulkenberg,Haas,96.145,32.423,31.823,31.9,13,0.8,2.55,19,3,False,False,Battle Offensive
Monaco,Street,1,VER,Max Verstappen,Red Bull,74.553,24.25,26.174,24.128,1,,2.49,1,1,False,False,Clean Air
Monaco,Street,2,VER,Max Verstappen,Red Bull,74.39,24.481,27.136,22.772,1,,2.18,2,1,False,False,Clean Air
Monaco,Street,3,VER,Max Verstappen,Red Bull,74.422,23.507,24.931,25.984,1,,0.53,3,1,False,False,Battle Defensive
Monaco,Street,4,VER,Max Verstappen,Red Bull,74.381,23.089,27.04,24.252,1,,0.57,4,1,False,False,Battle Defensive
Monaco,Street,5,VER,Max Verstappen,Red Bull,74.391,24.369,25.393,24.629,1,,3.14,5,1,False,False,Clean Air
Monaco,Street,6,VER,Max Verstappen,Red Bull,74.462,24.185,24.803,25.475,1,,2.96,6,1,False,False,Clean Air
Monaco,Street,7,VER,Max Verstappen,Red Bull,74.165,24.036,25.431,24.698,1,,1.8,7,1,False,False,Clean Air
Monaco,Street,8,VER,Max Verstappen,Red Bull,74.388,24.724,26.55,23.114,1,,3.75,8,1,False,False,Clean Air
Monaco,Street,9,VER,Max Verstappen,Red Bull,74.367,22.367,25.826,26.174,1,,1.72,9,1,False,False,Clean Air
Monaco,Street,10,VER,Max Verstappen,Red Bull,74.675,23.053,26.498,25.124,1,,0.1,10,1,False,False,Battle Defensive
Monaco,Street,11,VER,Max Verstappen,Red Bull,74.35,24.547,25.289,24.514,1,,0.1,11,1,False,False,Battle Defensive
Monaco,Street,12,VER,Max Verstappen,Red Bull,74.186,24.727,25.946,23.514,1,,5.64,12,1,False,False,Clean Air
Monaco,Street,13,VER,Max Verstappen,Red Bull,74.439,23.103,27.181,24.155,1,,6.07,13,1,False,False,Clean Air
Monaco,Street,14,VER,Max Verstappen,Red Bull,74.469,23.966,26.612,23.891,1,,0.55,14,1,False,False,Battle Defensive
Monaco,Street,15,VER,Max Verstappen,Red Bull,74.314,22.505,26.956,24.853,1,,1.58,15,1,False,False,Clean Air
Monaco,Street,16,VER,Max Verstappen,Red Bull,74.272,23.806,24.828,25.637,1,,1.81,16,1,False,False,Clean Air
Monaco,Street,17,VER,Max Verstappen,Red Bull,74.24,24.767,26.118,23.356,1,,3.31,17,1,False,False,Clean Air
Monaco,Street,18,VER,Max Verstappen,Red Bull,74.587,23.061,25.265,26.262,1,,0.45,18,1,False,False,Battle Defensive
Monaco,Street,19,VER,Max Verstappen,Red Bull,74.49,23.868,25.001,25.621,1,,0.14,19,1,False,False,Battle Defensive
Monaco,Street,20,VER,Max Verstappen,Red Bull,74.58,24.419,25.286,24.874,1,,0.51,20,1,False,False,Battle Defensive
Monaco,Street,21,VER,Max Verstappen,Red Bull,74.747,23.093,27.229,24.425,1,,0.35,21,1,False,False,Battle Defensive
Monaco,Street,22,VER,Max Verstappen,Red Bull,74.817,23.097,24.924,26.796,1,,1.68,22,1,False,False,Clean Air
Monaco,Street,23,VER,Max Verstappen,Red Bull,74.862,23.878,27.326,23.657,1,,1.49,23,1,False,False,Battle Defensive
Monaco,Street,24,VER,Max Verstappen,Red Bull,74.463,24.696,26.6,23.167,1,,0.79,24,1,False,False,Battle Defensive
Monaco,Street,25,VER,Max Verstappen,Red Bull,95.302,28.617,34.52,32.164,1,,0.25,25,1,False,True,Battle Defensive
Monaco,Street,26,VER,Max Verstappen,Red Bull,96.349,29.228,34.763,32.358,1,,0.2,26,1,False,True,Battle Defensive
Monaco,Street,27,VER,Max Verstappen,Red Bull,99.242,30.619,35.853,32.77,1,,3.31,27,1,False,True,Clean Air
Monaco,Street,28,VER,Max Verstappen,Red Bull,98.965,32.496,36.245,30.224,1,,0.24,28,1,False,True,Battle Defensive
Monaco,Street,29,VER,Max Verstappen,Red Bull,101.69,33.706,34.549,33.435,1,,0.37,29,1,False,True,Battle Defensive
Monaco,Street,30,VER,Max Verstappen,Red Bull,74.66,23.475,26.886,24.298,1,,0.16,30,1,False,False,Battle Defensive
Monaco,Street,31,VER,Max Verstappen,Red Bull,74.85,23.353,24.804,26.694,1,,1.73,31,1,False,False,Clean Air
Monaco,Street,32,VER,Max Verstappen,Red Bull,74.787,23.604,27.345,23.838,1,,2.52,32,1,False,False,Clean Air
Monaco,Street,33,VER,Max Verstappen,Red Bull,74.728,25.139,25.122,24.467,1,,4.2,33,1,False,False,Clean Air
Monaco,Street,34,VER,Max Verstappen,Red Bull,74.89,23.297,26.061,25.532,1,,2.46,34,1,False,False,Clean Air
Monaco,Street,35,VER,Max Verstappen,Red Bull,74.916,25.118,27.596,22.202,1,,1.06,35,1,False,False,Battle Defensive
Monaco,Street,36,VER,Max Verstappen,Red Bull,96.103,30.151,31.787,34.165,1,,2.73,1,2,True,False,Clean Air
Monaco,Street,37,VER,Max Verstappen,Red Bull,74.259,23.571,26.065,24.623,1,,2.5,2,2,False,False,Clean Air
Monaco,Street,38,VER,Max Verstappen,Red Bull,74.157,22.679,27.076,24.402,1,,3.43,3,2,False,False,Clean Air
Monaco,Street,39,VER,Max Verstappen,Red Bull,74.231,23.986,26.271,23.974,1,,1.08,4,2,False,False,Battle Defensive
Monaco,Street,40,VER,Max Verstappen,Red Bull,74.306,22.449,26.605,25.252,1,,3.36,5,2,False,False,Clean Air
Monaco,Street,41,VER,Max Verstappen,Red Bull,74.521,23.869,25.908,24.744,1,,0.14,6,2,False,False,Battle Defensive
Monaco,Street,42,VER,Max Verstappen,Red Bull,74.245,24.959,24.503,24.782,1,,5.08,7,2,False,False,Clean Air
Monaco,Street,43,VER,Max Verstappen,Red Bull,74.452,22.579,25.217,26.655,1,,2.41,8,2,False,False,Clean Air
Monaco,Street,44,VER,Max Verstappen,Red Bull,74.31,23.74,27.301,23.269,1,,1.56,9,2,False,False,Clean Air
Monaco,Street,45,VER,Max Verstappen,Red Bull,74.436,22.776,27.333,24.328,1,,1.52,10,2,False,False,Clean Air
Monaco,Street,46,VER,Max Verstappen,Red Bull,74.491,24.889,27.364,22.238,1,,0.9,11,2,False,False,Battle Defensive
Monaco,Street,47,VER,Max Verstappen,Red Bull,74.4,22.404,27.097,24.899,1,,6.74,12,2,False,False,Clean Air
Monaco,Street,48,VER,Max Verstappen,Red Bull,74.859,23.745,25.621,25.493,1,,1.11,13,2,False,False,Battle Defensive
Monaco,Street,49,VER,Max Verstappen,Red Bull,74.231,22.284,25.721,26.226,1,,9.02,14,2,False,False,Clean Air
Monaco,Street,50,VER,Max Verstappen,Red Bull,74.3,23.875,27.479,22.946,1,,0.1,15,2,False,False,Battle Defensive
Monaco,Street,51,VER,Max Verstappen,Red Bull,74.574,22.496,25.226,26.851,1,,4.03,16,2,False,False,Clean Air
Monaco,Street,52,VER,Max Verstappen,Red Bull,74.432,24.421,25.454,24.557,1,,6.48,17,2,False,False,Clean Air
Monaco,Street,53,VER,Max Verstappen,Red Bull,74.693,24.35,26.865,23.477,1,,0.78,18,2,False,False,Battle Defensive
Monaco,Street,54,VER,Max Verstappen,Red Bull,74.616,22.785,24.969,26.862,1,,2.44,19,2,False,False,Clean Air
Monaco,Street,55,VER,Max Verstappen,Red Bull,74.61,22.494,24.862,27.254,1,,1.84,20,2,False,False,Clean Air
Monaco,Street,56,VER,Max Verstappen,Red Bull,74.944,23.134,26.357,25.454,1,,1.04,21,2,False,False,Battle Defensive
Monaco,Street,57,VER,Max Verstappen,Red Bull,74.677,23.529,27.526,23.622,1,,8.62,22,2,False,False,Clean Air
Monaco,Street,58,VER,Max Verstappen,Red Bull,74.785,24.04,26.183,24.562,1,,0.8,23,2,False,False,Battle Defensive
Monaco,Street,59,VER,Max Verstappen,Red Bull,74.654,23.417,27.483,23.755,1,,0.1,24,2,False,False,Battle Defensive
Monaco,Street,60,VER,Max Verstappen,Red Bull,74.816,24.442,25.065,25.309,1,,5.84,25,2,False,False,Clean Air
Monaco,Street,61,VER,Max Verstappen,Red Bull,74.633,24.835,26.23,23.567,1,,3.63,26,2,False,False,Clean Air
Monaco,Street,62,VER,Max Verstappen,Red Bull,74.806,22.693,26.61,25.503,1,,4.91,27,2,False,False,Clean Air
Monaco,Street,63,VER,Max Verstappen,Red Bull,74.548,22.458,24.957,27.133,1,,3.59,28,2,False,False,Clean Air
Monaco,Street,64,VER,Max Verstappen,Red Bull,74.865,24.019,26.709,24.136,1,,2.43,29,2,False,False,Clean Air
Monaco,Street,65,VER,Max Verstappen,Red Bull,74.681,22.406,27.522,24.753,1,,4.22,30,2,False,False,Clean Air
Monaco,Street,66,VER,Max Verstappen,Red Bull,74.803,23.78,24.99,26.033,1,,6.24,31,2,False,False,Clean Air
Monaco,Street,67,VER,Max Verstappen,Red Bull,75.013,25.213,26.845,22.955,1,,0.1,32,2,False,False,Battle Defensive
Monaco,Street,68,VER,Max Verstappen,Red Bull,74.983,23.65,25.998,25.335,1,,0.96,33,2,False,False,Battle Defensive
Monaco,Street,69,VER,Max Verstappen,Red Bull,74.701,22.76,26.006,25.936,1,,0.11,34,2,False,False,Battle Defensive
Monaco,Street,70,VER,Max Verstappen,Red Bull,75.135,23.627,25.873,25.635,1,,0.21,35,2,False,False,Battle Defensive
Monaco,Street,71,VER,Max Verstappen,Red Bull,75.1,23.554,27.203,24.343,1,,1.88,36,2,False,False,Clean Air
Monaco,Street,72,VER,Max Verstappen,Red Bull,74.968,24.254,27.542,23.173,1,,1.03,37,2,False,False,Battle Defensive
Monaco,Street,73,VER,Max Verstappen,Red Bull,74.989,24.31,26.329,24.349,1,,5.97,38,2,False,False,Clean Air
Monaco,Street,74,VER,Max Verstappen,Red Bull,74.986,22.815,27.08,25.091,1,,3.71,39,2,False,False,Clean Air
Monaco,Street,75,VER,Max Verstappen,Red Bull,75.022,23.378,25.003,26.641,1,,0.59,40,2,False,False,Battle Defensive
Monaco,Street,76,VER,Max Verstappen,Red Bull,75.109,23.368,25.34,26.401,1,,0.89,41,2,False,False,Battle Defensive
Monaco,Street,77,VER,Max Verstappen,Red Bull,75.037,22.741,26.755,25.541,1,,3.28,42,2,False,False,Clean Air
Monaco,Street,78,VER,Max Verstappen,Red Bull,74.958,25.237,26.485,23.235,1,,0.84,43,2,False,False,Battle Defensive
Monaco,Street,1,NOR,Lando Norris,McLaren,74.36,24.75,25.815,23.796,4,1.55,4.26,1,1,False,False,DRS Train
Monaco,Street,2,NOR,Lando Norris,McLaren,74.322,22.664,26.26,25.398,4,0.78,1.83,2,1,False,False,Battle Offensive
Monaco,Street,3,NOR,Lando Norris,McLaren,74.803,23.798,24.799,26.206,4,3.32,0.97,3,1,False,False,Battle Defensive
Monaco,Street,4,NOR,Lando Norris,McLaren,75.18,25.156,26.622,23.401,4,0.56,0.29,4,1,False,False,Battle Offensive
Monaco,Street,5,NOR,Lando Norris,McLaren,75.157,23.151,27.448,24.559,4,3.25,0.31,5,1,False,False,Battle Defensive
Monaco,Street,6,NOR,Lando Norris,McLaren,74.283,24.809,26.097,23.378,4,2.42,2.54,6,1,False,False,DRS Train
Monaco,Street,7,NOR,Lando Norris,McLaren,74.522,24.612,24.876,25.034,4,1.59,9.92,7,1,False,False,DRS Train
Monaco,Street,8,NOR,Lando Norris,McLaren,74.405,24.479,26.058,23.869,4,12.62,0.48,8,1,False,False,Battle Defensive
Monaco,Street,9,NOR,Lando Norris,McLaren,75.205,25.338,24.865,25.001,4,2.85,0.57,9,1,False,False,Battle Defensive
Monaco,Street,10,NOR,Lando Norris,McLaren,74.869,24.406,25.613,24.85,4,0.16,1.49,10,1,False,False,Battle Offensive
Monaco,Street,11,NOR,Lando Norris,McLaren,74.485,24.984,24.61,24.891,4,1.54,0.82,11,1,False,False,Battle Defensive
Monaco,Street,12,NOR,Lando Norris,McLaren,74.838,22.781,25.862,26.194,4,1.01,3.21,12,1,False,False,Battle Offensive
Monaco,Street,13,NOR,Lando Norris,McLaren,74.62,23.152,24.901,26.567,6,0.69,0.1,13,1,False,False,Battle Offensive
Monaco,Street,14,NOR,Lando Norris,McLaren,74.588,25.123,24.893,24.572,4,22.0,0.1,14,1,False,False,Battle Defensive
Monaco,Street,15,NOR,Lando Norris,McLaren,74.357,24.589,27.294,22.474,4,7.76,2.36,15,1,False,False,Clean Air
Monaco,Street,16,NOR,Lando Norris,McLaren,75.221,25.24,26.907,23.074,4,1.65,0.95,16,1,False,False,Battle Defensive
Monaco,Street,17,NOR,Lando Norris,McLaren,74.512,24.766,25.719,24.027,4,1.84,2.09,17,1,False,False,DRS Train
Monaco,Street,18,NOR,Lando Norris,McLaren,74.38,23.782,24.557,26.041,4,0.12,0.49,18,1,False,False,Battle Offensive
Monaco,Street,19,NOR,Lando Norris,McLaren,74.683,23.572,26.635,24.477,3,8.95,0.43,19,1,False,False,Battle Defensive
Monaco,Street,20,NOR,Lando Norris,McLaren,75.36,23.859,25.379,26.122,4,0.61,0.62,20,1,False,False,Battle Offensive
Monaco,Street,21,NOR,Lando Norris,McLaren,74.632,23.55,24.74,26.343,4,5.56,0.85,21,1,False,False,Battle Defensive
Monaco,Street,22,NOR,Lando Norris,McLaren,75.121,23.109,26.178,25.834,4,6.24,2.8,22,1,False,False,Clean Air
Monaco,Street,23,NOR,Lando Norris,McLaren,75.143,25.247,27.625,22.271,3,5.83,0.13,23,1,False,False,Battle Defensive
Monaco,Street,24,NOR,Lando Norris,McLaren,75.318,25.155,26.485,23.678,4,1.51,4.51,24,1,False,False,DRS Train
Monaco,Street,25,NOR,Lando Norris,McLaren,98.516,30.113,32.914,35.489,4,4.07,1.78,25,1,False,True,Clean Air
Monaco,Street,26,NOR,Lando Norris,McLaren,104.653,34.401,38.691,31.561,4,1.92,0.22,26,1,False,True,Battle Defensive
Monaco,Street,27,NOR,Lando Norris,McLaren,130.954,39.4,46.521,45.033,4,2.79,3.03,1,2,True,True,DRS Train
Monaco,Street,28,NOR,Lando Norris,McLaren,97.211,31.501,35.38,30.331,4,0.45,2.08,2,2,False,True,Battle Offensive
Monaco,Street,29,NOR,Lando Norris,McLaren,99.422,31.078,33.145,35.2,4,3.26,0.95,3,2,False,True,Battle Defensive
Monaco,Street,30,NOR,Lando Norris,McLaren,74.366,23.578,25.856,24.931,4,2.89,3.08,4,2,False,False,DRS Train
Monaco,Street,31,NOR,Lando Norris,McLaren,74.51,23.609,24.87,26.031,4,2.87,5.13,5,2,False,False,DRS Train
Monaco,Street,32,NOR,Lando Norris,McLaren,74.774,24.421,24.99,25.363,4,0.34,1.34,6,2,False,False,Battle Offensive
Monaco,Street,33,NOR,Lando Norris,McLaren,74.734,25.016,25.9,23.818,4,4.1,4.36,7,2,False,False,Clean Air
Monaco,Street,34,NOR,Lando Norris,McLaren,74.788,23.775,27.537,23.476,4,18.29,0.48,8,2,False,False,Battle Defensive
Monaco,Street,35,NOR,Lando Norris,McLaren,74.707,25.12,26.272,23.316,4,6.3,0.93,9,2,False,False,Battle Defensive
Monaco,Street,36,NOR,Lando Norris,McLaren,74.674,23.906,24.822,25.946,4,4.03,2.5,10,2,False,False,Clean Air
Monaco,Street,37,NOR,Lando Norris,McLaren,74.955,24.64,26.479,23.837,4,0.54,2.33,11,2,False,False,Battle Offensive
Monaco,Street,38,NOR,Lando Norris,McLaren,75.282,25.271,27.05,22.961,5,7.38,0.14,12,2,False,False,Battle Defensive
Monaco,Street,39,NOR,Lando Norris,McLaren,75.249,24.764,26.74,23.745,4,0.77,4.48,13,2,False,False,Battle Offensive
Monaco,Street,40,NOR,Lando Norris,McLaren,75.066,23.852,27.53,23.684,4,0.38,1.46,14,2,False,False,Battle Offensive
Monaco,Street,41,NOR,Lando Norris,McLaren,74.288,25.14,26.477,22.671,4,3.98,2.19,15,2,False,False,Clean Air
Monaco,Street,42,NOR,Lando Norris,McLaren,74.677,23.016,25.209,26.451,4,1.33,0.89,16,2,False,False,Battle Offensive
Monaco,Street,43,NOR,Lando Norris,McLaren,75.016,24.711,27.148,23.157,4,0.34,0.93,17,2,False,False,Battle Offensive
Monaco,Street,44,NOR,Lando Norris,McLaren,74.633,24.569,25.785,24.278,4,0.37,1.02,18,2,False,False,Battle Offensive
Monaco,Street,45,NOR,Lando Norris,McLaren,74.828,23.203,26.162,25.463,4,3.84,1.7,19,2,False,False,Clean Air
Monaco,Street,46,NOR,Lando Norris,McLaren,75.111,25.401,27.413,22.297,4,0.2,2.4,20,2,False,False,Battle Offensive
Monaco,Street,47,NOR,Lando Norris,McLaren,75.036,25.511,26.63,22.896,4,0.73,2.67,21,2,False,False,Battle Offensive
Monaco,Street,48,NOR,Lando Norris,McLaren,74.917,22.759,24.821,27.337,4,1.41,0.85,22,2,False,False,Battle Offensive
Monaco,Street,49,NOR,Lando Norris,McLaren,75.172,25.504,26.885,22.783,5,0.16,3.19,23,2,False,False,Battle Offensive
Monaco,Street,50,NOR,Lando Norris,McLaren,96.694,32.303,33.288,31.102,4,5.37,7.4,1,3,True,False,Clean Air
Monaco,Street,51,NOR,Lando Norris,McLaren,74.598,23.72,26.994,23.885,4,0.76,7.32,2,3,False,False,Battle Offensive
Monaco,Street,52,NOR,Lando Norris,McLaren,74.52,23.966,26.826,23.728,5,3.5,2.43,3,3,False,False,Clean Air
Monaco,Street,53,NOR,Lando Norris,McLaren,74.845,24.959,25.189,24.698,4,1.11,1.3,4,3,False,False,Battle Offensive
Monaco,Street,54,NOR,Lando Norris,McLaren,74.656,23.557,25.961,25.137,4,0.81,0.17,5,3,False,False,Battle Offensive
Monaco,Street,55,NOR,Lando Norris,McLaren,74.841,25.396,27.215,22.229,4,0.39,1.86,6,3,False,False,Battle Offensive
Monaco,Street,56,NOR,Lando Norris,McLaren,74.35,23.136,25.573,25.641,4,0.1,2.69,7,3,False,False,Battle Offensive
Monaco,Street,57,NOR,Lando Norris,McLaren,74.998,23.915,27.629,23.455,4,0.59,1.93,8,3,False,False,Battle Offensive
Monaco,Street,58,NOR,Lando Norris,McLaren,74.893,22.708,25.792,26.394,4,2.82,5.96,9,3,False,False,DRS Train
Monaco,Street,59,NOR,Lando Norris,McLaren,74.831,22.633,26.833,25.365,4,0.31,0.99,10,3,False,False,Battle Offensive
Monaco,Street,60,NOR,Lando Norris,McLaren,74.415,23.869,27.472,23.074,4,2.44,8.81,11,3,False,False,DRS Train
Monaco,Street,61,NOR,Lando Norris,McLaren,74.794,23.885,25.563,25.345,4,0.69,3.4,12,3,False,False,Battle Offensive
Monaco,Street,62,NOR,Lando Norris,McLaren,74.459,22.343,25.415,26.702,4,0.75,0.1,13,3,False,False,Battle Offensive
Monaco,Street,63,NOR,Lando Norris,McLaren,74.743,24.871,25.014,24.858,4,2.34,1.29,14,3,False,False,Battle Defensive
Monaco,Street,64,NOR,Lando Norris,McLaren,75.281,23.946,25.353,25.982,4,2.67,1.04,15,3,False,False,Battle Defensive
Monaco,Street,65,NOR,Lando Norris,McLaren,75.029,24.018,26.747,24.264,4,4.37,0.15,16,3,False,False,Battle Defensive
Monaco,Street,66,NOR,Lando Norris,McLaren,74.197,23.267,26.619,24.311,4,6.09,5.17,17,3,False,False,Clean Air
Monaco,Street,67,NOR,Lando Norris,McLaren,74.602,24.455,26.458,23.69,4,0.85,0.72,18,3,False,False,Battle Offensive
Monaco,Street,68,NOR,Lando Norris,McLaren,74.927,23.816,26.376,24.735,3,5.99,0.1,19,3,False,False,Battle Defensive
Monaco,Street,69,NOR,Lando Norris,McLaren,74.987,23.271,27.201,24.515,4,7.23,0.6,20,3,False,False,Battle Defensive
Monaco,Street,70,NOR,Lando Norris,McLaren,74.86,24.473,26.292,24.095,4,0.54,0.23,21,3,False,False,Battle Offensive
Monaco,Street,71,NOR,Lando Norris,McLaren,74.587,23.288,26.178,25.12,4,2.72,2.23,22,3,False,False,DRS Train
Monaco,Street,72,NOR,Lando Norris,McLaren,74.92,23.333,24.937,26.651,4,3.64,9.0,23,3,False,False,Clean Air
Monaco,Street,73,NOR,Lando Norris,McLaren,75.064,25.365,24.979,24.719,4,1.44,4.26,24,3,False,False,Battle Offensive
Monaco,Street,74,NOR,Lando Norris,McLaren,74.613,24.407,25.299,24.908,4,1.52,2.35,25,3,False,False,DRS Train
Monaco,Street,75,NOR,Lando Norris,McLaren,75.415,23.196,27.578,24.64,4,0.24,1.72,26,3,False,False,Battle Offensive
Monaco,Street,76,NOR,Lando Norris,McLaren,74.404,23.598,26.296,24.51,4,1.41,0.55,27,3,False,False,Battle Offensive
Monaco,Street,77,NOR,Lando Norris,McLaren,74.636,24.804,25.789,24.044,4,0.17,3.27,28,3,False,False,Battle Offensive
Monaco,Street,78,NOR,Lando Norris,McLaren,75.231,23.409,26.771,25.05,4,3.97,0.91,29,3,False,False,Battle Defensive
Monaco,Street,1,LEC,Charles Leclerc,Ferrari,74.794,24.689,24.735,25.37,3,2.34,1.85,1,1,False,False,DRS Train
Monaco,Street,2,LEC,Charles Leclerc,Ferrari,74.092,24.248,25.066,24.778,3,1.82,1.89,2,1,False,False,DRS Train
Monaco,Street,3,LEC,Charles Leclerc,Ferrari,74.712,24.564,25.728,24.421,3,1.34,0.83,3,1,False,False,Battle Offensive
Monaco,Street,4,LEC,Charles Leclerc,Ferrari,74.79,24.826,25.48,24.484,3,2.35,1.21,4,1,False,False,Battle Defensive
Monaco,Street,5,LEC,Charles Leclerc,Ferrari,74.177,22.64,24.516,27.021,3,1.04,1.72,5,1,False,False,Battle Offensive
Monaco,Street,6,LEC,Charles Leclerc,Ferrari,74.251,24.031,27.137,23.083,3,0.42,3.05,6,1,False,False,Battle Offensive
Monaco,Street,7,LEC,Charles Leclerc,Ferrari,75.114,23.959,24.8,26.356,3,0.1,2.14,7,1,False,False,Battle Offensive
Monaco,Street,8,LEC,Charles Leclerc,Ferrari,74.585,24.49,25.144,24.951,3,0.1,1.35,8,1,False,False,Battle Offensive
Monaco,Street,9,LEC,Charles Leclerc,Ferrari,75.096,25.092,26.997,23.007,3,0.39,3.61,9,1,False,False,Battle Offensive
Monaco,Street,10,LEC,Charles Leclerc,Ferrari,74.774,23.983,26.432,24.359,3,5.35,1.42,10,1,False,False,Battle Defensive
Monaco,Street,11,LEC,Charles Leclerc,Ferrari,74.524,22.546,26.376,25.602,3,6.17,1.56,11,1,False,False,Clean Air
Monaco,Street,12,LEC,Charles Leclerc,Ferrari,74.647,24.066,26.187,24.395,3,8.99,1.96,12,1,False,False,Clean Air
Monaco,Street,13,LEC,Charles Leclerc,Ferrari,75.302,23.063,24.895,27.344,3,0.85,1.79,13,1,False,False,Battle Offensive
Monaco,Street,14,LEC,Charles Leclerc,Ferrari,74.547,24.011,26.386,24.15,3,0.94,2.22,14,1,False,False,Battle Offensive
Monaco,Street,15,LEC,Charles Leclerc,Ferrari,74.403,24.886,26.233,23.285,3,3.77,7.08,15,1,False,False,Clean Air
Monaco,Street,16,LEC,Charles Leclerc,Ferrari,74.452,23.094,27.542,23.816,3,0.33,0.28,16,1,False,False,Battle Offensive
Monaco,Street,17,LEC,Charles Leclerc,Ferrari,74.731,24.296,25.753,24.682,3,0.52,0.4,17,1,False,False,Battle Offensive
Monaco,Street,18,LEC,Charles Leclerc,Ferrari,74.772,24.897,26.364,23.511,3,4.26,7.92,18,1,False,False,Clean Air
Monaco,Street,19,LEC,Charles Leclerc,Ferrari,74.685,22.569,26.246,25.87,3,4.12,1.78,19,1,False,False,Clean Air
Monaco,Street,20,LEC,Charles Leclerc,Ferrari,74.898,25.262,27.024,22.612,3,4.14,4.03,20,1,False,False,Clean Air
Monaco,Street,21,LEC,Charles Leclerc,Ferrari,75.349,23.773,25.839,25.737,3,0.15,1.82,21,1,False,False,Battle Offensive
Monaco,Street,22,LEC,Charles Leclerc,Ferrari,74.811,24.45,25.552,24.81,3,6.84,1.13,22,1,False,False,Battle Defensive
Monaco,Street,23,LEC,Charles Leclerc,Ferrari,75.13,24.085,25.787,25.257,3,3.18,3.42,23,1,False,False,Clean Air
Monaco,Street,24,LEC,Charles Leclerc,Ferrari,75.172,23.713,26.881,24.579,3,1.77,1.28,24,1,False,False,Battle Defensive
Monaco,Street,25,LEC,Charles Leclerc,Ferrari,105.495,34.303,36.376,34.816,3,2.31,0.28,25,1,False,True,Battle Defensive
Monaco,Street,26,LEC,Charles Leclerc,Ferrari,97.578,30.469,32.795,34.314,3,4.21,0.67,26,1,False,True,Battle Defensive
Monaco,Street,27,LEC,Charles Leclerc,Ferrari,97.833,30.465,34.156,33.211,3,0.77,1.39,27,1,False,True,Battle Offensive
Monaco,Street,28,LEC,Charles Leclerc,Ferrari,94.072,31.746,31.444,30.882,3,3.04,0.1,28,1,False,True,Battle Defensive
Monaco,Street,29,LEC,Charles Leclerc,Ferrari,99.098,33.039,35.699,30.36,3,4.61,1.65,29,1,False,True,Clean Air
Monaco,Street,30,LEC,Charles Leclerc,Ferrari,75.161,24.14,26.251,24.77,4,1.65,0.3,30,1,False,False,Battle Defensive
Monaco,Street,31,LEC,Charles Leclerc,Ferrari,96.453,29.993,34.92,31.539,3,2.48,3.6,1,2,True,False,DRS Train
Monaco,Street,32,LEC,Charles Leclerc,Ferrari,74.825,23.584,26.952,24.289,3,1.18,5.84,2,2,False,False,Battle Offensive
Monaco,Street,33,LEC,Charles Leclerc,Ferrari,74.967,25.04,27.371,22.555,3,0.26,4.18,3,2,False,False,Battle Offensive
Monaco,Street,34,LEC,Charles Leclerc,Ferrari,74.153,24.388,27.027,22.739,3,1.99,2.67,4,2,False,False,DRS Train
Monaco,Street,35,LEC,Charles Leclerc,Ferrari,74.917,24.181,25.87,24.866,3,0.43,0.14,5,2,False,False,Battle Offensive
Monaco,Street,36,LEC,Charles Leclerc,Ferrari,75.498,22.664,25.133,27.701,3,3.54,0.91,6,2,False,False,Battle Defensive
Monaco,Street,37,LEC,Charles Leclerc,Ferrari,74.75,22.703,26.067,25.979,3,0.4,3.1,7,2,False,False,Battle Offensive
Monaco,Street,38,LEC,Charles Leclerc,Ferrari,74.243,23.387,26.011,24.844,3,5.46,2.56,8,2,False,False,Clean Air
Monaco,Street,39,LEC,Charles Leclerc,Ferrari,74.897,25.174,27.264,22.459,3,0.96,8.68,9,2,False,False,Battle Offensive
Monaco,Street,40,LEC,Charles Leclerc,Ferrari,75.01,23.381,25.256,26.374,3,0.2,2.15,10,2,False,False,Battle Offensive
Monaco,Street,41,LEC,Charles Leclerc,Ferrari,74.663,23.918,26.792,23.952,3,1.19,1.09,11,2,False,False,Battle Offensive
Monaco,Street,42,LEC,Charles Leclerc,Ferrari,74.654,24.792,25.677,24.185,3,1.6,5.25,12,2,False,False,DRS Train
Monaco,Street,43,LEC,Charles Leclerc,Ferrari,75.043,23.88,26.883,24.28,3,2.96,0.43,13,2,False,False,Battle Defensive
Monaco,Street,44,LEC,Charles Leclerc,Ferrari,75.369,23.778,25.915,25.676,3,2.71,1.24,14,2,False,False,Battle Defensive
Monaco,Street,45,LEC,Charles Leclerc,Ferrari,74.894,22.515,25.215,27.165,3,4.52,0.27,15,2,False,False,Battle Defensive
Monaco,Street,46,LEC,Charles Leclerc,Ferrari,74.99,24.717,25.676,24.598,3,0.1,0.1,16,2,False,False,Battle Offensive
Monaco,Street,47,LEC,Charles Leclerc,Ferrari,74.589,24.563,26.455,23.571,3,4.89,3.01,17,2,False,False,Clean Air
Monaco,Street,48,LEC,Charles Leclerc,Ferrari,75.045,24.423,26.128,24.494,3,0.1,0.1,18,2,False,False,Battle Offensive
Monaco,Street,49,LEC,Charles Leclerc,Ferrari,74.996,24.854,27.134,23.008,3,2.23,1.76,19,2,False,False,DRS Train
Monaco,Street,50,LEC,Charles Leclerc,Ferrari,75.126,23.944,25.611,25.571,3,0.36,1.48,20,2,False,False,Battle Offensive
Monaco,Street,51,LEC,Charles Leclerc,Ferrari,74.716,22.46,25.504,26.751,3,1.52,2.03,21,2,False,False,DRS Train
Monaco,Street,52,LEC,Charles Leclerc,Ferrari,74.512,23.51,25.311,25.69,2,1.43,2.51,22,2,False,False,Battle Offensive
Monaco,Street,53,LEC,Charles Leclerc,Ferrari,75.149,23.32,26.022,25.807,3,0.1,0.1,23,2,False,False,Battle Offensive
Monaco,Street,54,LEC,Charles Leclerc,Ferrari,74.97,24.063,25.589,25.318,3,1.54,0.88,24,2,False,False,Battle Defensive
Monaco,Street,55,LEC,Charles Leclerc,Ferrari,74.779,24.942,26.634,23.204,3,1.51,0.11,25,2,False,False,Battle Defensive
Monaco,Street,56,LEC,Charles Leclerc,Ferrari,74.565,24.35,26.182,24.033,3,0.81,8.58,26,2,False,False,Battle Offensive
Monaco,Street,57,LEC,Charles Leclerc,Ferrari,74.922,23.456,24.757,26.709,3,2.92,0.43,27,2,False,False,Battle Defensive
Monaco,Street,58,LEC,Charles Leclerc,Ferrari,75.55,25.035,26.696,23.819,3,3.02,0.3,28,2,False,False,Battle Defensive
Monaco,Street,59,LEC,Charles Leclerc,Ferrari,75.279,25.329,26.511,23.44,3,0.18,1.63,29,2,False,False,Battle Offensive
Monaco,Street,60,LEC,Charles Leclerc,Ferrari,75.336,24.578,26.282,24.476,3,1.87,3.61,30,2,False,False,DRS Train
Monaco,Street,61,LEC,Charles Leclerc,Ferrari,75.103,22.763,25.704,26.636,3,2.45,2.46,31,2,False,False,DRS Train
Monaco,Street,62,LEC,Charles Leclerc,Ferrari,75.23,24.327,26.356,24.547,3,2.67,0.68,32,2,False,False,Battle Defensive
Monaco,Street,63,LEC,Charles Leclerc,Ferrari,74.328,24.115,26.384,23.829,3,0.85,3.34,33,2,False,False,Battle Offensive
Monaco,Street,64,LEC,Charles Leclerc,Ferrari,75.287,25.049,25.887,24.35,3,0.35,3.53,34,2,False,False,Battle Offensive
Monaco,Street,65,LEC,Charles Leclerc,Ferrari,75.337,23.8,25.84,25.698,3,0.27,8.17,35,2,False,False,Battle Offensive
Monaco,Street,66,LEC,Charles Leclerc,Ferrari,74.761,23.858,26.081,24.823,4,9.97,0.36,36,2,False,False,Battle Defensive
Monaco,Street,67,LEC,Charles Leclerc,Ferrari,75.361,24.892,27.31,23.159,3,0.74,6.15,37,2,False,False,Battle Offensive
Monaco,Street,68,LEC,Charles Leclerc,Ferrari,74.916,23.269,26.923,24.724,3,5.44,0.76,38,2,False,False,Battle Defensive
Monaco,Street,69,LEC,Charles Leclerc,Ferrari,75.406,23.945,27.177,24.284,3,0.22,6.17,39,2,False,False,Battle Offensive
Monaco,Street,70,LEC,Charles Leclerc,Ferrari,75.392,22.941,25.184,27.266,3,1.36,7.19,40,2,False,False,Battle Offensive
Monaco,Street,71,LEC,Charles Leclerc,Ferrari,75.493,23.418,27.505,24.569,3,9.07,1.44,41,2,False,False,Battle Defensive
Monaco,Street,72,LEC,Charles Leclerc,Ferrari,75.135,22.76,27.093,25.282,3,1.98,2.11,42,2,False,False,DRS Train
Monaco,Street,73,LEC,Charles Leclerc,Ferrari,75.162,24.814,27.714,22.633,3,1.15,0.39,43,2,False,False,Battle Offensive
Monaco,Street,74,LEC,Charles Leclerc,Ferrari,75.978,25.302,25.243,25.433,3,3.78,0.1,44,2,False,False,Battle Defensive
Monaco,Street,75,LEC,Charles Leclerc,Ferrari,75.533,25.468,26.825,23.241,4,0.46,0.97,45,2,False,False,Battle Offensive
Monaco,Street,76,LEC,Charles Leclerc,Ferrari,75.546,23.899,25.918,25.729,3,1.26,0.73,46,2,False,False,Battle Offensive
Monaco,Street,77,LEC,Charles Leclerc,Ferrari,75.807,23.125,25.39,27.292,3,0.12,1.49,47,2,False,False,Battle Offensive
Monaco,Street,78,LEC,Charles Leclerc,Ferrari,75.44,23.934,27.2,24.306,3,0.4,0.1,48,2,False,False,Battle Offensive
Monaco,Street,1,SAI,Carlos Sainz,Ferrari,74.666,25.17,27.476,22.019,7,4.36,4.86,1,1,False,False,Clean Air
Monaco,Street,2,SAI,Carlos Sainz,Ferrari,74.619,22.577,26.543,25.499,7,8.17,1.98,2,1,False,False,Clean Air
Monaco,Street,3,SAI,Carlos Sainz,Ferrari,74.406,23.433,26.548,24.424,7,2.65,1.07,3,1,False,False,Battle Defensive
Monaco,Street,4,SAI,Carlos Sainz,Ferrari,75.089,23.735,25.234,26.12,7,0.19,0.74,4,1,False,False,Battle Offensive
Monaco,Street,5,SAI,Carlos Sainz,Ferrari,74.458,23.293,27.155,24.01,7,0.77,0.1,5,1,False,False,Battle Offensive
Monaco,Street,6,SAI,Carlos Sainz,Ferrari,74.401,24.741,26.763,22.897,7,0.66,2.34,6,1,False,False,Battle Offensive
Monaco,Street,7,SAI,Carlos Sainz,Ferrari,74.607,22.55,24.861,27.196,7,0.26,2.15,7,1,False,False,Battle Offensive
Monaco,Street,8,SAI,Carlos Sainz,Ferrari,74.854,23.503,25.974,25.377,7,12.32,3.83,8,1,False,False,Clean Air
Monaco,Street,9,SAI,Carlos Sainz,Ferrari,75.333,24.942,26.538,23.854,7,0.34,0.33,9,1,False,False,Battle Offensive
Monaco,Street,10,SAI,Carlos Sainz,Ferrari,74.506,23.155,26.538,24.812,7,0.48,3.15,10,1,False,False,Battle Offensive
Monaco,Street,11,SAI,Carlos Sainz,Ferrari,74.823,25.008,26.232,23.583,7,1.24,0.54,11,1,False,False,Battle Offensive
Monaco,Street,12,SAI,Carlos Sainz,Ferrari,74.363,23.091,25.027,26.245,7,1.83,0.88,12,1,False,False,Battle Defensive
Monaco,Street,13,SAI,Carlos Sainz,Ferrari,75.364,24.122,27.215,24.027,7,1.13,0.72,13,1,False,False,Battle Offensive
Monaco,Street,14,SAI,Carlos Sainz,Ferrari,75.422,22.868,25.442,27.112,7,2.41,0.83,14,1,False,False,Battle Defensive
Monaco,Street,15,SAI,Carlos Sainz,Ferrari,75.049,22.901,24.821,27.327,7,2.22,2.05,15,1,False,False,DRS Train
Monaco,Street,16,SAI,Carlos Sainz,Ferrari,75.258,24.339,26.38,24.539,7,2.46,0.41,16,1,False,False,Battle Defensive
Monaco,Street,17,SAI,Carlos Sainz,Ferrari,74.401,23.856,25.459,25.085,6,1.71,1.01,17,1,False,False,Battle Defensive
Monaco,Street,18,SAI,Carlos Sainz,Ferrari,75.129,23.872,25.357,25.899,7,0.89,0.54,18,1,False,False,Battle Offensive
Monaco,Street,19,SAI,Carlos Sainz,Ferrari,75.84,24.979,25.194,25.666,7,2.65,0.4,19,1,False,False,Battle Defensive
Monaco,Street,20,SAI,Carlos Sainz,Ferrari,75.441,25.176,26.466,23.799,7,0.61,0.51,20,1,False,False,Battle Offensive
Monaco,Street,21,SAI,Carlos Sainz,Ferrari,75.337,24.872,27.741,22.724,7,4.93,0.1,21,1,False,False,Battle Defensive
Monaco,Street,22,SAI,Carlos Sainz,Ferrari,75.06,25.198,26.147,23.715,7,3.57,0.46,22,1,False,False,Battle Defensive
Monaco,Street,23,SAI,Carlos Sainz,Ferrari,96.418,32.719,35.523,28.175,7,2.83,1.72,1,2,True,False,DRS Train
Monaco,Street,24,SAI,Carlos Sainz,Ferrari,75.114,25.041,27.291,22.782,7,0.1,5.79,2,2,False,False,Battle Offensive
Monaco,Street,25,SAI,Carlos Sainz,Ferrari,92.986,30.063,33.285,29.639,7,2.99,0.86,3,2,False,True,Battle Defensive
Monaco,Street,26,SAI,Carlos Sainz,Ferrari,101.302,31.402,36.986,32.914,7,0.25,0.14,4,2,False,True,Battle Offensive
Monaco,Street,27,SAI,Carlos Sainz,Ferrari,95.195,29.593,32.224,33.377,7,4.19,7.92,5,2,False,True,Clean Air
Monaco,Street,28,SAI,Carlos Sainz,Ferrari,103.741,32.269,37.523,33.95,7,2.31,1.75,6,2,False,True,DRS Train
Monaco,Street,29,SAI,Carlos Sainz,Ferrari,95.339,30.485,35.129,29.725,7,0.73,5.38,7,2,False,True,Battle Offensive
Monaco,Street,30,SAI,Carlos Sainz,Ferrari,74.724,24.654,27.002,23.068,7,3.67,1.68,8,2,False,False,Clean Air
Monaco,Street,31,SAI,Carlos Sainz,Ferrari,74.897,25.258,27.081,22.557,7,0.98,3.19,9,2,False,False,Battle Offensive
Monaco,Street,32,SAI,Carlos Sainz,Ferrari,74.842,24.955,25.143,24.744,7,4.68,1.39,10,2,False,False,Battle Defensive
Monaco,Street,33,SAI,Carlos Sainz,Ferrari,74.866,23.335,27.326,24.205,7,1.52,1.69,11,2,False,False,DRS Train
Monaco,Street,34,SAI,Carlos Sainz,Ferrari,74.962,23.865,25.452,25.645,7,3.45,8.13,12,2,False,False,Clean Air
Monaco,Street,35,SAI,Carlos Sainz,Ferrari,75.267,24.178,25.607,25.483,7,0.28,2.13,13,2,False,False,Battle Offensive
Monaco,Street,36,SAI,Carlos Sainz,Ferrari,74.679,24.858,24.729,25.092,7,2.81,1.96,14,2,False,False,DRS Train
Monaco,Street,37,SAI,Carlos Sainz,Ferrari,75.393,23.447,27.091,24.856,7,0.87,1.25,15,2,False,False,Battle Offensive
Monaco,Street,38,SAI,Carlos Sainz,Ferrari,75.425,23.527,26.133,25.765,7,0.25,7.56,16,2,False,False,Battle Offensive
Monaco,Street,39,SAI,Carlos Sainz,Ferrari,75.143,24.664,26.268,24.211,8,3.31,1.16,17,2,False,False,Battle Defensive
Monaco,Street,40,SAI,Carlos Sainz,Ferrari,75.327,23.937,27.702,23.688,7,1.21,0.63,18,2,False,False,Battle Offensive
Monaco,Street,41,SAI,Carlos Sainz,Ferrari,75.028,24.869,25.697,24.462,7,0.66,3.32,19,2,False,False,Battle Offensive
Monaco,Street,42,SAI,Carlos Sainz,Ferrari,74.932,25.12,27.143,22.67,7,6.15,4.59,20,2,False,False,Clean Air
Monaco,Street,43,SAI,Carlos Sainz,Ferrari,74.936,24.395,24.881,25.661,7,2.31,0.88,21,2,False,False,Battle Defensive
Monaco,Street,44,SAI,Carlos Sainz,Ferrari,75.177,23.674,25.246,26.256,7,0.24,3.27,22,2,False,False,Battle Offensive
Monaco,Street,45,SAI,Carlos Sainz,Ferrari,75.01,24.085,27.413,23.512,7,1.3,0.3,23,2,False,False,Battle Offensive
Monaco,Street,46,SAI,Carlos Sainz,Ferrari,74.73,22.557,25.724,26.448,7,5.61,9.16,24,2,False,False,Clean Air
Monaco,Street,47,SAI,Carlos Sainz,Ferrari,75.431,24.98,24.953,25.499,7,2.56,0.32,25,2,False,False,Battle Defensive
Monaco,Street,48,SAI,Carlos Sainz,Ferrari,75.066,23.09,25.103,26.874,7,5.53,2.11,26,2,False,False,Clean Air
Monaco,Street,49,SAI,Carlos Sainz,Ferrari,75.419,25.165,25.79,24.463,7,3.19,0.43,27,2,False,False,Battle Defensive
Monaco,Street,50,SAI,Carlos Sainz,Ferrari,74.894,24.76,25.238,24.896,7,0.1,3.24,28,2,False,False,Battle Offensive
Monaco,Street,51,SAI,Carlos Sainz,Ferrari,75.286,25.399,26.419,23.468,7,0.97,9.15,29,2,False,False,Battle Offensive
Monaco,Street,52,SAI,Carlos Sainz,Ferrari,96.807,31.906,33.879,31.021,7,6.63,0.47,1,3,True,False,Battle Defensive
Monaco,Street,53,SAI,Carlos Sainz,Ferrari,75.126,24.249,27.01,23.867,8,0.79,0.46,2,3,False,False,Battle Offensive
Monaco,Street,54,SAI,Carlos Sainz,Ferrari,74.586,24.498,24.912,25.176,7,1.55,4.66,3,3,False,False,DRS Train
Monaco,Street,55,SAI,Carlos Sainz,Ferrari,75.041,23.533,24.783,26.724,7,0.1,2.05,4,3,False,False,Battle Offensive
Monaco,Street,56,SAI,Carlos Sainz,Ferrari,74.345,24.034,24.698,25.613,7,0.24,0.99,5,3,False,False,Battle Offensive
Monaco,Street,57,SAI,Carlos Sainz,Ferrari,74.605,22.545,25.836,26.225,7,0.39,2.97,6,3,False,False,Battle Offensive
Monaco,Street,58,SAI,Carlos Sainz,Ferrari,74.718,24.826,25.194,24.698,7,0.14,1.37,7,3,False,False,Battle Offensive
Monaco,Street,59,SAI,Carlos Sainz,Ferrari,74.869,24.149,26.253,24.466,7,8.02,1.22,8,3,False,False,Battle Defensive
Monaco,Street,60,SAI,Carlos Sainz,Ferrari,75.177,25.529,25.943,23.704,7,0.44,2.8,9,3,False,False,Battle Offensive
Monaco,Street,61,SAI,Carlos Sainz,Ferrari,74.562,24.8,27.258,22.504,7,1.47,0.12,10,3,False,False,Battle Offensive
Monaco,Street,62,SAI,Carlos Sainz,Ferrari,75.057,22.561,25.012,27.484,8,2.77,8.14,11,3,False,False,DRS Train
Monaco,Street,63,SAI,Carlos Sainz,Ferrari,75.06,25.041,26.715,23.303,8,2.15,6.88,12,3,False,False,DRS Train
Monaco,Street,64,SAI,Carlos Sainz,Ferrari,74.656,24.635,25.942,24.078,7,4.88,0.89,13,3,False,False,Battle Defensive
Monaco,Street,65,SAI,Carlos Sainz,Ferrari,74.901,23.33,25.597,25.974,7,6.74,2.5,14,3,False,False,Clean Air
Monaco,Street,66,SAI,Carlos Sainz,Ferrari,75.314,23.775,25.648,25.891,7,1.28,4.78,15,3,False,False,Battle Offensive
Monaco,Street,67,SAI,Carlos Sainz,Ferrari,74.826,23.254,27.089,24.483,7,6.79,0.57,16,3,False,False,Battle Defensive
Monaco,Street,68,SAI,Carlos Sainz,Ferrari,74.467,25.291,25.312,23.864,7,1.51,2.78,17,3,False,False,DRS Train
Monaco,Street,69,SAI,Carlos Sainz,Ferrari,74.907,23.849,25.805,25.253,7,0.68,1.34,18,3,False,False,Battle Offensive
Monaco,Street,70,SAI,Carlos Sainz,Ferrari,74.822,24.335,27.544,22.942,8,2.21,2.45,19,3,False,False,DRS Train
Monaco,Street,71,SAI,Carlos Sainz,Ferrari,74.712,23.625,25.03,26.057,7,2.03,4.82,20,3,False,False,DRS Train
Monaco,Street,72,SAI,Carlos Sainz,Ferrari,75.524,23.284,27.66,24.581,7,4.2,0.1,21,3,False,False,Battle Defensive
Monaco,Street,73,SAI,Carlos Sainz,Ferrari,75.161,24.593,27.336,23.232,7,1.32,0.67,22,3,False,False,Battle Offensive
Monaco,Street,74,SAI,Carlos Sainz,Ferrari,74.962,23.238,27.246,24.478,7,0.65,5.03,23,3,False,False,Battle Offensive
Monaco,Street,75,SAI,Carlos Sainz,Ferrari,75.296,23.822,25.721,25.754,7,2.12,1.31,24,3,False,False,Battle Defensive
Monaco,Street,76,SAI,Carlos Sainz,Ferrari,74.515,22.9,25.872,25.743,7,0.1,2.14,25,3,False,False,Battle Offensive
Monaco,Street,77,SAI,Carlos Sainz,Ferrari,75.461,22.685,26.217,26.559,7,3.46,1.0,26,3,False,False,Battle Defensive
Monaco,Street,78,SAI,Carlos Sainz,Ferrari,75.342,22.885,26.408,26.049,7,0.63,1.23,27,3,False,False,Battle Offensive
Monaco,Street,1,HAM,Lewis Hamilton,Mercedes,75.056,24.232,27.247,23.577,2,3.29,1.21,1,1,False,False,Battle Defensive
Monaco,Street,2,HAM,Lewis Hamilton,Mercedes,74.951,25.173,27.68,22.098,2,0.8,0.2,2,1,False,False,Battle Offensive
Monaco,Street,3,HAM,Lewis Hamilton,Mercedes,74.549,23.792,24.734,26.023,2,1.31,0.98,3,1,False,False,Battle Offensive
Monaco,Street,4,HAM,Lewis Hamilton,Mercedes,74.964,24.685,26.034,24.244,2,0.93,0.86,4,1,False,False,Battle Offensive
Monaco,Street,5,HAM,Lewis Hamilton,Mercedes,75.313,22.92,26.168,26.226,2,3.66,1.48,5,1,False,False,Battle Defensive
Monaco,Street,6,HAM,Lewis Hamilton,Mercedes,74.401,24.206,24.867,25.328,2,8.93,0.1,6,1,False,False,Battle Defensive
Monaco,Street,7,HAM,Lewis Hamilton,Mercedes,74.795,22.777,25.734,26.284,2,0.25,3.26,7,1,False,False,Battle Offensive
Monaco,Street,8,HAM,Lewis Hamilton,Mercedes,74.672,24.337,25.268,25.068,2,15.83,5.49,8,1,False,False,Clean Air
Monaco,Street,9,HAM,Lewis Hamilton,Mercedes,75.081,23.563,25.291,26.227,2,0.39,5.87,9,1,False,False,Battle Offensive
Monaco,Street,10,HAM,Lewis Hamilton,Mercedes,74.628,25.116,27.254,22.258,2,3.84,4.38,10,1,False,False,Clean Air
Monaco,Street,11,HAM,Lewis Hamilton,Mercedes,75.165,23.253,25.058,26.854,2,0.76,10.03,11,1,False,False,Battle Offensive
Monaco,Street,12,HAM,Lewis Hamilton,Mercedes,74.43,22.384,25.367,26.679,2,0.75,0.1,12,1,False,False,Battle Offensive
Monaco,Street,13,HAM,Lewis Hamilton,Mercedes,75.038,23.481,27.281,24.276,2,3.5,1.48,13,1,False,False,Battle Defensive
Monaco,Street,14,HAM,Lewis Hamilton,Mercedes,74.839,25.186,26.519,23.135,2,0.88,2.7,14,1,False,False,Battle Offensive
Monaco,Street,15,HAM,Lewis Hamilton,Mercedes,75.108,24.742,25.697,24.669,2,2.47,0.75,15,1,False,False,Battle Defensive
Monaco,Street,16,HAM,Lewis Hamilton,Mercedes,74.779,22.62,27.133,25.025,2,1.06,11.79,16,1,False,False,Battle Offensive
Monaco,Street,17,HAM,Lewis Hamilton,Mercedes,74.825,24.01,25.894,24.921,2,0.15,2.79,17,1,False,False,Battle Offensive
Monaco,Street,18,HAM,Lewis Hamilton,Mercedes,74.969,23.109,25.489,26.371,2,0.89,4.06,18,1,False,False,Battle Offensive
Monaco,Street,19,HAM,Lewis Hamilton,Mercedes,74.741,22.6,26.491,25.65,2,1.51,3.42,19,1,False,False,DRS Train
Monaco,Street,20,HAM,Lewis Hamilton,Mercedes,75.067,24.958,26.374,23.735,2,1.19,3.95,20,1,False,False,Battle Offensive
Monaco,Street,21,HAM,Lewis Hamilton,Mercedes,74.826,22.754,26.92,25.152,2,7.13,5.47,21,1,False,False,Clean Air
Monaco,Street,22,HAM,Lewis Hamilton,Mercedes,75.017,24.623,27.491,22.903,2,1.59,3.1,22,1,False,False,DRS Train
Monaco,Street,23,HAM,Lewis Hamilton,Mercedes,74.805,24.365,25.666,24.774,2,2.64,3.72,23,1,False,False,DRS Train
Monaco,Street,24,HAM,Lewis Hamilton,Mercedes,74.842,23.174,25.087,26.582,2,6.95,0.42,24,1,False,False,Battle Defensive
Monaco,Street,25,HAM,Lewis Hamilton,Mercedes,99.729,32.833,35.036,31.86,2,3.14,0.18,25,1,False,True,Battle Defensive
Monaco,Street,26,HAM,Lewis Hamilton,Mercedes,98.699,31.704,34.212,32.783,2,3.36,5.59,26,1,False,True,Clean Air
Monaco,Street,27,HAM,Lewis Hamilton,Mercedes,95.65,29.92,35.059,30.671,2,0.69,1.17,27,1,False,True,Battle Offensive
Monaco,Street,28,HAM,Lewis Hamilton,Mercedes,102.927,34.019,35.556,33.352,2,1.32,3.45,28,1,False,True,Battle Offensive
Monaco,Street,29,HAM,Lewis Hamilton,Mercedes,102.816,30.919,35.915,35.982,2,0.55,2.46,29,1,False,True,Battle Offensive
Monaco,Street,30,HAM,Lewis Hamilton,Mercedes,75.277,24.375,27.232,23.671,2,1.0,3.37,30,1,False,False,Battle Offensive
Monaco,Street,31,HAM,Lewis Hamilton,Mercedes,75.209,24.269,26.507,24.433,2,0.76,4.56,31,1,False,False,Battle Offensive
Monaco,Street,32,HAM,Lewis Hamilton,Mercedes,75.058,24.366,26.844,23.848,2,1.61,3.91,32,1,False,False,DRS Train
Monaco,Street,33,HAM,Lewis Hamilton,Mercedes,75.263,24.713,25.181,25.369,2,1.34,1.29,33,1,False,False,Battle Offensive
Monaco,Street,34,HAM,Lewis Hamilton,Mercedes,75.012,24.52,25.344,25.147,2,0.91,3.8,34,1,False,False,Battle Offensive
Monaco,Street,35,HAM,Lewis Hamilton,Mercedes,75.72,24.17,26.476,25.074,2,5.1,0.34,35,1,False,False,Battle Defensive
Monaco,Street,36,HAM,Lewis Hamilton,Mercedes,75.202,25.529,26.68,22.994,2,3.2,6.94,36,1,False,False,Clean Air
Monaco,Street,37,HAM,Lewis Hamilton,Mercedes,75.281,25.324,27.801,22.156,2,2.63,0.55,37,1,False,False,Battle Defensive
Monaco,Street,38,HAM,Lewis Hamilton,Mercedes,75.239,25.554,26.404,23.28,2,0.15,5.07,38,1,False,False,Battle Offensive
Monaco,Street,39,HAM,Lewis Hamilton,Mercedes,96.584,29.44,32.764,34.38,2,0.57,1.02,1,2,True,False,Battle Offensive
Monaco,Street,40,HAM,Lewis Hamilton,Mercedes,74.666,22.408,27.42,24.838,2,2.18,2.92,2,2,False,False,DRS Train
Monaco,Street,41,HAM,Lewis Hamilton,Mercedes,74.881,25.3,26.111,23.469,2,0.29,1.3,3,2,False,False,Battle Offensive
Monaco,Street,42,HAM,Lewis Hamilton,Mercedes,74.616,25.065,26.807,22.744,2,9.91,6.53,4,2,False,False,Clean Air
Monaco,Street,43,HAM,Lewis Hamilton,Mercedes,74.643,24.794,25.119,24.729,2,2.92,9.62,5,2,False,False,DRS Train
Monaco,Street,44,HAM,Lewis Hamilton,Mercedes,74.598,25.29,26.889,22.418,2,0.72,1.05,6,2,False,False,Battle Offensive
Monaco,Street,45,HAM,Lewis Hamilton,Mercedes,74.227,24.968,24.797,24.462,2,0.98,0.29,7,2,False,False,Battle Offensive
Monaco,Street,46,HAM,Lewis Hamilton,Mercedes,74.754,24.61,26.024,24.12,2,0.13,0.1,8,2,False,False,Battle Offensive
Monaco,Street,47,HAM,Lewis Hamilton,Mercedes,75.221,24.982,26.978,23.261,2,2.76,0.1,9,2,False,False,Battle Defensive
Monaco,Street,48,HAM,Lewis Hamilton,Mercedes,74.765,23.409,25.301,26.055,2,0.57,0.71,10,2,False,False,Battle Offensive
Monaco,Street,49,HAM,Lewis Hamilton,Mercedes,74.672,22.505,25.597,26.569,1,,5.79,11,2,False,False,Clean Air
Monaco,Street,50,HAM,Lewis Hamilton,Mercedes,74.902,25.124,26.663,23.115,2,1.64,4.23,12,2,False,False,DRS Train
Monaco,Street,51,HAM,Lewis Hamilton,Mercedes,74.768,22.967,25.349,26.453,2,0.45,0.1,13,2,False,False,Battle Offensive
Monaco,Street,52,HAM,Lewis Hamilton,Mercedes,75.104,23.875,26.097,25.132,2,0.34,5.84,14,2,False,False,Battle Offensive
Monaco,Street,53,HAM,Lewis Hamilton,Mercedes,75.123,25.032,27.664,22.428,2,3.84,0.24,15,2,False,False,Battle Defensive
Monaco,Street,54,HAM,Lewis Hamilton,Mercedes,74.783,22.808,26.432,25.543,2,0.1,1.63,16,2,False,False,Battle Offensive
Monaco,Street,55,HAM,Lewis Hamilton,Mercedes,74.947,24.332,27.688,22.927,2,3.61,12.46,17,2,False,False,Clean Air
Monaco,Street,56,HAM,Lewis Hamilton,Mercedes,74.792,22.952,24.858,26.982,2,2.55,4.92,18,2,False,False,DRS Train
Monaco,Street,57,HAM,Lewis Hamilton,Mercedes,74.914,24.148,27.429,23.336,2,3.11,0.59,19,2,False,False,Battle Defensive
Monaco,Street,58,HAM,Lewis Hamilton,Mercedes,74.85,24.15,25.893,24.806,2,0.29,0.49,20,2,False,False,Battle Offensive
Monaco,Street,59,HAM,Lewis Hamilton,Mercedes,74.78,22.808,24.757,27.215,2,1.02,2.34,21,2,False,False,Battle Offensive
Monaco,Street,60,HAM,Lewis Hamilton,Mercedes,75.133,25.047,26.266,23.821,2,0.1,5.3,22,2,False,False,Battle Offensive
Monaco,Street,61,HAM,Lewis Hamilton,Mercedes,75.515,25.674,27.467,22.374,2,1.07,5.57,23,2,False,False,Battle Offensive
Monaco,Street,62,HAM,Lewis Hamilton,Mercedes,75.466,25.562,27.509,22.396,1,,1.12,24,2,False,False,Battle Defensive
Monaco,Street,63,HAM,Lewis Hamilton,Mercedes,75.119,23.944,25.672,25.503,2,1.62,2.92,25,2,False,False,DRS Train
Monaco,Street,64,HAM,Lewis Hamilton,Mercedes,74.926,23.449,26.485,24.992,3,0.81,1.73,26,2,False,False,Battle Offensive
Monaco,Street,65,HAM,Lewis Hamilton,Mercedes,75.366,24.921,27.794,22.651,2,3.04,0.86,27,2,False,False,Battle Defensive
Monaco,Street,66,HAM,Lewis Hamilton,Mercedes,75.096,23.604,25.609,25.883,2,3.43,0.48,28,2,False,False,Battle Defensive
Monaco,Street,67,HAM,Lewis Hamilton,Mercedes,75.311,25.101,27.415,22.794,2,0.95,4.74,29,2,False,False,Battle Offensive
Monaco,Street,68,HAM,Lewis Hamilton,Mercedes,75.216,23.6,27.821,23.795,2,1.38,0.17,30,2,False,False,Battle Offensive
Monaco,Street,69,HAM,Lewis Hamilton,Mercedes,75.23,23.527,25.325,26.378,2,7.77,5.47,31,2,False,False,Clean Air
Monaco,Street,70,HAM,Lewis Hamilton,Mercedes,75.376,24.974,25.683,24.718,2,1.6,2.49,32,2,False,False,DRS Train
Monaco,Street,71,HAM,Lewis Hamilton,Mercedes,75.004,23.761,25.327,25.916,2,2.99,0.1,33,2,False,False,Battle Defensive
Monaco,Street,72,HAM,Lewis Hamilton,Mercedes,74.91,24.234,25.503,25.173,2,2.77,0.19,34,2,False,False,Battle Defensive
Monaco,Street,73,HAM,Lewis Hamilton,Mercedes,75.06,25.21,26.68,23.171,2,10.49,0.93,35,2,False,False,Battle Defensive
Monaco,Street,74,HAM,Lewis Hamilton,Mercedes,75.25,23.17,27.371,24.708,2,6.07,3.36,36,2,False,False,Clean Air
Monaco,Street,75,HAM,Lewis Hamilton,Mercedes,75.39,25.492,25.183,24.715,2,2.89,3.56,37,2,False,False,DRS Train
Monaco,Street,76,HAM,Lewis Hamilton,Mercedes,75.717,24.298,27.355,24.064,2,0.92,2.36,38,2,False,False,Battle Offensive
Monaco,Street,77,HAM,Lewis Hamilton,Mercedes,74.969,22.597,25.15,27.222,2,1.68,0.29,39,2,False,False,Battle Defensive
Monaco,Street,78,HAM,Lewis Hamilton,Mercedes,75.454,25.477,27.518,22.459,2,3.61,0.1,40,2,False,False,Battle Defensive
Monaco,Street,1,RUS,George Russell,Mercedes,75.055,25.299,26.765,22.99,6,1.39,0.38,1,1,False,False,Battle Offensive
Monaco,Street,2,RUS,George Russell,Mercedes,74.459,25.221,27.32,21.917,6,2.93,3.87,2,1,False,False,DRS Train
Monaco,Street,3,RUS,George Russell,Mercedes,74.89,23.915,25.503,25.472,6,4.87,0.12,3,1,False,False,Battle Defensive
Monaco,Street,4,RUS,George Russell,Mercedes,75.043,24.498,25.088,25.457,6,1.1,0.44,4,1,False,False,Battle Offensive
Monaco,Street,5,RUS,George Russell,Mercedes,74.885,22.75,25.88,26.255,6,1.89,1.24,5,1,False,False,Battle Defensive
Monaco,Street,6,RUS,George Russell,Mercedes,74.702,23.263,27.508,23.931,6,1.3,2.15,6,1,False,False,Battle Offensive
Monaco,Street,7,RUS,George Russell,Mercedes,75.147,23.552,27.251,24.344,6,4.25,0.34,7,1,False,False,Battle Defensive
Monaco,Street,8,RUS,George Russell,Mercedes,74.66,22.595,25.137,26.928,6,4.06,4.67,8,1,False,False,Clean Air
Monaco,Street,9,RUS,George Russell,Mercedes,74.461,23.104,26.55,24.807,6,12.34,2.07,9,1,False,False,Clean Air
Monaco,Street,10,RUS,George Russell,Mercedes,75.264,23.461,25.076,26.728,6,1.36,8.41,10,1,False,False,Battle Offensive
Monaco,Street,11,RUS,George Russell,Mercedes,74.599,22.973,25.455,26.171,6,0.56,7.63,11,1,False,False,Battle Offensive
Monaco,Street,12,RUS,George Russell,Mercedes,74.85,23.335,25.347,26.168,6,18.22,0.78,12,1,False,False,Battle Defensive
Monaco,Street,13,RUS,George Russell,Mercedes,74.736,24.74,27.047,22.948,6,0.28,0.1,13,1,False,False,Battle Offensive
Monaco,Street,14,RUS,George Russell,Mercedes,74.912,24.276,26.685,23.951,6,1.93,0.93,14,1,False,False,Battle Defensive
Monaco,Street,15,RUS,George Russell,Mercedes,75.328,25.079,27.508,22.741,6,1.29,0.1,15,1,False,False,Battle Offensive
Monaco,Street,16,RUS,George Russell,Mercedes,74.791,22.901,25.787,26.104,6,1.67,2.49,16,1,False,False,DRS Train
Monaco,Street,17,RUS,George Russell,Mercedes,74.657,24.664,26.164,23.829,6,2.12,5.83,17,1,False,False,DRS Train
Monaco,Street,18,RUS,George Russell,Mercedes,75.414,25.599,26.806,23.009,6,2.58,0.27,18,1,False,False,Battle Defensive
Monaco,Street,19,RUS,George Russell,Mercedes,74.895,23.188,27.395,24.312,6,1.06,0.75,19,1,False,False,Battle Offensive
Monaco,Street,20,RUS,George Russell,Mercedes,75.243,25.423,26.35,23.47,5,1.96,9.59,20,1,False,False,DRS Train
Monaco,Street,21,RUS,George Russell,Mercedes,75.812,24.249,25.946,25.617,6,1.19,1.35,21,1,False,False,Battle Offensive
Monaco,Street,22,RUS,George Russell,Mercedes,75.267,24.892,27.73,22.644,6,6.55,2.22,22,1,False,False,Clean Air
Monaco,Street,23,RUS,George Russell,Mercedes,74.331,24.966,25.703,23.662,6,1.73,0.3,23,1,False,False,Battle Defensive
Monaco,Street,24,RUS,George Russell,Mercedes,75.43,22.706,25.084,27.64,6,9.1,0.1,24,1,False,False,Battle Defensive
Monaco,Street,25,RUS,George Russell,Mercedes,95.848,30.67,33.907,31.271,6,0.62,1.8,25,1,False,True,Battle Offensive
Monaco,Street,26,RUS,George Russell,Mercedes,104.647,35.085,36.186,33.377,6,5.87,17.03,26,1,False,True,Clean Air
Monaco,Street,27,RUS,George Russell,Mercedes,121.831,40.403,40.262,41.166,6,2.61,0.93,1,2,True,True,Battle Defensive
Monaco,Street,28,RUS,George Russell,Mercedes,103.489,32.767,36.054,34.668,7,0.87,0.1,2,2,False,True,Battle Offensive
Monaco,Street,29,RUS,George Russell,Mercedes,101.242,34.041,36.907,30.293,6,3.84,2.61,3,2,False,True,Clean Air
Monaco,Street,30,RUS,George Russell,Mercedes,74.917,24.701,27.259,22.957,6,2.54,1.76,4,2,False,False,DRS Train
Monaco,Street,31,RUS,George Russell,Mercedes,74.831,24.915,26.738,23.179,6,0.16,0.1,5,2,False,False,Battle Offensive
Monaco,Street,32,RUS,George Russell,Mercedes,74.806,24.307,26.678,23.821,6,7.14,4.46,6,2,False,False,Clean Air
Monaco,Street,33,RUS,George Russell,Mercedes,74.67,25.32,25.482,23.867,6,1.38,0.42,7,2,False,False,Battle Offensive
Monaco,Street,34,RUS,George Russell,Mercedes,74.597,23.237,25.095,26.264,6,1.64,1.49,8,2,False,False,Battle Defensive
Monaco,Street,35,RUS,George Russell,Mercedes,75.105,23.976,27.583,23.546,6,3.31,0.1,9,2,False,False,Battle Defensive
Monaco,Street,36,RUS,George Russell,Mercedes,74.826,24.938,25.774,24.114,6,3.08,3.45,10,2,False,False,Clean Air
Monaco,Street,37,RUS,George Russell,Mercedes,75.235,24.787,25.169,25.278,6,0.6,1.22,11,2,False,False,Battle Offensive
Monaco,Street,38,RUS,George Russell,Mercedes,75.162,25.277,27.348,22.536,6,0.72,2.23,12,2,False,False,Battle Offensive
Monaco,Street,39,RUS,George Russell,Mercedes,75.385,23.638,25.212,26.535,6,1.69,0.1,13,2,False,False,Battle Defensive
Monaco,Street,40,RUS,George Russell,Mercedes,74.638,23.693,25.981,24.965,6,1.08,4.18,14,2,False,False,Battle Offensive
Monaco,Street,41,RUS,George Russell,Mercedes,74.989,23.521,27.64,23.828,6,0.1,0.31,15,2,False,False,Battle Offensive
Monaco,Street,42,RUS,George Russell,Mercedes,75.07,23.973,25.247,25.85,7,1.1,0.98,16,2,False,False,Battle Offensive
Monaco,Street,43,RUS,George Russell,Mercedes,74.698,24.059,26.9,23.739,6,3.61,1.7,17,2,False,False,Clean Air
Monaco,Street,44,RUS,George Russell,Mercedes,74.885,24.462,26.525,23.897,6,0.83,0.62,18,2,False,False,Battle Offensive
Monaco,Street,45,RUS,George Russell,Mercedes,75.149,23.257,26.685,25.208,6,0.23,3.56,19,2,False,False,Battle Offensive
Monaco,Street,46,RUS,George Russell,Mercedes,75.093,23.779,25.938,25.375,6,0.9,8.61,20,2,False,False,Battle Offensive
Monaco,Street,47,RUS,George Russell,Mercedes,75.329,23.529,25.74,26.06,6,2.19,0.16,21,2,False,False,Battle Defensive
Monaco,Street,48,RUS,George Russell,Mercedes,74.723,24.09,24.684,25.949,6,4.0,3.82,22,2,False,False,Clean Air
Monaco,Street,49,RUS,George Russell,Mercedes,96.409,32.749,34.332,29.328,6,0.22,0.34,1,3,True,False,Battle Offensive
Monaco,Street,50,RUS,George Russell,Mercedes,74.605,25.35,25.873,23.382,6,1.72,0.39,2,3,False,False,Battle Defensive
Monaco,Street,51,RUS,George Russell,Mercedes,74.435,24.818,26.897,22.719,6,2.34,0.28,3,3,False,False,Battle Defensive
Monaco,Street,52,RUS,George Russell,Mercedes,75.409,24.545,27.046,23.818,6,4.47,0.56,4,3,False,False,Battle Defensive
Monaco,Street,53,RUS,George Russell,Mercedes,75.046,22.976,27.147,24.923,6,0.63,0.26,5,3,False,False,Battle Offensive
Monaco,Street,54,RUS,George Russell,Mercedes,74.475,22.893,25.755,25.828,5,0.1,0.16,6,3,False,False,Battle Offensive
Monaco,Street,55,RUS,George Russell,Mercedes,74.597,23.879,24.772,25.946,6,0.48,4.72,7,3,False,False,Battle Offensive
Monaco,Street,56,RUS,George Russell,Mercedes,75.129,25.159,26.858,23.112,6,0.98,0.43,8,3,False,False,Battle Offensive
Monaco,Street,57,RUS,George Russell,Mercedes,74.586,22.459,27.015,25.112,5,0.3,0.4,9,3,False,False,Battle Offensive
Monaco,Street,58,RUS,George Russell,Mercedes,75.148,24.054,26.968,24.126,6,0.29,4.95,10,3,False,False,Battle Offensive
Monaco,Street,59,RUS,George Russell,Mercedes,75.115,22.86,26.053,26.203,6,0.1,2.24,11,3,False,False,Battle Offensive
Monaco,Street,60,RUS,George Russell,Mercedes,74.758,24.688,27.554,22.517,6,0.58,0.4,12,3,False,False,Battle Offensive
Monaco,Street,61,RUS,George Russell,Mercedes,75.074,23.168,27.253,24.653,6,0.3,0.94,13,3,False,False,Battle Offensive
Monaco,Street,62,RUS,George Russell,Mercedes,75.178,24.879,27.44,22.858,6,0.81,1.27,14,3,False,False,Battle Offensive
Monaco,Street,63,RUS,George Russell,Mercedes,74.624,24.73,25.199,24.694,6,0.1,2.06,15,3,False,False,Battle Offensive
Monaco,Street,64,RUS,George Russell,Mercedes,75.061,24.931,26.366,23.764,6,7.7,3.73,16,3,False,False,Clean Air
Monaco,Street,65,RUS,George Russell,Mercedes,74.482,23.135,25.08,26.267,6,1.99,2.84,17,3,False,False,DRS Train
Monaco,Street,66,RUS,George Russell,Mercedes,75.004,23.289,27.031,24.685,6,2.96,2.59,18,3,False,False,DRS Train
Monaco,Street,67,RUS,George Russell,Mercedes,75.579,24.754,26.491,24.334,6,2.37,1.17,19,3,False,False,Battle Defensive
Monaco,Street,68,RUS,George Russell,Mercedes,75.389,24.501,25.17,25.718,6,1.53,2.57,20,3,False,False,DRS Train
Monaco,Street,69,RUS,George Russell,Mercedes,74.992,25.054,26.425,23.513,6,0.12,0.11,21,3,False,False,Battle Offensive
Monaco,Street,70,RUS,George Russell,Mercedes,75.386,25.373,25.149,24.864,6,1.9,1.29,22,3,False,False,Battle Defensive
Monaco,Street,71,RUS,George Russell,Mercedes,75.671,23.043,26.586,26.042,6,2.28,0.87,23,3,False,False,Battle Defensive
Monaco,Street,72,RUS,George Russell,Mercedes,75.454,23.747,25.277,26.43,6,0.27,5.15,24,3,False,False,Battle Offensive
Monaco,Street,73,RUS,George Russell,Mercedes,75.279,24.699,26.751,23.829,6,0.1,1.84,25,3,False,False,Battle Offensive
Monaco,Street,74,RUS,George Russell,Mercedes,74.487,23.589,26.558,24.34,6,10.44,0.37,26,3,False,False,Battle Defensive
Monaco,Street,75,RUS,George Russell,Mercedes,74.889,22.801,27.229,24.859,7,1.42,11.98,27,3,False,False,Battle Offensive
Monaco,Street,76,RUS,George Russell,Mercedes,75.33,24.742,25.75,24.838,6,14.67,0.87,28,3,False,False,Battle Defensive
Monaco,Street,77,RUS,George Russell,Mercedes,75.12,24.751,25.325,25.045,6,4.18,3.39,29,3,False,False,Clean Air
Monaco,Street,78,RUS,George Russell,Mercedes,75.353,24.157,25.189,26.008,6,6.66,1.13,30,3,False,False,Battle Defensive
Monaco,Street,1,PER,Sergio Perez,Red Bull,75.204,22.697,27.625,24.882,8,2.7,4.52,1,1,False,False,DRS Train
Monaco,Street,2,PER,Sergio Perez,Red Bull,74.882,23.786,26.909,24.188,8,3.96,3.44,2,1,False,False,Clean Air
Monaco,Street,3,PER,Sergio Perez,Red Bull,74.936,22.787,26.532,25.618,8,4.05,0.11,3,1,False,False,Battle Defensive
Monaco,Street,4,PER,Sergio Perez,Red Bull,75.168,24.999,26.368,23.801,8,5.18,0.32,4,1,False,False,Battle Defensive
Monaco,Street,5,PER,Sergio Perez,Red Bull,75.196,25.358,27.22,22.618,8,0.43,0.33,5,1,False,False,Battle Offensive
Monaco,Street,6,PER,Sergio Perez,Red Bull,74.89,24.872,25.429,24.589,8,1.42,1.7,6,1,False,False,Battle Offensive
Monaco,Street,7,PER,Sergio Perez,Red Bull,75.224,23.321,26.021,25.882,8,2.07,1.29,7,1,False,False,Battle Defensive
Monaco,Street,8,PER,Sergio Perez,Red Bull,75.798,24.829,27.861,23.108,9,1.4,5.31,8,1,False,False,Battle Offensive
Monaco,Street,9,PER,Sergio Perez,Red Bull,74.685,24.783,26.065,23.837,8,2.92,2.84,9,1,False,False,DRS Train
Monaco,Street,10,PER,Sergio Perez,Red Bull,75.392,24.415,24.974,26.003,8,3.94,1.12,10,1,False,False,Battle Defensive
Monaco,Street,11,PER,Sergio Perez,Red Bull,74.696,24.304,27.095,23.297,8,1.36,1.77,11,1,False,False,Battle Offensive
Monaco,Street,12,PER,Sergio Perez,Red Bull,75.129,23.495,25.514,26.12,8,2.56,0.93,12,1,False,False,Battle Defensive
Monaco,Street,13,PER,Sergio Perez,Red Bull,75.215,23.398,26.43,25.387,8,6.77,1.01,13,1,False,False,Battle Defensive
Monaco,Street,14,PER,Sergio Perez,Red Bull,74.536,22.451,26.894,25.19,8,1.07,0.35,14,1,False,False,Battle Offensive
Monaco,Street,15,PER,Sergio Perez,Red Bull,75.35,24.63,26.25,24.469,8,1.97,2.23,15,1,False,False,DRS Train
Monaco,Street,16,PER,Sergio Perez,Red Bull,75.668,24.379,27.523,23.767,8,12.0,0.64,16,1,False,False,Battle Defensive
Monaco,Street,17,PER,Sergio Perez,Red Bull,74.969,22.95,26.256,25.763,8,4.41,1.93,17,1,False,False,Clean Air
Monaco,Street,18,PER,Sergio Perez,Red Bull,74.348,22.786,26.619,24.943,8,0.34,5.2,18,1,False,False,Battle Offensive
Monaco,Street,19,PER,Sergio Perez,Red Bull,74.838,24.835,24.708,25.295,8,6.54,1.18,19,1,False,False,Battle Defensive
Monaco,Street,20,PER,Sergio Perez,Red Bull,75.984,24.724,26.694,24.566,8,0.96,1.5,20,1,False,False,Battle Offensive
Monaco,Street,21,PER,Sergio Perez,Red Bull,75.758,24.247,26.579,24.933,8,1.25,0.86,21,1,False,False,Battle Offensive
Monaco,Street,22,PER,Sergio Perez,Red Bull,75.021,22.673,27.15,25.198,8,0.32,0.26,22,1,False,False,Battle Offensive
Monaco,Street,23,PER,Sergio Perez,Red Bull,75.076,23.768,24.82,26.489,8,0.42,2.45,23,1,False,False,Battle Offensive
Monaco,Street,24,PER,Sergio Perez,Red Bull,75.219,23.374,26.43,25.415,8,0.37,0.68,24,1,False,False,Battle Offensive
Monaco,Street,25,PER,Sergio Perez,Red Bull,97.09,32.262,34.981,29.847,8,4.47,1.28,25,1,False,True,Battle Defensive
Monaco,Street,26,PER,Sergio Perez,Red Bull,102.232,33.885,36.053,32.294,8,3.7,1.43,26,1,False,True,Battle Defensive
Monaco,Street,27,PER,Sergio Perez,Red Bull,102.617,31.708,34.178,36.731,8,7.88,0.96,27,1,False,True,Battle Defensive
Monaco,Street,28,PER,Sergio Perez,Red Bull,100.064,33.323,36.286,30.455,8,14.26,5.59,28,1,False,True,Clean Air
Monaco,Street,29,PER,Sergio Perez,Red Bull,100.363,32.793,35.649,31.922,8,1.57,2.46,29,1,False,True,DRS Train
Monaco,Street,30,PER,Sergio Perez,Red Bull,75.663,23.73,25.163,26.77,8,0.1,1.95,30,1,False,False,Battle Offensive
Monaco,Street,31,PER,Sergio Perez,Red Bull,74.917,23.517,26.859,24.542,8,1.7,5.31,31,1,False,False,DRS Train
Monaco,Street,32,PER,Sergio Perez,Red Bull,97.271,32.239,35.786,29.246,8,2.02,5.86,1,2,True,False,DRS Train
Monaco,Street,33,PER,Sergio Perez,Red Bull,74.631,22.611,27.546,24.474,8,2.39,1.73,2,2,False,False,DRS Train
Monaco,Street,34,PER,Sergio Perez,Red Bull,75.172,23.685,27.532,23.954,8,4.64,0.49,3,2,False,False,Battle Defensive
Monaco,Street,35,PER,Sergio Perez,Red Bull,75.148,24.634,25.832,24.681,8,1.15,3.2,4,2,False,False,Battle Offensive
Monaco,Street,36,PER,Sergio Perez,Red Bull,74.223,23.013,26.288,24.923,8,2.96,5.39,5,2,False,False,DRS Train
Monaco,Street,37,PER,Sergio Perez,Red Bull,74.7,24.867,25.534,24.299,8,1.26,1.3,6,2,False,False,Battle Offensive
Monaco,Street,38,PER,Sergio Perez,Red Bull,74.512,24.544,25.151,24.816,8,3.06,1.8,7,2,False,False,Clean Air
Monaco,Street,39,PER,Sergio Perez,Red Bull,75.08,22.732,27.187,25.161,8,0.3,1.98,8,2,False,False,Battle Offensive
Monaco,Street,40,PER,Sergio Perez,Red Bull,75.607,22.924,27.303,25.38,8,2.39,1.46,9,2,False,False,Battle Defensive
Monaco,Street,41,PER,Sergio Perez,Red Bull,75.146,22.714,24.887,27.545,8,1.7,2.08,10,2,False,False,DRS Train
Monaco,Street,42,PER,Sergio Perez,Red Bull,75.679,23.73,25.187,26.761,8,0.12,5.28,11,2,False,False,Battle Offensive
Monaco,Street,43,PER,Sergio Perez,Red Bull,74.9,23.328,27.007,24.565,8,2.17,3.18,12,2,False,False,DRS Train
Monaco,Street,44,PER,Sergio Perez,Red Bull,75.348,22.638,25.805,26.905,8,1.87,1.26,13,2,False,False,Battle Defensive
Monaco,Street,45,PER,Sergio Perez,Red Bull,75.109,24.325,25.047,25.737,8,0.1,0.25,14,2,False,False,Battle Offensive
Monaco,Street,46,PER,Sergio Perez,Red Bull,75.353,24.927,25.293,25.133,8,0.15,0.91,15,2,False,False,Battle Offensive
Monaco,Street,47,PER,Sergio Perez,Red Bull,74.918,23.6,27.672,23.646,8,4.49,0.1,16,2,False,False,Battle Defensive
Monaco,Street,48,PER,Sergio Perez,Red Bull,75.658,24.7,27.992,22.966,8,0.15,0.8,17,2,False,False,Battle Offensive
Monaco,Street,49,PER,Sergio Perez,Red Bull,75.273,23.029,26.214,26.029,8,0.76,2.15,18,2,False,False,Battle Offensive
Monaco,Street,50,PER,Sergio Perez,Red Bull,75.143,24.234,25.202,25.707,8,0.18,8.95,19,2,False,False,Battle Offensive
Monaco,Street,51,PER,Sergio Perez,Red Bull,75.465,23.961,25.975,25.528,8,0.41,3.93,20,2,False,False,Battle Offensive
Monaco,Street,52,PER,Sergio Perez,Red Bull,75.01,23.843,26.126,25.041,8,4.36,0.91,21,2,False,False,Battle Defensive
Monaco,Street,53,PER,Sergio Perez,Red Bull,75.497,25.172,25.871,24.455,8,0.75,3.14,22,2,False,False,Battle Offensive
Monaco,Street,54,PER,Sergio Perez,Red Bull,76.077,24.029,25.342,26.706,8,0.46,0.95,23,2,False,False,Battle Offensive
Monaco,Street,55,PER,Sergio Perez,Red Bull,75.364,22.633,27.14,25.591,8,1.17,2.92,24,2,False,False,Battle Offensive
Monaco,Street,56,PER,Sergio Perez,Red Bull,75.568,24.399,26.703,24.467,9,0.88,3.1,25,2,False,False,Battle Offensive
Monaco,Street,57,PER,Sergio Perez,Red Bull,75.719,23.004,27.866,24.849,8,0.59,0.19,26,2,False,False,Battle Offensive
Monaco,Street,58,PER,Sergio Perez,Red Bull,75.325,25.485,25.285,24.554,8,7.49,0.49,27,2,False,False,Battle Defensive
Monaco,Street,59,PER,Sergio Perez,Red Bull,75.062,24.447,25.6,25.016,8,0.91,4.32,28,2,False,False,Battle Offensive
Monaco,Street,60,PER,Sergio Perez,Red Bull,75.049,23.606,26.161,25.283,8,1.69,8.46,29,2,False,False,DRS Train
Monaco,Street,61,PER,Sergio Perez,Red Bull,75.54,25.575,25.399,24.567,8,9.65,0.47,30,2,False,False,Battle Defensive
Monaco,Street,62,PER,Sergio Perez,Red Bull,75.735,22.937,25.202,27.596,8,0.1,2.32,31,2,False,False,Battle Offensive
Monaco,Street,63,PER,Sergio Perez,Red Bull,75.606,22.815,26.142,26.649,8,0.59,0.86,32,2,False,False,Battle Offensive
Monaco,Street,64,PER,Sergio Perez,Red Bull,74.741,23.349,27.453,23.94,8,4.38,0.26,33,2,False,False,Battle Defensive
Monaco,Street,65,PER,Sergio Perez,Red Bull,74.998,24.858,27.394,22.745,8,0.71,2.57,34,2,False,False,Battle Offensive
Monaco,Street,66,PER,Sergio Perez,Red Bull,76.307,24.386,26.132,25.789,8,0.72,2.71,35,2,False,False,Battle Offensive
Monaco,Street,67,PER,Sergio Perez,Red Bull,75.441,23.696,27.047,24.698,8,5.14,0.42,36,2,False,False,Battle Defensive
Monaco,Street,68,PER,Sergio Perez,Red Bull,74.922,22.519,25.184,27.219,8,0.43,7.64,37,2,False,False,Battle Offensive
Monaco,Street,69,PER,Sergio Perez,Red Bull,75.265,24.889,26.824,23.552,8,1.37,0.18,38,2,False,False,Battle Offensive
Monaco,Street,70,PER,Sergio Perez,Red Bull,75.364,23.071,27.628,24.665,8,3.24,3.08,39,2,False,False,Clean Air
Monaco,Street,71,PER,Sergio Perez,Red Bull,76.126,22.907,25.864,27.355,8,0.65,1.68,40,2,False,False,Battle Offensive
Monaco,Street,72,PER,Sergio Perez,Red Bull,74.927,23.825,27.639,23.463,8,0.41,4.9,41,2,False,False,Battle Offensive
Monaco,Street,73,PER,Sergio Perez,Red Bull,75.897,23.615,26.476,25.806,8,0.86,0.45,42,2,False,False,Battle Offensive
Monaco,Street,74,PER,Sergio Perez,Red Bull,76.194,24.16,25.856,26.178,8,6.25,1.22,43,2,False,False,Battle Defensive
Monaco,Street,75,PER,Sergio Perez,Red Bull,76.305,25.694,27.021,23.59,8,0.87,6.12,44,2,False,False,Battle Offensive
Monaco,Street,76,PER,Sergio Perez,Red Bull,75.679,22.987,26.511,26.181,8,4.06,3.92,45,2,False,False,Clean Air
Monaco,Street,77,PER,Sergio Perez,Red Bull,75.24,24.111,27.701,23.428,8,0.44,1.35,46,2,False,False,Battle Offensive
Monaco,Street,78,PER,Sergio Perez,Red Bull,75.773,23.945,27.643,24.184,8,6.37,1.17,47,2,False,False,Battle Defensive
Monaco,Street,1,PIA,Oscar Piastri,McLaren,74.496,23.519,26.305,24.672,5,1.11,2.29,1,1,False,False,Battle Offensive
Monaco,Street,2,PIA,Oscar Piastri,McLaren,74.425,23.855,26.308,24.261,5,2.62,1.38,2,1,False,False,Battle Defensive
Monaco,Street,3,PIA,Oscar Piastri,McLaren,74.63,25.119,24.69,24.822,5,1.62,0.99,3,1,False,False,Battle Defensive
Monaco,Street,4,PIA,Oscar Piastri,McLaren,74.827,23.403,26.989,24.435,5,1.33,0.74,4,1,False,False,Battle Offensive
Monaco,Street,5,PIA,Oscar Piastri,McLaren,74.535,23.556,25.213,25.766,5,0.58,5.76,5,1,False,False,Battle Offensive
Monaco,Street,6,PIA,Oscar Piastri,McLaren,74.439,25.136,27.141,22.163,5,2.79,6.07,6,1,False,False,DRS Train
Monaco,Street,7,PIA,Oscar Piastri,McLaren,74.58,23.632,25.049,25.899,5,1.73,0.38,7,1,False,False,Battle Defensive
Monaco,Street,8,PIA,Oscar Piastri,McLaren,75.007,22.9,26.308,25.799,5,3.31,0.19,8,1,False,False,Battle Defensive
Monaco,Street,9,PIA,Oscar Piastri,McLaren,74.487,23.999,26.295,24.193,5,3.77,0.75,9,1,False,False,Battle Defensive
Monaco,Street,10,PIA,Oscar Piastri,McLaren,74.8,23.722,26.858,24.22,5,0.78,4.61,10,1,False,False,Battle Offensive
Monaco,Street,11,PIA,Oscar Piastri,McLaren,74.868,23.734,26.077,25.058,5,1.78,2.43,11,1,False,False,DRS Train
Monaco,Street,12,PIA,Oscar Piastri,McLaren,75.087,25.322,27.306,22.459,5,2.69,1.07,12,1,False,False,Battle Defensive
Monaco,Street,13,PIA,Oscar Piastri,McLaren,75.217,25.529,25.566,24.121,5,2.61,1.04,13,1,False,False,Battle Defensive
Monaco,Street,14,PIA,Oscar Piastri,McLaren,75.166,23.619,27.272,24.276,5,0.1,3.23,14,1,False,False,Battle Offensive
Monaco,Street,15,PIA,Oscar Piastri,McLaren,74.493,24.799,25.391,24.303,5,0.11,3.52,15,1,False,False,Battle Offensive
Monaco,Street,16,PIA,Oscar Piastri,McLaren,74.531,25.06,24.718,24.752,5,1.91,1.81,16,1,False,False,DRS Train
Monaco,Street,17,PIA,Oscar Piastri,McLaren,74.827,24.385,24.792,25.65,5,1.41,0.13,17,1,False,False,Battle Offensive
Monaco,Street,18,PIA,Oscar Piastri,McLaren,75.341,25.417,25.849,24.074,5,0.1,1.67,18,1,False,False,Battle Offensive
Monaco,Street,19,PIA,Oscar Piastri,McLaren,96.226,30.52,32.928,32.778,5,0.36,0.68,1,2,True,False,Battle Offensive
Monaco,Street,20,PIA,Oscar Piastri,McLaren,74.34,22.55,25.405,26.386,5,0.1,0.75,2,2,False,False,Battle Offensive
Monaco,Street,21,PIA,Oscar Piastri,McLaren,74.48,23.162,26.511,24.807,5,5.26,3.62,3,2,False,False,Clean Air
Monaco,Street,22,PIA,Oscar Piastri,McLaren,74.533,25.282,27.226,22.026,5,3.2,4.97,4,2,False,False,Clean Air
Monaco,Street,23,PIA,Oscar Piastri,McLaren,74.625,24.189,27.362,23.074,5,2.14,1.27,5,2,False,False,Battle Defensive
Monaco,Street,24,PIA,Oscar Piastri,McLaren,74.816,24.909,26.726,23.181,5,0.31,14.1,6,2,False,False,Battle Offensive
Monaco,Street,25,PIA,Oscar Piastri,McLaren,93.32,28.158,34.17,30.992,5,3.9,4.22,7,2,False,True,Clean Air
Monaco,Street,26,PIA,Oscar Piastri,McLaren,97.243,29.774,33.647,33.822,5,1.87,3.33,8,2,False,True,DRS Train
Monaco,Street,27,PIA,Oscar Piastri,McLaren,96.791,29.171,33.056,34.563,5,2.74,9.58,9,2,False,True,DRS Train
Monaco,Street,28,PIA,Oscar Piastri,McLaren,95.999,29.804,33.585,32.609,5,3.66,0.57,10,2,False,True,Battle Defensive
Monaco,Street,29,PIA,Oscar Piastri,McLaren,102.412,33.029,37.747,31.637,5,3.31,2.14,11,2,False,True,Clean Air
Monaco,Street,30,PIA,Oscar Piastri,McLaren,74.721,23.06,25.257,26.404,5,1.15,0.82,12,2,False,False,Battle Offensive
Monaco,Street,31,PIA,Oscar Piastri,McLaren,74.809,25.342,26.403,23.065,5,11.65,4.05,13,2,False,False,Clean Air
Monaco,Street,32,PIA,Oscar Piastri,McLaren,75.107,23.955,26.021,25.131,5,0.62,4.96,14,2,False,False,Battle Offensive
Monaco,Street,33,PIA,Oscar Piastri,McLaren,74.813,24.331,26.423,24.059,5,8.28,6.03,15,2,False,False,Clean Air
Monaco,Street,34,PIA,Oscar Piastri,McLaren,74.654,23.185,27.466,24.003,5,0.34,3.51,16,2,False,False,Battle Offensive
Monaco,Street,35,PIA,Oscar Piastri,McLaren,74.601,22.442,26.176,25.984,5,1.14,5.96,17,2,False,False,Battle Offensive
Monaco,Street,36,PIA,Oscar Piastri,McLaren,75.091,23.463,26.485,25.143,5,2.16,2.6,18,2,False,False,DRS Train
Monaco,Street,37,PIA,Oscar Piastri,McLaren,74.779,24.787,26.531,23.46,5,9.99,5.71,19,2,False,False,Clean Air
Monaco,Street,38,PIA,Oscar Piastri,McLaren,74.948,22.723,27.242,24.982,5,0.22,4.34,20,2,False,False,Battle Offensive
Monaco,Street,39,PIA,Oscar Piastri,McLaren,74.805,24.144,27.463,23.198,5,6.12,1.59,21,2,False,False,Clean Air
Monaco,Street,40,PIA,Oscar Piastri,McLaren,75.349,25.021,27.251,23.077,4,3.99,1.46,22,2,False,False,Battle Defensive
Monaco,Street,41,PIA,Oscar Piastri,McLaren,74.968,22.491,25.826,26.651,5,9.51,3.86,23,2,False,False,Clean Air
Monaco,Street,42,PIA,Oscar Piastri,McLaren,74.809,23.45,26.386,24.972,5,3.34,2.29,24,2,False,False,Clean Air
Monaco,Street,43,PIA,Oscar Piastri,McLaren,75.028,23.919,25.929,25.18,5,4.45,6.74,25,2,False,False,Clean Air
Monaco,Street,44,PIA,Oscar Piastri,McLaren,74.932,24.473,26.043,24.416,5,1.25,2.39,26,2,False,False,Battle Offensive
Monaco,Street,45,PIA,Oscar Piastri,McLaren,74.964,22.728,26.488,25.748,5,0.62,1.63,27,2,False,False,Battle Offensive
Monaco,Street,46,PIA,Oscar Piastri,McLaren,75.055,23.824,25.52,25.712,5,7.39,1.66,28,2,False,False,Clean Air
Monaco,Street,47,PIA,Oscar Piastri,McLaren,75.114,23.641,24.95,26.523,5,2.9,3.39,29,2,False,False,DRS Train
Monaco,Street,48,PIA,Oscar Piastri,McLaren,75.267,23.835,26.525,24.907,5,2.28,1.68,30,2,False,False,DRS Train
Monaco,Street,49,PIA,Oscar Piastri,McLaren,75.578,25.504,26.729,23.345,5,1.4,8.46,31,2,False,False,Battle Offensive
Monaco,Street,50,PIA,Oscar Piastri,McLaren,75.398,25.562,26.74,23.096,5,2.17,0.56,32,2,False,False,Battle Defensive
Monaco,Street,51,PIA,Oscar Piastri,McLaren,74.972,24.801,27.34,22.831,5,6.88,8.01,33,2,False,False,Clean Air
Monaco,Street,52,PIA,Oscar Piastri,McLaren,75.364,22.961,25.979,26.424,5,1.83,12.49,34,2,False,False,DRS Train
Monaco,Street,53,PIA,Oscar Piastri,McLaren,96.41,31.621,33.612,31.178,5,5.58,5.4,1,3,True,False,Clean Air
Monaco,Street,54,PIA,Oscar Piastri,McLaren,75.005,22.866,26.577,25.562,5,1.04,0.52,2,3,False,False,Battle Offensive
Monaco,Street,55,PIA,Oscar Piastri,McLaren,74.563,24.585,27.29,22.689,5,3.03,1.51,3,3,False,False,Clean Air
Monaco,Street,56,PIA,Oscar Piastri,McLaren,74.361,23.864,26.422,24.075,5,4.26,11.61,4,3,False,False,Clean Air
Monaco,Street,57,PIA,Oscar Piastri,McLaren,74.714,24.706,25.899,24.108,5,2.16,0.75,5,3,False,False,Battle Defensive
Monaco,Street,58,PIA,Oscar Piastri,McLaren,74.402,23.356,26.002,25.044,5,0.16,0.29,6,3,False,False,Battle Offensive
Monaco,Street,59,PIA,Oscar Piastri,McLaren,74.3,23.189,25.318,25.793,5,9.61,8.41,7,3,False,False,Clean Air
Monaco,Street,60,PIA,Oscar Piastri,McLaren,74.181,22.881,25.911,25.388,5,1.9,2.33,8,3,False,False,DRS Train
Monaco,Street,61,PIA,Oscar Piastri,McLaren,74.63,23.239,24.7,26.69,5,2.81,2.51,9,3,False,False,DRS Train
Monaco,Street,62,PIA,Oscar Piastri,McLaren,75.158,25.301,27.682,22.174,5,2.45,0.73,10,3,False,False,Battle Defensive
Monaco,Street,63,PIA,Oscar Piastri,McLaren,75.081,22.571,26.717,25.793,5,0.1,4.94,11,3,False,False,Battle Offensive
Monaco,Street,64,PIA,Oscar Piastri,McLaren,74.604,22.749,26.071,25.784,5,1.43,0.56,12,3,False,False,Battle Offensive
Monaco,Street,65,PIA,Oscar Piastri,McLaren,74.686,25.139,27.239,22.308,5,2.84,0.17,13,3,False,False,Battle Defensive
Monaco,Street,66,PIA,Oscar Piastri,McLaren,74.924,23.917,25.257,25.751,5,1.16,0.18,14,3,False,False,Battle Offensive
Monaco,Street,67,PIA,Oscar Piastri,McLaren,74.129,23.526,24.851,25.751,5,1.68,1.93,15,3,False,False,DRS Train
Monaco,Street,68,PIA,Oscar Piastri,McLaren,74.907,24.027,24.82,26.06,5,1.52,4.16,16,3,False,False,DRS Train
Monaco,Street,69,PIA,Oscar Piastri,McLaren,75.124,23.221,26.22,25.683,5,1.47,5.17,17,3,False,False,Battle Offensive
Monaco,Street,70,PIA,Oscar Piastri,McLaren,75.354,24.021,26.192,25.141,5,1.38,4.92,18,3,False,False,Battle Offensive
Monaco,Street,71,PIA,Oscar Piastri,McLaren,74.689,22.847,24.936,26.906,4,1.93,0.72,19,3,False,False,Battle Defensive
Monaco,Street,72,PIA,Oscar Piastri,McLaren,75.369,22.869,26.261,26.238,5,0.1,1.37,20,3,False,False,Battle Offensive
Monaco,Street,73,PIA,Oscar Piastri,McLaren,74.968,23.125,27.292,24.551,5,3.15,2.28,21,3,False,False,Clean Air
Monaco,Street,74,PIA,Oscar Piastri,McLaren,74.847,24.635,26.131,24.081,5,3.21,2.59,22,3,False,False,Clean Air
Monaco,Street,75,PIA,Oscar Piastri,McLaren,74.954,22.985,26.85,25.119,5,2.86,5.69,23,3,False,False,DRS Train
Monaco,Street,76,PIA,Oscar Piastri,McLaren,75.078,25.13,26.671,23.278,5,0.86,0.83,24,3,False,False,Battle Offensive
Monaco,Street,77,PIA,Oscar Piastri,McLaren,74.728,24.179,26.596,23.952,6,2.34,1.34,25,3,False,False,Battle Defensive
Monaco,Street,78,PIA,Oscar Piastri,McLaren,74.885,23.721,24.763,26.402,5,1.5,8.66,26,3,False,False,DRS Train
Monaco,Street,1,ALO,Fernando Alonso,Aston Martin,74.77,22.819,26.917,25.033,9,1.76,1.03,1,1,False,False,Battle Defensive
Monaco,Street,2,ALO,Fernando Alonso,Aston Martin,74.937,25.257,27.106,22.574,9,0.26,4.57,2,1,False,False,Battle Offensive
Monaco,Street,3,ALO,Fernando Alonso,Aston Martin,74.932,23.292,25.639,26.0,9,0.67,5.62,3,1,False,False,Battle Offensive
Monaco,Street,4,ALO,Fernando Alonso,Aston Martin,74.81,24.876,26.517,23.416,9,1.81,3.12,4,1,False,False,DRS Train
Monaco,Street,5,ALO,Fernando Alonso,Aston Martin,75.017,24.317,27.157,23.543,9,1.72,0.11,5,1,False,False,Battle Defensive
Monaco,Street,6,ALO,Fernando Alonso,Aston Martin,75.13,24.544,27.772,22.814,9,2.2,14.54,6,1,False,False,DRS Train
Monaco,Street,7,ALO,Fernando Alonso,Aston Martin,74.966,22.668,26.71,25.588,9,7.78,2.75,7,1,False,False,Clean Air
Monaco,Street,8,ALO,Fernando Alonso,Aston Martin,75.195,23.023,25.569,26.603,9,1.09,4.3,8,1,False,False,Battle Offensive
Monaco,Street,9,ALO,Fernando Alonso,Aston Martin,74.806,22.674,26.821,25.311,9,3.35,4.1,9,1,False,False,Clean Air
Monaco,Street,10,ALO,Fernando Alonso,Aston Martin,74.717,25.143,25.233,24.341,9,0.1,0.12,10,1,False,False,Battle Offensive
Monaco,Street,11,ALO,Fernando Alonso,Aston Martin,75.242,23.336,26.101,25.804,9,1.39,2.02,11,1,False,False,Battle Offensive
Monaco,Street,12,ALO,Fernando Alonso,Aston Martin,75.059,23.389,26.611,25.059,9,3.86,9.11,12,1,False,False,Clean Air
Monaco,Street,13,ALO,Fernando Alonso,Aston Martin,75.144,23.753,27.02,24.371,9,1.09,1.01,13,1,False,False,Battle Offensive
Monaco,Street,14,ALO,Fernando Alonso,Aston Martin,75.102,25.155,25.466,24.481,9,4.42,9.23,14,1,False,False,Clean Air
Monaco,Street,15,ALO,Fernando Alonso,Aston Martin,75.254,23.992,25.789,25.473,9,1.89,0.56,15,1,False,False,Battle Defensive
Monaco,Street,16,ALO,Fernando Alonso,Aston Martin,75.066,24.746,26.572,23.748,9,2.44,2.64,16,1,False,False,DRS Train
Monaco,Street,17,ALO,Fernando Alonso,Aston Martin,75.189,22.931,27.731,24.526,9,1.49,1.06,17,1,False,False,Battle Offensive
Monaco,Street,18,ALO,Fernando Alonso,Aston Martin,75.117,24.437,24.948,25.732,9,2.02,0.51,18,1,False,False,Battle Defensive
Monaco,Street,19,ALO,Fernando Alonso,Aston Martin,75.035,23.55,24.819,26.665,9,0.13,4.83,19,1,False,False,Battle Offensive
Monaco,Street,20,ALO,Fernando Alonso,Aston Martin,75.11,23.272,26.28,25.558,9,4.36,0.38,20,1,False,False,Battle Defensive
Monaco,Street,21,ALO,Fernando Alonso,Aston Martin,75.373,23.616,26.079,25.678,9,7.44,4.7,21,1,False,False,Clean Air
Monaco,Street,22,ALO,Fernando Alonso,Aston Martin,74.925,24.41,25.91,24.604,9,0.84,8.7,22,1,False,False,Battle Offensive
Monaco,Street,23,ALO,Fernando Alonso,Aston Martin,75.237,25.431,25.046,24.76,9,4.26,2.1,23,1,False,False,Clean Air
Monaco,Street,24,ALO,Fernando Alonso,Aston Martin,75.161,23.021,26.736,25.404,9,0.87,0.54,24,1,False,False,Battle Offensive
Monaco,Street,25,ALO,Fernando Alonso,Aston Martin,98.01,32.33,35.664,30.016,9,1.63,3.42,25,1,False,True,DRS Train
Monaco,Street,26,ALO,Fernando Alonso,Aston Martin,99.013,31.419,33.245,34.349,9,1.18,0.88,26,1,False,True,Battle Offensive
Monaco,Street,27,ALO,Fernando Alonso,Aston Martin,105.309,31.796,34.756,38.757,9,0.42,0.77,27,1,False,True,Battle Offensive
Monaco,Street,28,ALO,Fernando Alonso,Aston Martin,97.623,30.339,32.781,34.502,9,2.29,0.84,28,1,False,True,Battle Defensive
Monaco,Street,29,ALO,Fernando Alonso,Aston Martin,135.219,41.534,45.181,48.504,9,1.38,1.54,1,2,True,True,Battle Offensive
Monaco,Street,30,ALO,Fernando Alonso,Aston Martin,75.111,24.584,25.413,25.114,9,0.13,1.43,2,2,False,False,Battle Offensive
Monaco,Street,31,ALO,Fernando Alonso,Aston Martin,74.792,23.678,24.928,26.186,9,0.99,1.73,3,2,False,False,Battle Offensive
Monaco,Street,32,ALO,Fernando Alonso,Aston Martin,75.056,24.119,25.192,25.745,9,2.33,0.27,4,2,False,False,Battle Defensive
Monaco,Street,33,ALO,Fernando Alonso,Aston Martin,75.036,24.316,27.132,23.588,9,0.91,1.78,5,2,False,False,Battle Offensive
Monaco,Street,34,ALO,Fernando Alonso,Aston Martin,74.881,24.76,26.865,23.256,9,0.61,0.17,6,2,False,False,Battle Offensive
Monaco,Street,35,ALO,Fernando Alonso,Aston Martin,75.063,24.616,27.114,23.333,9,0.17,0.73,7,2,False,False,Battle Offensive
Monaco,Street,36,ALO,Fernando Alonso,Aston Martin,75.207,23.236,27.65,24.322,9,1.0,0.97,8,2,False,False,Battle Offensive
Monaco,Street,37,ALO,Fernando Alonso,Aston Martin,75.222,23.765,25.733,25.724,9,1.47,3.13,9,2,False,False,Battle Offensive
Monaco,Street,38,ALO,Fernando Alonso,Aston Martin,75.29,25.072,25.046,25.172,9,3.97,1.02,10,2,False,False,Battle Defensive
Monaco,Street,39,ALO,Fernando Alonso,Aston Martin,74.931,23.113,25.872,25.946,9,0.97,2.69,11,2,False,False,Battle Offensive
Monaco,Street,40,ALO,Fernando Alonso,Aston Martin,75.014,22.723,25.889,26.401,10,1.96,1.58,12,2,False,False,DRS Train
Monaco,Street,41,ALO,Fernando Alonso,Aston Martin,75.241,25.574,26.409,23.258,9,0.1,0.53,13,2,False,False,Battle Offensive
Monaco,Street,42,ALO,Fernando Alonso,Aston Martin,74.865,23.488,26.083,25.295,9,1.96,1.24,14,2,False,False,Battle Defensive
Monaco,Street,43,ALO,Fernando Alonso,Aston Martin,75.191,23.421,25.366,26.405,9,0.79,1.49,15,2,False,False,Battle Offensive
Monaco,Street,44,ALO,Fernando Alonso,Aston Martin,74.985,23.458,25.42,26.107,9,1.19,5.62,16,2,False,False,Battle Offensive
Monaco,Street,45,ALO,Fernando Alonso,Aston Martin,75.284,22.639,25.852,26.793,9,2.07,2.25,17,2,False,False,DRS Train
Monaco,Street,46,ALO,Fernando Alonso,Aston Martin,75.144,23.176,27.649,24.318,10,0.51,2.85,18,2,False,False,Battle Offensive
Monaco,Street,47,ALO,Fernando Alonso,Aston Martin,75.214,25.244,25.592,24.377,9,6.42,1.35,19,2,False,False,Battle Defensive
Monaco,Street,48,ALO,Fernando Alonso,Aston Martin,75.086,23.163,27.515,24.408,9,6.67,2.25,20,2,False,False,Clean Air
Monaco,Street,49,ALO,Fernando Alonso,Aston Martin,75.114,23.727,25.699,25.688,9,6.76,1.72,21,2,False,False,Clean Air
Monaco,Street,50,ALO,Fernando Alonso,Aston Martin,75.643,24.561,26.188,24.894,9,3.13,0.14,22,2,False,False,Battle Defensive
Monaco,Street,51,ALO,Fernando Alonso,Aston Martin,75.039,25.31,26.916,22.814,9,4.7,2.96,23,2,False,False,Clean Air
Monaco,Street,52,ALO,Fernando Alonso,Aston Martin,96.981,30.222,34.671,32.088,9,1.36,1.66,1,3,True,False,Battle Offensive
Monaco,Street,53,ALO,Fernando Alonso,Aston Martin,74.843,23.538,25.652,25.654,9,1.59,1.53,2,3,False,False,DRS Train
Monaco,Street,54,ALO,Fernando Alonso,Aston Martin,74.824,24.634,27.184,23.007,9,2.29,0.5,3,3,False,False,Battle Defensive
Monaco,Street,55,ALO,Fernando Alonso,Aston Martin,75.103,23.801,26.741,24.561,9,3.14,3.28,4,3,False,False,Clean Air
Monaco,Street,56,ALO,Fernando Alonso,Aston Martin,74.481,23.108,26.747,24.626,9,0.75,0.18,5,3,False,False,Battle Offensive
Monaco,Street,57,ALO,Fernando Alonso,Aston Martin,75.104,25.387,26.58,23.136,9,3.05,2.1,6,3,False,False,Clean Air
Monaco,Street,58,ALO,Fernando Alonso,Aston Martin,74.963,25.123,24.952,24.888,9,0.64,4.69,7,3,False,False,Battle Offensive
Monaco,Street,59,ALO,Fernando Alonso,Aston Martin,74.981,23.601,27.241,24.139,9,0.1,3.41,8,3,False,False,Battle Offensive
Monaco,Street,60,ALO,Fernando Alonso,Aston Martin,75.06,22.927,27.466,24.667,9,0.25,2.69,9,3,False,False,Battle Offensive
Monaco,Street,61,ALO,Fernando Alonso,Aston Martin,75.156,23.647,27.656,23.854,9,0.69,1.09,10,3,False,False,Battle Offensive
Monaco,Street,62,ALO,Fernando Alonso,Aston Martin,75.006,24.696,26.325,23.984,9,14.4,0.78,11,3,False,False,Battle Defensive
Monaco,Street,63,ALO,Fernando Alonso,Aston Martin,75.001,22.936,27.146,24.919,9,9.9,2.01,12,3,False,False,Clean Air
Monaco,Street,64,ALO,Fernando Alonso,Aston Martin,74.938,23.957,25.911,25.071,9,4.85,1.64,13,3,False,False,Clean Air
Monaco,Street,65,ALO,Fernando Alonso,Aston Martin,75.125,24.51,24.847,25.768,9,2.36,0.11,14,3,False,False,Battle Defensive
Monaco,Street,66,ALO,Fernando Alonso,Aston Martin,75.088,24.703,25.635,24.751,9,1.81,0.76,15,3,False,False,Battle Defensive
Monaco,Street,67,ALO,Fernando Alonso,Aston Martin,74.927,22.613,25.283,27.03,9,3.49,0.1,16,3,False,False,Battle Defensive
Monaco,Street,68,ALO,Fernando Alonso,Aston Martin,75.54,22.669,27.614,25.258,9,0.75,2.59,17,3,False,False,Battle Offensive
Monaco,Street,69,ALO,Fernando Alonso,Aston Martin,75.21,23.894,26.305,25.011,9,0.79,2.76,18,3,False,False,Battle Offensive
Monaco,Street,70,ALO,Fernando Alonso,Aston Martin,75.106,23.23,27.481,24.395,9,0.96,1.12,19,3,False,False,Battle Offensive
Monaco,Street,71,ALO,Fernando Alonso,Aston Martin,74.857,24.575,26.714,23.568,9,4.97,1.78,20,3,False,False,Clean Air
Monaco,Street,72,ALO,Fernando Alonso,Aston Martin,75.613,23.926,26.542,25.144,9,0.55,2.78,21,3,False,False,Battle Offensive
Monaco,Street,73,ALO,Fernando Alonso,Aston Martin,75.316,24.22,27.194,23.902,9,2.68,0.17,22,3,False,False,Battle Defensive
Monaco,Street,74,ALO,Fernando Alonso,Aston Martin,75.075,25.372,26.683,23.02,9,0.97,1.1,23,3,False,False,Battle Offensive
Monaco,Street,75,ALO,Fernando Alonso,Aston Martin,75.119,22.941,26.015,26.163,9,3.2,2.75,24,3,False,False,Clean Air
Monaco,Street,76,ALO,Fernando Alonso,Aston Martin,75.687,25.118,25.109,25.46,9,1.05,0.51,25,3,False,False,Battle Offensive
Monaco,Street,77,ALO,Fernando Alonso,Aston Martin,75.512,24.233,26.58,24.699,9,2.09,1.27,26,3,False,False,Battle Defensive
Monaco,Street,78,ALO,Fernando Alonso,Aston Martin,75.465,24.128,27.491,23.845,9,9.67,3.11,27,3,False,False,Clean Air
Monaco,Street,1,STR,Lance Stroll,Aston Martin,75.163,24.223,26.04,24.9,10,0.85,0.28,1,1,False,False,Battle Offensive
Monaco,Street,2,STR,Lance Stroll,Aston Martin,75.883,25.244,25.637,25.002,10,1.54,0.31,2,1,False,False,Battle Defensive
Monaco,Street,3,STR,Lance Stroll,Aston Martin,74.839,24.628,27.688,22.523,10,4.68,1.6,3,1,False,False,Clean Air
Monaco,Street,4,STR,Lance Stroll,Aston Martin,76.247,24.11,25.804,26.334,10,4.48,1.3,4,1,False,False,Battle Defensive
Monaco,Street,5,STR,Lance Stroll,Aston Martin,75.122,24.735,25.562,24.825,9,2.25,3.53,5,1,False,False,DRS Train
Monaco,Street,6,STR,Lance Stroll,Aston Martin,74.955,24.08,25.643,25.232,10,4.63,1.64,6,1,False,False,Clean Air
Monaco,Street,7,STR,Lance Stroll,Aston Martin,75.186,24.565,26.43,24.191,10,7.8,4.03,7,1,False,False,Clean Air
Monaco,Street,8,STR,Lance Stroll,Aston Martin,76.056,23.284,25.646,27.126,10,0.89,0.44,8,1,False,False,Battle Offensive
Monaco,Street,9,STR,Lance Stroll,Aston Martin,74.971,24.351,26.347,24.274,10,1.42,4.11,9,1,False,False,Battle Offensive
Monaco,Street,10,STR,Lance Stroll,Aston Martin,75.753,22.756,26.456,26.54,10,8.85,2.84,10,1,False,False,Clean Air
Monaco,Street,11,STR,Lance Stroll,Aston Martin,75.224,23.259,25.594,26.37,10,6.42,4.09,11,1,False,False,Clean Air
Monaco,Street,12,STR,Lance Stroll,Aston Martin,76.379,24.382,25.214,26.782,10,8.71,0.14,12,1,False,False,Battle Defensive
Monaco,Street,13,STR,Lance Stroll,Aston Martin,75.673,25.673,26.032,23.968,10,0.7,0.98,13,1,False,False,Battle Offensive
Monaco,Street,14,STR,Lance Stroll,Aston Martin,75.117,25.032,26.775,23.31,10,0.52,0.1,14,1,False,False,Battle Offensive
Monaco,Street,15,STR,Lance Stroll,Aston Martin,75.224,25.314,25.103,24.808,10,1.26,3.41,15,1,False,False,Battle Offensive
Monaco,Street,16,STR,Lance Stroll,Aston Martin,75.635,24.821,25.725,25.089,10,1.23,1.33,16,1,False,False,Battle Offensive
Monaco,Street,17,STR,Lance Stroll,Aston Martin,75.202,24.636,27.542,23.024,10,3.56,2.06,17,1,False,False,Clean Air
Monaco,Street,18,STR,Lance Stroll,Aston Martin,75.652,22.908,27.05,25.694,10,0.35,2.12,18,1,False,False,Battle Offensive
Monaco,Street,19,STR,Lance Stroll,Aston Martin,75.15,24.808,26.356,23.986,10,4.52,3.52,19,1,False,False,Clean Air
Monaco,Street,20,STR,Lance Stroll,Aston Martin,75.665,24.231,25.642,25.792,10,6.24,1.98,20,1,False,False,Clean Air
Monaco,Street,21,STR,Lance Stroll,Aston Martin,75.503,25.652,25.194,24.657,10,5.09,2.82,21,1,False,False,Clean Air
Monaco,Street,22,STR,Lance Stroll,Aston Martin,75.726,23.304,27.692,24.731,10,1.26,1.57,22,1,False,False,Battle Offensive
Monaco,Street,23,STR,Lance Stroll,Aston Martin,75.693,22.925,27.117,25.651,10,0.1,5.64,23,1,False,False,Battle Offensive
Monaco,Street,24,STR,Lance Stroll,Aston Martin,75.512,23.23,24.966,27.315,10,3.07,1.68,24,1,False,False,Clean Air
Monaco,Street,25,STR,Lance Stroll,Aston Martin,95.772,32.442,35.003,28.327,10,0.25,0.78,25,1,False,True,Battle Offensive
Monaco,Street,26,STR,Lance Stroll,Aston Martin,98.67,31.536,35.611,31.523,11,0.75,0.33,26,1,False,True,Battle Offensive
Monaco,Street,27,STR,Lance Stroll,Aston Martin,104.104,31.781,36.834,35.488,10,3.46,1.94,27,1,False,True,Clean Air
Monaco,Street,28,STR,Lance Stroll,Aston Martin,97.406,32.03,32.333,33.043,9,0.73,1.16,28,1,False,True,Battle Offensive
Monaco,Street,29,STR,Lance Stroll,Aston Martin,97.152,31.291,33.449,32.412,10,2.63,0.63,29,1,False,True,Battle Defensive
Monaco,Street,30,STR,Lance Stroll,Aston Martin,75.58,22.859,25.413,27.308,10,0.1,1.98,30,1,False,False,Battle Offensive
Monaco,Street,31,STR,Lance Stroll,Aston Martin,74.974,23.902,27.049,24.023,10,1.46,1.76,31,1,False,False,Battle Offensive
Monaco,Street,32,STR,Lance Stroll,Aston Martin,97.056,29.938,34.112,33.007,10,2.92,3.38,1,2,True,False,DRS Train
Monaco,Street,33,STR,Lance Stroll,Aston Martin,75.059,25.428,25.726,23.905,10,7.92,2.22,2,2,False,False,Clean Air
Monaco,Street,34,STR,Lance Stroll,Aston Martin,75.34,25.196,27.734,22.41,10,1.32,2.51,3,2,False,False,Battle Offensive
Monaco,Street,35,STR,Lance Stroll,Aston Martin,75.873,22.867,27.736,25.27,10,4.23,1.29,4,2,False,False,Battle Defensive
Monaco,Street,36,STR,Lance Stroll,Aston Martin,75.473,23.881,27.521,24.071,10,2.57,2.58,5,2,False,False,DRS Train
Monaco,Street,37,STR,Lance Stroll,Aston Martin,75.163,24.912,25.169,25.081,10,1.48,0.74,6,2,False,False,Battle Offensive
Monaco,Street,38,STR,Lance Stroll,Aston Martin,75.265,23.023,25.319,26.923,10,0.31,0.57,7,2,False,False,Battle Offensive
Monaco,Street,39,STR,Lance Stroll,Aston Martin,75.82,23.287,27.316,25.216,10,3.36,1.42,8,2,False,False,Battle Defensive
Monaco,Street,40,STR,Lance Stroll,Aston Martin,75.287,25.303,24.88,25.103,10,0.12,7.99,9,2,False,False,Battle Offensive
Monaco,Street,41,STR,Lance Stroll,Aston Martin,75.598,23.94,26.83,24.828,9,2.17,0.64,10,2,False,False,Battle Defensive
Monaco,Street,42,STR,Lance Stroll,Aston Martin,76.528,24.098,26.111,26.318,10,0.59,1.03,11,2,False,False,Battle Offensive
Monaco,Street,43,STR,Lance Stroll,Aston Martin,75.815,23.905,26.007,25.903,10,0.98,0.56,12,2,False,False,Battle Offensive
Monaco,Street,44,STR,Lance Stroll,Aston Martin,75.852,25.014,27.563,23.275,10,0.68,1.92,13,2,False,False,Battle Offensive
Monaco,Street,45,STR,Lance Stroll,Aston Martin,76.159,25.235,26.052,24.872,10,2.44,0.52,14,2,False,False,Battle Defensive
Monaco,Street,46,STR,Lance Stroll,Aston Martin,75.743,25.716,25.02,25.007,10,1.8,2.43,15,2,False,False,DRS Train
Monaco,Street,47,STR,Lance Stroll,Aston Martin,75.378,22.785,25.033,27.56,10,0.32,6.06,16,2,False,False,Battle Offensive
Monaco,Street,48,STR,Lance Stroll,Aston Martin,74.934,22.786,26.208,25.941,10,1.39,6.71,17,2,False,False,Battle Offensive
Monaco,Street,49,STR,Lance Stroll,Aston Martin,75.348,24.586,27.38,23.381,10,0.88,4.61,18,2,False,False,Battle Offensive
Monaco,Street,50,STR,Lance Stroll,Aston Martin,74.455,23.956,26.568,23.931,10,2.04,0.1,19,2,False,False,Battle Defensive
Monaco,Street,51,STR,Lance Stroll,Aston Martin,75.235,23.526,27.725,23.985,10,2.22,1.05,20,2,False,False,Battle Defensive
Monaco,Street,52,STR,Lance Stroll,Aston Martin,75.88,25.748,26.8,23.332,10,1.07,1.06,21,2,False,False,Battle Offensive
Monaco,Street,53,STR,Lance Stroll,Aston Martin,75.29,23.342,26.634,25.313,10,4.42,1.28,22,2,False,False,Battle Defensive
Monaco,Street,54,STR,Lance Stroll,Aston Martin,76.114,24.457,27.429,24.229,10,0.58,0.98,23,2,False,False,Battle Offensive
Monaco,Street,55,STR,Lance Stroll,Aston Martin,75.888,23.509,27.367,25.012,10,0.71,5.04,24,2,False,False,Battle Offensive
Monaco,Street,56,STR,Lance Stroll,Aston Martin,76.11,24.762,25.793,25.554,10,0.18,0.4,25,2,False,False,Battle Offensive
Monaco,Street,57,STR,Lance Stroll,Aston Martin,75.821,24.187,25.7,25.934,10,0.12,2.37,26,2,False,False,Battle Offensive
Monaco,Street,58,STR,Lance Stroll,Aston Martin,75.901,23.708,26.293,25.901,10,4.8,0.73,27,2,False,False,Battle Defensive
Monaco,Street,59,STR,Lance Stroll,Aston Martin,75.339,23.492,27.71,24.137,10,0.1,3.22,28,2,False,False,Battle Offensive
Monaco,Street,60,STR,Lance Stroll,Aston Martin,75.778,23.635,25.184,26.959,10,10.99,1.6,29,2,False,False,Clean Air
Monaco,Street,61,STR,Lance Stroll,Aston Martin,76.589,23.377,27.235,25.977,10,0.38,4.55,30,2,False,False,Battle Offensive
Monaco,Street,62,STR,Lance Stroll,Aston Martin,75.69,25.027,25.185,25.479,10,0.1,2.88,31,2,False,False,Battle Offensive
Monaco,Street,63,STR,Lance Stroll,Aston Martin,76.178,23.889,26.671,25.618,10,4.38,0.76,32,2,False,False,Battle Defensive
Monaco,Street,64,STR,Lance Stroll,Aston Martin,76.19,25.297,26.647,24.246,10,2.23,3.4,33,2,False,False,DRS Train
Monaco,Street,65,STR,Lance Stroll,Aston Martin,76.501,25.167,25.812,25.522,10,0.31,1.44,34,2,False,False,Battle Offensive
Monaco,Street,66,STR,Lance Stroll,Aston Martin,76.259,25.83,26.142,24.287,10,2.65,0.1,35,2,False,False,Battle Defensive
Monaco,Street,67,STR,Lance Stroll,Aston Martin,75.781,23.504,25.429,26.848,10,0.1,1.12,36,2,False,False,Battle Offensive
Monaco,Street,68,STR,Lance Stroll,Aston Martin,75.6,23.257,27.618,24.725,10,0.17,1.42,37,2,False,False,Battle Offensive
Monaco,Street,69,STR,Lance Stroll,Aston Martin,75.45,23.784,24.955,26.712,10,3.08,5.07,38,2,False,False,Clean Air
Monaco,Street,70,STR,Lance Stroll,Aston Martin,75.726,24.039,27.961,23.726,10,3.22,1.08,39,2,False,False,Battle Defensive
Monaco,Street,71,STR,Lance Stroll,Aston Martin,76.519,23.344,27.495,25.681,10,0.93,11.67,40,2,False,False,Battle Offensive
Monaco,Street,72,STR,Lance Stroll,Aston Martin,76.342,23.066,27.781,25.496,10,0.78,1.49,41,2,False,False,Battle Offensive
Monaco,Street,73,STR,Lance Stroll,Aston Martin,76.431,23.837,27.642,24.952,10,5.52,4.67,42,2,False,False,Clean Air
Monaco,Street,74,STR,Lance Stroll,Aston Martin,75.737,23.528,27.303,24.905,10,2.87,2.17,43,2,False,False,DRS Train
Monaco,Street,75,STR,Lance Stroll,Aston Martin,76.187,24.668,26.938,24.581,10,0.74,1.48,44,2,False,False,Battle Offensive
Monaco,Street,76,STR,Lance Stroll,Aston Martin,76.472,25.887,27.178,23.407,10,1.49,1.0,45,2,False,False,Battle Offensive
Monaco,Street,77,STR,Lance Stroll,Aston Martin,76.317,23.197,25.542,27.578,10,5.45,1.39,46,2,False,False,Battle Defensive
Monaco,Street,78,STR,Lance Stroll,Aston Martin,76.553,25.496,26.081,24.976,10,3.05,1.35,47,2,False,False,Battle Defensive
Monaco,Street,1,GAS,Pierre Gasly,Alpine,75.54,23.763,25.625,26.153,12,0.81,1.85,1,1,False,False,Battle Offensive
Monaco,Street,2,GAS,Pierre Gasly,Alpine,74.889,23.303,27.503,24.082,13,0.38,2.03,2,1,False,False,Battle Offensive
Monaco,Street,3,GAS,Pierre Gasly,Alpine,75.745,23.94,27.51,24.294,12,2.87,0.76,3,1,False,False,Battle Defensive
Monaco,Street,4,GAS,Pierre Gasly,Alpine,75.422,24.991,26.624,23.807,12,1.94,0.63,4,1,False,False,Battle Defensive
Monaco,Street,5,GAS,Pierre Gasly,Alpine,75.381,24.249,27.557,23.575,12,0.31,1.35,5,1,False,False,Battle Offensive
Monaco,Street,6,GAS,Pierre Gasly,Alpine,75.681,25.635,27.393,22.653,12,2.13,7.17,6,1,False,False,DRS Train
Monaco,Street,7,GAS,Pierre Gasly,Alpine,75.655,23.034,26.354,26.267,12,0.37,1.07,7,1,False,False,Battle Offensive
Monaco,Street,8,GAS,Pierre Gasly,Alpine,75.358,24.48,24.879,25.999,12,5.29,1.1,8,1,False,False,Battle Defensive
Monaco,Street,9,GAS,Pierre Gasly,Alpine,75.204,23.699,27.236,24.27,11,6.69,1.12,9,1,False,False,Battle Defensive
Monaco,Street,10,GAS,Pierre Gasly,Alpine,75.14,23.554,25.555,26.031,12,1.77,4.07,10,1,False,False,DRS Train
Monaco,Street,11,GAS,Pierre Gasly,Alpine,75.454,23.693,25.577,26.184,12,2.15,8.3,11,1,False,False,DRS Train
Monaco,Street,12,GAS,Pierre Gasly,Alpine,75.103,22.837,25.003,27.262,12,1.98,3.4,12,1,False,False,DRS Train
Monaco,Street,13,GAS,Pierre Gasly,Alpine,75.564,23.037,27.551,24.975,11,1.55,0.9,13,1,False,False,Battle Defensive
Monaco,Street,14,GAS,Pierre Gasly,Alpine,75.541,24.962,26.514,24.066,12,4.61,1.56,14,1,False,False,Clean Air
Monaco,Street,15,GAS,Pierre Gasly,Alpine,75.093,22.897,25.035,27.161,12,1.69,0.95,15,1,False,False,Battle Defensive
Monaco,Street,16,GAS,Pierre Gasly,Alpine,75.431,23.197,27.571,24.662,12,0.12,0.29,16,1,False,False,Battle Offensive
Monaco,Street,17,GAS,Pierre Gasly,Alpine,75.512,24.15,26.434,24.928,12,3.22,1.14,17,1,False,False,Battle Defensive
Monaco,Street,18,GAS,Pierre Gasly,Alpine,76.216,23.609,26.173,26.434,12,0.1,1.1,18,1,False,False,Battle Offensive
Monaco,Street,19,GAS,Pierre Gasly,Alpine,75.813,25.205,27.32,23.288,12,1.88,8.14,19,1,False,False,DRS Train
Monaco,Street,20,GAS,Pierre Gasly,Alpine,75.792,25.535,25.403,24.854,11,0.77,0.41,20,1,False,False,Battle Offensive
Monaco,Street,21,GAS,Pierre Gasly,Alpine,75.539,24.583,27.761,23.195,12,3.04,5.55,21,1,False,False,Clean Air
Monaco,Street,22,GAS,Pierre Gasly,Alpine,75.629,23.784,25.615,26.229,12,4.45,4.01,22,1,False,False,Clean Air
Monaco,Street,23,GAS,Pierre Gasly,Alpine,76.165,23.063,27.545,25.557,12,1.27,3.01,23,1,False,False,Battle Offensive
Monaco,Street,24,GAS,Pierre Gasly,Alpine,75.302,23.989,26.205,25.109,12,2.3,2.13,24,1,False,False,DRS Train
Monaco,Street,25,GAS,Pierre Gasly,Alpine,103.919,34.651,34.803,34.465,12,0.2,0.39,25,1,False,True,Battle Offensive
Monaco,Street,26,GAS,Pierre Gasly,Alpine,100.544,32.891,34.33,33.322,12,4.32,1.76,26,1,False,True,Clean Air
Monaco,Street,27,GAS,Pierre Gasly,Alpine,103.747,32.906,34.462,36.379,12,0.73,1.2,27,1,False,True,Battle Offensive
Monaco,Street,28,GAS,Pierre Gasly,Alpine,105.33,32.508,34.943,37.879,12,4.2,1.2,28,1,False,True,Battle Defensive
Monaco,Street,29,GAS,Pierre Gasly,Alpine,123.245,37.545,43.524,42.177,12,0.91,2.98,1,2,True,True,Battle Offensive
Monaco,Street,30,GAS,Pierre Gasly,Alpine,75.132,24.983,25.149,25.0,12,5.45,0.55,2,2,False,False,Battle Defensive
Monaco,Street,31,GAS,Pierre Gasly,Alpine,75.672,23.226,25.836,26.61,12,3.53,0.26,3,2,False,False,Battle Defensive
Monaco,Street,32,GAS,Pierre Gasly,Alpine,75.215,23.973,27.783,23.459,12,8.78,2.01,4,2,False,False,Clean Air
Monaco,Street,33,GAS,Pierre Gasly,Alpine,75.422,23.398,25.483,26.54,12,1.01,1.2,5,2,False,False,Battle Offensive
Monaco,Street,34,GAS,Pierre Gasly,Alpine,75.362,23.419,26.835,25.108,12,0.1,1.92,6,2,False,False,Battle Offensive
Monaco,Street,35,GAS,Pierre Gasly,Alpine,75.502,22.831,24.972,27.698,12,3.65,0.45,7,2,False,False,Battle Defensive
Monaco,Street,36,GAS,Pierre Gasly,Alpine,75.931,23.583,25.452,26.897,12,9.12,0.54,8,2,False,False,Battle Defensive
Monaco,Street,37,GAS,Pierre Gasly,Alpine,75.311,25.019,25.679,24.612,11,3.0,5.86,9,2,False,False,Clean Air
Monaco,Street,38,GAS,Pierre Gasly,Alpine,75.509,23.59,27.921,23.997,12,3.66,2.24,10,2,False,False,Clean Air
Monaco,Street,39,GAS,Pierre Gasly,Alpine,75.851,25.595,27.663,22.593,12,0.1,1.4,11,2,False,False,Battle Offensive
Monaco,Street,40,GAS,Pierre Gasly,Alpine,75.804,22.967,27.491,25.346,12,1.01,0.22,12,2,False,False,Battle Offensive
Monaco,Street,41,GAS,Pierre Gasly,Alpine,75.987,25.701,26.639,23.646,12,1.48,2.71,13,2,False,False,Battle Offensive
Monaco,Street,42,GAS,Pierre Gasly,Alpine,75.375,22.741,25.356,27.278,12,4.0,8.35,14,2,False,False,Clean Air
Monaco,Street,43,GAS,Pierre Gasly,Alpine,76.164,23.138,27.365,25.662,12,1.21,0.62,15,2,False,False,Battle Offensive
Monaco,Street,44,GAS,Pierre Gasly,Alpine,76.069,25.05,26.89,24.129,12,0.65,1.37,16,2,False,False,Battle Offensive
Monaco,Street,45,GAS,Pierre Gasly,Alpine,75.615,25.701,27.313,22.602,12,1.49,3.56,17,2,False,False,Battle Offensive
Monaco,Street,46,GAS,Pierre Gasly,Alpine,75.545,23.148,27.092,25.305,12,2.75,5.65,18,2,False,False,DRS Train
Monaco,Street,47,GAS,Pierre Gasly,Alpine,75.744,24.038,26.688,25.018,13,3.03,8.52,19,2,False,False,Clean Air
Monaco,Street,48,GAS,Pierre Gasly,Alpine,75.828,24.479,25.303,26.046,12,4.24,0.63,20,2,False,False,Battle Defensive
Monaco,Street,49,GAS,Pierre Gasly,Alpine,96.985,30.035,32.949,34.001,12,6.01,0.52,1,3,True,False,Battle Defensive
Monaco,Street,50,GAS,Pierre Gasly,Alpine,75.773,25.76,27.548,22.465,12,5.25,0.55,2,3,False,False,Battle Defensive
Monaco,Street,51,GAS,Pierre Gasly,Alpine,75.304,24.447,26.16,24.698,12,2.51,4.64,3,3,False,False,DRS Train
Monaco,Street,52,GAS,Pierre Gasly,Alpine,75.323,22.689,27.779,24.855,12,1.39,1.87,4,3,False,False,Battle Offensive
Monaco,Street,53,GAS,Pierre Gasly,Alpine,74.794,24.802,25.901,24.091,12,7.7,5.82,5,3,False,False,Clean Air
Monaco,Street,54,GAS,Pierre Gasly,Alpine,75.702,24.162,26.752,24.787,12,0.8,2.46,6,3,False,False,Battle Offensive
Monaco,Street,55,GAS,Pierre Gasly,Alpine,75.435,24.747,27.055,23.633,12,11.2,2.3,7,3,False,False,Clean Air
Monaco,Street,56,GAS,Pierre Gasly,Alpine,75.286,23.312,25.31,26.664,12,1.51,1.61,8,3,False,False,DRS Train
Monaco,Street,57,GAS,Pierre Gasly,Alpine,75.385,25.178,27.767,22.44,12,0.37,0.32,9,3,False,False,Battle Offensive
Monaco,Street,58,GAS,Pierre Gasly,Alpine,76.274,23.95,26.525,25.798,12,7.97,1.46,10,3,False,False,Battle Defensive
Monaco,Street,59,GAS,Pierre Gasly,Alpine,75.222,24.562,26.408,24.252,12,1.64,2.06,11,3,False,False,DRS Train
Monaco,Street,60,GAS,Pierre Gasly,Alpine,75.633,22.998,26.214,26.421,12,0.25,1.29,12,3,False,False,Battle Offensive
Monaco,Street,61,GAS,Pierre Gasly,Alpine,75.557,23.061,25.281,27.215,12,5.38,2.39,13,3,False,False,Clean Air
Monaco,Street,62,GAS,Pierre Gasly,Alpine,75.217,23.097,25.13,26.99,12,0.7,3.31,14,3,False,False,Battle Offensive
Monaco,Street,63,GAS,Pierre Gasly,Alpine,75.731,24.517,26.56,24.653,12,3.34,1.5,15,3,False,False,Battle Defensive
Monaco,Street,64,GAS,Pierre Gasly,Alpine,76.173,24.43,27.283,24.46,12,2.9,1.45,16,3,False,False,Battle Defensive
Monaco,Street,65,GAS,Pierre Gasly,Alpine,75.316,23.382,27.118,24.816,12,5.53,6.19,17,3,False,False,Clean Air
Monaco,Street,66,GAS,Pierre Gasly,Alpine,75.485,23.057,25.382,27.046,12,1.16,0.48,18,3,False,False,Battle Offensive
Monaco,Street,67,GAS,Pierre Gasly,Alpine,75.822,23.225,25.437,27.159,12,0.23,3.05,19,3,False,False,Battle Offensive
Monaco,Street,68,GAS,Pierre Gasly,Alpine,75.92,24.058,26.933,24.93,12,2.22,5.71,20,3,False,False,DRS Train
Monaco,Street,69,GAS,Pierre Gasly,Alpine,75.76,24.034,26.217,25.509,12,2.84,5.16,21,3,False,False,DRS Train
Monaco,Street,70,GAS,Pierre Gasly,Alpine,76.219,23.327,25.467,27.425,12,0.1,2.97,22,3,False,False,Battle Offensive
Monaco,Street,71,GAS,Pierre Gasly,Alpine,75.95,22.843,25.167,27.94,12,1.4,8.59,23,3,False,False,Battle Offensive
Monaco,Street,72,GAS,Pierre Gasly,Alpine,75.833,22.844,27.959,25.029,12,2.89,4.55,24,3,False,False,DRS Train
Monaco,Street,73,GAS,Pierre Gasly,Alpine,76.02,24.995,25.345,25.68,12,0.18,1.95,25,3,False,False,Battle Offensive
Monaco,Street,74,GAS,Pierre Gasly,Alpine,76.154,25.257,25.482,25.414,12,0.28,0.34,26,3,False,False,Battle Offensive
Monaco,Street,75,GAS,Pierre Gasly,Alpine,75.956,25.569,26.065,24.322,12,0.76,0.57,27,3,False,False,Battle Offensive
Monaco,Street,76,GAS,Pierre Gasly,Alpine,75.583,24.217,26.961,24.405,12,3.06,2.82,28,3,False,False,Clean Air
Monaco,Street,77,GAS,Pierre Gasly,Alpine,75.961,25.698,25.159,25.104,12,0.1,1.18,29,3,False,False,Battle Offensive
Monaco,Street,78,GAS,Pierre Gasly,Alpine,75.719,23.348,25.583,26.787,12,3.86,3.49,30,3,False,False,Clean Air
Monaco,Street,1,OCO,Esteban Ocon,Alpine,76.331,25.932,27.262,23.137,13,3.93,0.1,1,1,False,False,Battle Defensive
Monaco,Street,2,OCO,Esteban Ocon,Alpine,76.184,25.595,27.355,23.234,13,0.66,0.29,2,1,False,False,Battle Offensive
Monaco,Street,3,OCO,Esteban Ocon,Alpine,75.559,23.31,25.564,26.685,12,1.3,0.64,3,1,False,False,Battle Offensive
Monaco,Street,4,OCO,Esteban Ocon,Alpine,75.499,23.862,26.61,25.027,13,0.33,0.53,4,1,False,False,Battle Offensive
Monaco,Street,5,OCO,Esteban Ocon,Alpine,75.502,25.431,27.102,22.969,13,0.18,1.35,5,1,False,False,Battle Offensive
Monaco,Street,6,OCO,Esteban Ocon,Alpine,75.537,24.432,26.6,24.504,13,2.71,1.46,6,1,False,False,Battle Defensive
Monaco,Street,7,OCO,Esteban Ocon,Alpine,75.416,23.387,27.136,24.893,13,4.12,0.14,7,1,False,False,Battle Defensive
Monaco,Street,8,OCO,Esteban Ocon,Alpine,75.557,25.273,25.977,24.306,13,2.51,3.7,8,1,False,False,DRS Train
Monaco,Street,9,OCO,Esteban Ocon,Alpine,75.499,24.724,25.788,24.986,13,0.13,1.08,9,1,False,False,Battle Offensive
Monaco,Street,10,OCO,Esteban Ocon,Alpine,75.848,23.472,26.078,26.298,13,4.74,1.44,10,1,False,False,Battle Defensive
Monaco,Street,11,OCO,Esteban Ocon,Alpine,75.751,23.633,27.493,24.625,13,4.54,5.25,11,1,False,False,Clean Air
Monaco,Street,12,OCO,Esteban Ocon,Alpine,75.965,23.418,27.486,25.061,13,1.82,0.64,12,1,False,False,Battle Defensive
Monaco,Street,13,OCO,Esteban Ocon,Alpine,75.696,25.239,25.675,24.781,13,2.5,0.96,13,1,False,False,Battle Defensive
Monaco,Street,14,OCO,Esteban Ocon,Alpine,75.505,24.02,25.389,26.096,13,2.21,1.5,14,1,False,False,DRS Train
Monaco,Street,15,OCO,Esteban Ocon,Alpine,75.691,23.989,27.773,23.929,13,7.9,3.77,15,1,False,False,Clean Air
Monaco,Street,16,OCO,Esteban Ocon,Alpine,75.296,24.153,27.205,23.938,13,0.19,4.06,16,1,False,False,Battle Offensive
Monaco,Street,17,OCO,Esteban Ocon,Alpine,76.236,24.737,26.307,25.192,13,1.29,7.32,17,1,False,False,Battle Offensive
Monaco,Street,18,OCO,Esteban Ocon,Alpine,75.586,22.903,25.994,26.689,13,0.1,1.48,18,1,False,False,Battle Offensive
Monaco,Street,19,OCO,Esteban Ocon,Alpine,75.978,25.254,26.755,23.969,13,0.51,1.38,19,1,False,False,Battle Offensive
Monaco,Street,20,OCO,Esteban Ocon,Alpine,75.334,25.081,27.644,22.61,12,4.69,1.83,20,1,False,False,Clean Air
Monaco,Street,21,OCO,Esteban Ocon,Alpine,75.451,22.796,27.812,24.842,14,2.55,4.3,21,1,False,False,DRS Train
Monaco,Street,22,OCO,Esteban Ocon,Alpine,75.9,24.296,25.58,26.024,13,6.45,8.72,22,1,False,False,Clean Air
Monaco,Street,23,OCO,Esteban Ocon,Alpine,76.416,24.428,25.608,26.381,13,0.77,2.43,23,1,False,False,Battle Offensive
Monaco,Street,24,OCO,Esteban Ocon,Alpine,75.653,23.207,26.378,26.068,13,0.1,2.83,24,1,False,False,Battle Offensive
Monaco,Street,25,OCO,Esteban Ocon,Alpine,103.723,32.592,35.181,35.95,13,1.19,1.57,25,1,False,True,Battle Offensive
Monaco,Street,26,OCO,Esteban Ocon,Alpine,101.973,33.701,33.811,34.461,13,0.48,0.97,26,1,False,True,Battle Offensive
Monaco,Street,27,OCO,Esteban Ocon,Alpine,95.717,31.076,31.621,33.019,13,5.3,1.79,27,1,False,True,Clean Air
Monaco,Street,28,OCO,Esteban Ocon,Alpine,106.547,33.24,39.381,33.926,13,0.6,1.17,28,1,False,True,Battle Offensive
Monaco,Street,29,OCO,Esteban Ocon,Alpine,100.402,30.396,33.81,36.196,13,2.5,0.69,29,1,False,True,Battle Defensive
Monaco,Street,30,OCO,Esteban Ocon,Alpine,76.306,24.778,28.065,23.463,13,2.11,0.46,30,1,False,False,Battle Defensive
Monaco,Street,31,OCO,Esteban Ocon,Alpine,76.611,26.004,25.937,24.67,13,2.6,0.61,31,1,False,False,Battle Defensive
Monaco,Street,32,OCO,Esteban Ocon,Alpine,76.108,24.734,27.823,23.551,13,1.03,1.19,32,1,False,False,Battle Offensive
Monaco,Street,33,OCO,Esteban Ocon,Alpine,76.629,24.31,28.213,24.107,13,0.59,10.03,33,1,False,False,Battle Offensive
Monaco,Street,34,OCO,Esteban Ocon,Alpine,75.973,25.493,26.068,24.412,13,0.92,0.85,34,1,False,False,Battle Offensive
Monaco,Street,35,OCO,Esteban Ocon,Alpine,75.347,22.641,26.068,26.637,13,1.37,2.77,35,1,False,False,Battle Offensive
Monaco,Street,36,OCO,Esteban Ocon,Alpine,75.901,25.458,25.072,25.371,13,5.61,8.46,36,1,False,False,Clean Air
Monaco,Street,37,OCO,Esteban Ocon,Alpine,76.501,23.1,25.562,27.838,13,0.8,2.16,37,1,False,False,Battle Offensive
Monaco,Street,38,OCO,Esteban Ocon,Alpine,76.04,25.339,26.336,24.364,13,0.34,0.24,38,1,False,False,Battle Offensive
Monaco,Street,39,OCO,Esteban Ocon,Alpine,76.106,22.849,25.272,27.984,13,9.06,1.08,39,1,False,False,Battle Defensive
Monaco,Street,40,OCO,Esteban Ocon,Alpine,76.056,25.722,26.61,23.724,13,6.2,5.98,40,1,False,False,Clean Air
Monaco,Street,41,OCO,Esteban Ocon,Alpine,97.847,32.42,33.979,31.448,13,1.25,1.65,1,2,True,False,Battle Offensive
Monaco,Street,42,OCO,Esteban Ocon,Alpine,75.314,23.861,27.158,24.295,13,0.2,1.72,2,2,False,False,Battle Offensive
Monaco,Street,43,OCO,Esteban Ocon,Alpine,75.279,23.082,27.659,24.539,13,7.72,4.73,3,2,False,False,Clean Air
Monaco,Street,44,OCO,Esteban Ocon,Alpine,75.487,22.69,27.169,25.627,13,5.07,5.0,4,2,False,False,Clean Air
Monaco,Street,45,OCO,Esteban Ocon,Alpine,75.704,22.759,27.477,25.467,13,0.24,0.75,5,2,False,False,Battle Offensive
Monaco,Street,46,OCO,Esteban Ocon,Alpine,75.635,23.079,26.115,26.441,13,1.95,8.09,6,2,False,False,DRS Train
Monaco,Street,47,OCO,Esteban Ocon,Alpine,76.255,24.821,26.091,25.343,13,2.2,3.34,7,2,False,False,DRS Train
Monaco,Street,48,OCO,Esteban Ocon,Alpine,75.416,22.995,26.593,25.828,13,0.52,2.15,8,2,False,False,Battle Offensive
Monaco,Street,49,OCO,Esteban Ocon,Alpine,75.243,22.577,27.398,25.268,13,0.79,1.25,9,2,False,False,Battle Offensive
Monaco,Street,50,OCO,Esteban Ocon,Alpine,75.765,23.533,26.732,25.501,13,1.98,3.02,10,2,False,False,DRS Train
Monaco,Street,51,OCO,Esteban Ocon,Alpine,75.914,24.754,25.625,25.536,13,1.46,2.03,11,2,False,False,Battle Offensive
Monaco,Street,52,OCO,Esteban Ocon,Alpine,75.125,25.481,25.705,23.94,13,0.1,0.96,12,2,False,False,Battle Offensive
Monaco,Street,53,OCO,Esteban Ocon,Alpine,75.44,24.492,25.363,25.585,13,0.77,0.35,13,2,False,False,Battle Offensive
Monaco,Street,54,OCO,Esteban Ocon,Alpine,76.188,24.282,26.872,25.034,13,0.11,1.36,14,2,False,False,Battle Offensive
Monaco,Street,55,OCO,Esteban Ocon,Alpine,75.351,24.805,27.491,23.054,13,3.92,2.05,15,2,False,False,Clean Air
Monaco,Street,56,OCO,Esteban Ocon,Alpine,75.641,25.057,26.269,24.315,13,8.77,6.53,16,2,False,False,Clean Air
Monaco,Street,57,OCO,Esteban Ocon,Alpine,75.795,24.115,25.656,26.025,13,2.26,1.07,17,2,False,False,Battle Defensive
Monaco,Street,58,OCO,Esteban Ocon,Alpine,75.344,22.776,26.235,26.333,13,2.83,1.97,18,2,False,False,DRS Train
Monaco,Street,59,OCO,Esteban Ocon,Alpine,75.776,24.12,25.083,26.572,13,3.97,1.23,19,2,False,False,Battle Defensive
Monaco,Street,60,OCO,Esteban Ocon,Alpine,76.201,23.846,26.72,25.635,13,4.58,2.18,20,2,False,False,Clean Air
Monaco,Street,61,OCO,Esteban Ocon,Alpine,75.931,25.274,26.612,24.045,13,2.43,6.21,21,2,False,False,DRS Train
Monaco,Street,62,OCO,Esteban Ocon,Alpine,75.745,24.861,27.835,23.05,13,3.16,0.93,22,2,False,False,Battle Defensive
Monaco,Street,63,OCO,Esteban Ocon,Alpine,75.072,23.334,25.666,26.073,13,0.72,0.21,23,2,False,False,Battle Offensive
Monaco,Street,64,OCO,Esteban Ocon,Alpine,76.243,25.589,26.202,24.452,13,1.12,11.24,24,2,False,False,Battle Offensive
Monaco,Street,65,OCO,Esteban Ocon,Alpine,75.589,23.677,27.831,24.081,13,0.8,6.18,25,2,False,False,Battle Offensive
Monaco,Street,66,OCO,Esteban Ocon,Alpine,75.155,23.128,26.416,25.611,13,1.01,2.08,26,2,False,False,Battle Offensive
Monaco,Street,67,OCO,Esteban Ocon,Alpine,75.875,25.188,25.969,24.718,13,2.4,2.46,27,2,False,False,DRS Train
Monaco,Street,68,OCO,Esteban Ocon,Alpine,76.324,24.501,25.537,26.286,13,1.59,0.1,28,2,False,False,Battle Defensive
Monaco,Street,69,OCO,Esteban Ocon,Alpine,76.226,24.121,27.206,24.899,13,3.84,0.87,29,2,False,False,Battle Defensive
Monaco,Street,70,OCO,Esteban Ocon,Alpine,75.736,25.449,25.389,24.898,13,3.83,2.75,30,2,False,False,Clean Air
Monaco,Street,71,OCO,Esteban Ocon,Alpine,75.477,24.164,25.396,25.917,13,2.69,1.98,31,2,False,False,DRS Train
Monaco,Street,72,OCO,Esteban Ocon,Alpine,76.324,25.666,25.406,25.252,13,2.12,0.25,32,2,False,False,Battle Defensive
Monaco,Street,73,OCO,Esteban Ocon,Alpine,76.462,23.653,26.73,26.079,13,2.52,2.88,33,2,False,False,DRS Train
Monaco,Street,74,OCO,Esteban Ocon,Alpine,75.891,25.121,27.478,23.293,13,2.46,1.71,34,2,False,False,DRS Train
Monaco,Street,75,OCO,Esteban Ocon,Alpine,75.798,23.123,26.182,26.492,13,2.62,1.58,35,2,False,False,DRS Train
Monaco,Street,76,OCO,Esteban Ocon,Alpine,76.079,23.286,25.636,27.157,14,6.86,3.76,36,2,False,False,Clean Air
Monaco,Street,77,OCO,Esteban Ocon,Alpine,75.84,24.336,27.534,23.97,13,3.06,10.74,37,2,False,False,Clean Air
Monaco,Street,78,OCO,Esteban Ocon,Alpine,76.005,24.52,27.28,24.206,13,3.19,2.57,38,2,False,False,Clean Air
Monaco,Street,1,HUL,Nico Hulkenberg,Haas,75.299,23.454,25.819,26.027,11,0.1,1.63,1,1,False,False,Battle Offensive
Monaco,Street,2,HUL,Nico Hulkenberg,Haas,75.515,23.513,27.079,24.923,11,2.07,0.82,2,1,False,False,Battle Defensive
Monaco,Street,3,HUL,Nico Hulkenberg,Haas,75.423,23.365,27.47,24.588,11,0.8,0.43,3,1,False,False,Battle Offensive
Monaco,Street,4,HUL,Nico Hulkenberg,Haas,75.241,23.78,26.993,24.468,11,2.19,0.18,4,1,False,False,Battle Defensive
Monaco,Street,5,HUL,Nico Hulkenberg,Haas,75.667,23.361,26.795,25.511,11,1.92,6.71,5,1,False,False,DRS Train
Monaco,Street,6,HUL,Nico Hulkenberg,Haas,75.875,24.951,25.496,25.427,11,2.04,1.2,6,1,False,False,Battle Defensive
Monaco,Street,7,HUL,Nico Hulkenberg,Haas,75.399,25.171,26.745,23.482,11,1.45,5.47,7,1,False,False,Battle Offensive
Monaco,Street,8,HUL,Nico Hulkenberg,Haas,75.622,25.673,26.649,23.3,11,3.48,0.6,8,1,False,False,Battle Defensive
Monaco,Street,9,HUL,Nico Hulkenberg,Haas,75.389,24.827,25.206,25.356,11,0.72,0.38,9,1,False,False,Battle Offensive
Monaco,Street,10,HUL,Nico Hulkenberg,Haas,75.661,24.946,26.41,24.305,11,3.49,0.12,10,1,False,False,Battle Defensive
Monaco,Street,11,HUL,Nico Hulkenberg,Haas,75.393,22.897,27.642,24.854,11,1.31,0.95,11,1,False,False,Battle Offensive
Monaco,Street,12,HUL,Nico Hulkenberg,Haas,75.563,25.2,26.789,23.575,11,3.77,0.15,12,1,False,False,Battle Defensive
Monaco,Street,13,HUL,Nico Hulkenberg,Haas,75.485,23.304,26.092,26.089,11,3.31,0.32,13,1,False,False,Battle Defensive
Monaco,Street,14,HUL,Nico Hulkenberg,Haas,76.038,25.704,25.347,24.988,11,2.05,2.89,14,1,False,False,DRS Train
Monaco,Street,15,HUL,Nico Hulkenberg,Haas,75.647,23.667,25.022,26.958,11,1.14,1.97,15,1,False,False,Battle Offensive
Monaco,Street,16,HUL,Nico Hulkenberg,Haas,76.001,25.01,27.492,23.499,11,0.29,4.18,16,1,False,False,Battle Offensive
Monaco,Street,17,HUL,Nico Hulkenberg,Haas,76.136,23.75,26.778,25.607,11,2.75,1.8,17,1,False,False,DRS Train
Monaco,Street,18,HUL,Nico Hulkenberg,Haas,75.556,25.154,26.706,23.696,11,1.42,0.81,18,1,False,False,Battle Offensive
Monaco,Street,19,HUL,Nico Hulkenberg,Haas,76.085,24.695,25.736,25.655,11,1.05,0.54,19,1,False,False,Battle Offensive
Monaco,Street,20,HUL,Nico Hulkenberg,Haas,75.823,24.844,27.13,23.85,11,0.39,0.32,20,1,False,False,Battle Offensive
Monaco,Street,21,HUL,Nico Hulkenberg,Haas,75.709,24.2,25.573,25.936,11,1.84,9.42,21,1,False,False,DRS Train
Monaco,Street,22,HUL,Nico Hulkenberg,Haas,96.884,30.012,33.641,33.231,11,3.47,0.81,1,2,True,False,Battle Defensive
Monaco,Street,23,HUL,Nico Hulkenberg,Haas,75.683,23.034,26.407,26.242,11,3.62,0.43,2,2,False,False,Battle Defensive
Monaco,Street,24,HUL,Nico Hulkenberg,Haas,75.316,24.123,27.855,23.339,11,3.47,2.36,3,2,False,False,Clean Air
Monaco,Street,25,HUL,Nico Hulkenberg,Haas,98.679,32.027,33.407,33.245,11,0.49,10.1,4,2,False,True,Battle Offensive
Monaco,Street,26,HUL,Nico Hulkenberg,Haas,101.279,30.79,37.258,33.231,11,17.29,0.96,5,2,False,True,Battle Defensive
Monaco,Street,27,HUL,Nico Hulkenberg,Haas,96.712,31.676,35.628,29.409,11,0.2,2.45,6,2,False,True,Battle Offensive
Monaco,Street,28,HUL,Nico Hulkenberg,Haas,95.76,30.561,33.66,31.539,11,0.69,5.56,7,2,False,True,Battle Offensive
Monaco,Street,29,HUL,Nico Hulkenberg,Haas,98.197,30.791,34.627,32.779,11,1.69,4.05,8,2,False,True,DRS Train
Monaco,Street,30,HUL,Nico Hulkenberg,Haas,75.418,25.199,26.094,24.124,11,2.65,4.76,9,2,False,False,DRS Train
Monaco,Street,31,HUL,Nico Hulkenberg,Haas,75.445,22.82,26.577,26.048,11,3.27,1.89,10,2,False,False,Clean Air
Monaco,Street,32,HUL,Nico Hulkenberg,Haas,76.51,25.73,27.16,23.621,11,0.47,8.42,11,2,False,False,Battle Offensive
Monaco,Street,33,HUL,Nico Hulkenberg,Haas,75.384,22.857,27.141,25.385,11,1.74,5.04,12,2,False,False,DRS Train
Monaco,Street,34,HUL,Nico Hulkenberg,Haas,75.656,24.861,26.44,24.355,11,0.38,0.26,13,2,False,False,Battle Offensive
Monaco,Street,35,HUL,Nico Hulkenberg,Haas,75.136,23.132,27.382,24.623,11,5.14,1.26,14,2,False,False,Battle Defensive
Monaco,Street,36,HUL,Nico Hulkenberg,Haas,75.821,25.145,26.786,23.89,11,0.4,5.98,15,2,False,False,Battle Offensive
Monaco,Street,37,HUL,Nico Hulkenberg,Haas,76.354,23.651,27.759,24.944,11,2.13,0.86,16,2,False,False,Battle Defensive
Monaco,Street,38,HUL,Nico Hulkenberg,Haas,75.941,24.743,27.222,23.975,11,1.18,1.9,17,2,False,False,Battle Offensive
Monaco,Street,39,HUL,Nico Hulkenberg,Haas,76.049,25.496,27.503,23.05,11,2.37,1.28,18,2,False,False,Battle Defensive
Monaco,Street,40,HUL,Nico Hulkenberg,Haas,75.371,24.486,25.068,25.817,11,2.01,0.19,19,2,False,False,Battle Defensive
Monaco,Street,41,HUL,Nico Hulkenberg,Haas,75.714,24.779,25.611,25.324,11,3.06,3.99,20,2,False,False,Clean Air
Monaco,Street,42,HUL,Nico Hulkenberg,Haas,76.12,23.203,25.485,27.432,11,0.52,2.31,21,2,False,False,Battle Offensive
Monaco,Street,43,HUL,Nico Hulkenberg,Haas,75.267,25.52,24.988,24.759,11,3.24,2.11,22,2,False,False,Clean Air
Monaco,Street,44,HUL,Nico Hulkenberg,Haas,75.756,24.447,27.942,23.367,11,0.5,2.61,23,2,False,False,Battle Offensive
Monaco,Street,45,HUL,Nico Hulkenberg,Haas,75.665,23.587,27.757,24.32,11,3.18,0.44,24,2,False,False,Battle Defensive
Monaco,Street,46,HUL,Nico Hulkenberg,Haas,76.167,23.084,26.218,26.865,11,0.47,0.17,25,2,False,False,Battle Offensive
Monaco,Street,47,HUL,Nico Hulkenberg,Haas,76.114,24.709,27.522,23.883,11,1.96,4.46,26,2,False,False,DRS Train
Monaco,Street,48,HUL,Nico Hulkenberg,Haas,76.039,25.304,26.972,23.763,11,4.18,0.54,27,2,False,False,Battle Defensive
Monaco,Street,49,HUL,Nico Hulkenberg,Haas,76.207,25.789,25.99,24.428,11,1.34,0.1,28,2,False,False,Battle Offensive
Monaco,Street,50,HUL,Nico Hulkenberg,Haas,76.347,24.614,27.123,24.61,11,0.71,2.07,29,2,False,False,Battle Offensive
Monaco,Street,51,HUL,Nico Hulkenberg,Haas,75.851,23.545,26.474,25.832,11,0.74,5.39,30,2,False,False,Battle Offensive
Monaco,Street,52,HUL,Nico Hulkenberg,Haas,76.087,23.939,27.319,24.828,11,0.89,0.98,31,2,False,False,Battle Offensive
Monaco,Street,53,HUL,Nico Hulkenberg,Haas,96.843,32.585,32.635,31.622,12,1.96,9.31,1,3,True,False,DRS Train
Monaco,Street,54,HUL,Nico Hulkenberg,Haas,75.43,25.414,26.597,23.419,11,4.5,0.41,2,3,False,False,Battle Defensive
Monaco,Street,55,HUL,Nico Hulkenberg,Haas,75.146,24.279,26.054,24.812,11,1.16,3.05,3,3,False,False,Battle Offensive
Monaco,Street,56,HUL,Nico Hulkenberg,Haas,75.544,22.928,26.082,26.533,11,0.45,0.42,4,3,False,False,Battle Offensive
Monaco,Street,57,HUL,Nico Hulkenberg,Haas,75.606,23.448,26.028,26.13,11,1.89,5.36,5,3,False,False,DRS Train
Monaco,Street,58,HUL,Nico Hulkenberg,Haas,75.68,25.197,26.059,24.424,11,0.53,4.85,6,3,False,False,Battle Offensive
Monaco,Street,59,HUL,Nico Hulkenberg,Haas,75.611,23.071,27.236,25.305,11,2.27,0.8,7,3,False,False,Battle Defensive
Monaco,Street,60,HUL,Nico Hulkenberg,Haas,75.507,23.947,27.407,24.154,11,0.6,9.47,8,3,False,False,Battle Offensive
Monaco,Street,61,HUL,Nico Hulkenberg,Haas,75.796,23.005,26.466,26.325,11,2.08,4.51,9,3,False,False,DRS Train
Monaco,Street,62,HUL,Nico Hulkenberg,Haas,75.611,24.755,27.772,23.085,11,3.26,2.09,10,3,False,False,Clean Air
Monaco,Street,63,HUL,Nico Hulkenberg,Haas,75.899,23.868,25.565,26.466,11,0.4,2.95,11,3,False,False,Battle Offensive
Monaco,Street,64,HUL,Nico Hulkenberg,Haas,75.738,23.862,26.732,25.143,11,6.47,4.71,12,3,False,False,Clean Air
Monaco,Street,65,HUL,Nico Hulkenberg,Haas,75.922,24.212,26.089,25.621,11,1.09,4.13,13,3,False,False,Battle Offensive
Monaco,Street,66,HUL,Nico Hulkenberg,Haas,75.743,23.205,26.123,26.415,11,7.73,2.98,14,3,False,False,Clean Air
Monaco,Street,67,HUL,Nico Hulkenberg,Haas,75.681,24.018,25.226,26.437,12,2.79,6.46,15,3,False,False,DRS Train
Monaco,Street,68,HUL,Nico Hulkenberg,Haas,75.92,23.684,27.357,24.879,11,1.89,0.77,16,3,False,False,Battle Defensive
Monaco,Street,69,HUL,Nico Hulkenberg,Haas,76.166,25.616,25.313,25.237,11,0.58,1.96,17,3,False,False,Battle Offensive
Monaco,Street,70,HUL,Nico Hulkenberg,Haas,76.252,23.757,26.345,26.15,11,2.7,4.48,18,3,False,False,DRS Train
Monaco,Street,71,HUL,Nico Hulkenberg,Haas,75.68,25.331,27.788,22.561,11,2.46,2.02,19,3,False,False,DRS Train
Monaco,Street,72,HUL,Nico Hulkenberg,Haas,75.833,23.677,26.133,26.022,11,1.37,1.25,20,3,False,False,Battle Offensive
Monaco,Street,73,HUL,Nico Hulkenberg,Haas,75.73,25.646,25.455,24.629,11,1.26,4.31,21,3,False,False,Battle Offensive
Monaco,Street,74,HUL,Nico Hulkenberg,Haas,76.18,23.56,26.791,25.829,11,2.18,0.26,22,3,False,False,Battle Defensive
Monaco,Street,75,HUL,Nico Hulkenberg,Haas,75.947,24.703,25.302,25.943,11,0.62,2.63,23,3,False,False,Battle Offensive
Monaco,Street,76,HUL,Nico Hulkenberg,Haas,76.122,23.564,25.481,27.077,11,0.56,7.06,24,3,False,False,Battle Offensive
Monaco,Street,77,HUL,Nico Hulkenberg,Haas,75.516,24.378,25.677,25.461,11,5.12,0.1,25,3,False,False,Battle Defensive
Monaco,Street,78,HUL,Nico Hulkenberg,Haas,75.715,24.026,26.944,24.745,11,2.31,0.39,26,3,False,False,Battle Defensive
Silverstone,High-Speed,1,VER,Max Verstappen,Red Bull,88.854,27.692,30.155,31.007,4,2.04,7.86,1,1,False,False,DRS Train
Silverstone,High-Speed,2,VER,Max Verstappen,Red Bull,88.668,30.045,31.84,26.783,4,1.9,0.3,2,1,False,False,Battle Defensive
Silverstone,High-Speed,3,VER,Max Verstappen,Red Bull,89.071,28.915,31.651,28.504,4,1.82,0.6,3,1,False,False,Battle Defensive
Silverstone,High-Speed,4,VER,Max Verstappen,Red Bull,89.0,27.789,31.006,30.205,4,1.95,6.55,4,1,False,False,DRS Train
Silverstone,High-Speed,5,VER,Max Verstappen,Red Bull,88.885,29.821,31.346,27.718,4,1.73,0.27,5,1,False,False,Battle Defensive
Silverstone,High-Speed,6,VER,Max Verstappen,Red Bull,89.154,29.097,29.601,30.456,4,2.86,1.04,6,1,False,False,Battle Defensive
Silverstone,High-Speed,7,VER,Max Verstappen,Red Bull,89.071,28.538,32.468,28.065,4,0.99,8.11,7,1,False,False,Battle Offensive
Silverstone,High-Speed,8,VER,Max Verstappen,Red Bull,89.243,28.175,30.723,30.345,4,1.35,3.41,8,1,False,False,Battle Offensive
Silverstone,High-Speed,9,VER,Max Verstappen,Red Bull,88.918,28.207,31.127,29.583,4,2.08,1.43,9,1,False,False,Battle Defensive
Silverstone,High-Speed,10,VER,Max Verstappen,Red Bull,89.461,26.911,32.115,30.435,4,5.79,0.76,10,1,False,False,Battle Defensive
Silverstone,High-Speed,11,VER,Max Verstappen,Red Bull,89.284,27.922,31.682,29.68,4,0.74,1.2,11,1,False,False,Battle Offensive
Silverstone,High-Speed,12,VER,Max Verstappen,Red Bull,89.557,29.922,30.439,29.196,4,0.45,4.68,12,1,False,False,Battle Offensive
Silverstone,High-Speed,13,VER,Max Verstappen,Red Bull,89.466,27.14,30.099,32.227,4,1.53,2.09,13,1,False,False,DRS Train
Silverstone,High-Speed,14,VER,Max Verstappen,Red Bull,89.185,28.922,30.092,30.171,4,3.3,1.41,14,1,False,False,Battle Defensive
Silverstone,High-Speed,15,VER,Max Verstappen,Red Bull,89.657,27.094,30.22,32.343,4,0.16,1.0,15,1,False,False,Battle Offensive
Silverstone,High-Speed,16,VER,Max Verstappen,Red Bull,89.308,27.745,30.704,30.86,4,1.99,1.64,16,1,False,False,DRS Train
Silverstone,High-Speed,17,VER,Max Verstappen,Red Bull,112.573,34.406,41.28,36.887,4,0.51,4.59,17,1,False,True,Battle Offensive
Silverstone,High-Speed,18,VER,Max Verstappen,Red Bull,121.432,40.654,43.944,36.834,4,1.54,0.2,18,1,False,True,Battle Defensive
Silverstone,High-Speed,19,VER,Max Verstappen,Red Bull,117.368,39.717,40.304,37.347,4,0.76,1.0,19,1,False,True,Battle Offensive
Silverstone,High-Speed,20,VER,Max Verstappen,Red Bull,89.429,29.504,32.777,27.148,4,3.77,4.83,20,1,False,False,Clean Air
Silverstone,High-Speed,21,VER,Max Verstappen,Red Bull,89.926,29.051,32.666,28.209,4,3.52,0.64,21,1,False,False,Battle Defensive
Silverstone,High-Speed,22,VER,Max Verstappen,Red Bull,89.736,29.91,29.682,30.144,4,2.27,5.6,22,1,False,False,DRS Train
Silverstone,High-Speed,23,VER,Max Verstappen,Red Bull,89.746,29.626,31.977,28.142,4,0.3,11.66,23,1,False,False,Battle Offensive
Silverstone,High-Speed,24,VER,Max Verstappen,Red Bull,111.038,35.958,37.755,37.324,4,4.64,0.67,1,2,True,False,Battle Defensive
Silverstone,High-Speed,25,VER,Max Verstappen,Red Bull,89.032,29.789,31.854,27.388,4,1.02,1.59,2,2,False,False,Battle Offensive
Silverstone,High-Speed,26,VER,Max Verstappen,Red Bull,88.825,29.074,30.156,29.596,4,11.92,1.89,3,2,False,False,Clean Air
Silverstone,High-Speed,27,VER,Max Verstappen,Red Bull,89.193,28.099,32.744,28.351,4,0.46,0.77,4,2,False,False,Battle Offensive
Silverstone,High-Speed,28,VER,Max Verstappen,Red Bull,89.011,29.041,29.958,30.012,4,0.25,1.16,5,2,False,False,Battle Offensive
Silverstone,High-Speed,29,VER,Max Verstappen,Red Bull,89.184,30.129,32.098,26.957,4,3.98,1.01,6,2,False,False,Battle Defensive
Silverstone,High-Speed,30,VER,Max Verstappen,Red Bull,89.236,30.083,30.366,28.787,5,3.28,0.12,7,2,False,False,Battle Defensive
Silverstone,High-Speed,31,VER,Max Verstappen,Red Bull,89.011,29.77,32.333,26.908,4,0.7,0.35,8,2,False,False,Battle Offensive
Silverstone,High-Speed,32,VER,Max Verstappen,Red Bull,88.838,27.727,30.954,30.157,4,0.83,1.98,9,2,False,False,Battle Offensive
Silverstone,High-Speed,33,VER,Max Verstappen,Red Bull,89.015,27.788,31.045,30.183,4,4.02,4.49,10,2,False,False,Clean Air
Silverstone,High-Speed,34,VER,Max Verstappen,Red Bull,89.418,27.189,30.749,31.48,4,2.84,2.18,11,2,False,False,DRS Train
Silverstone,High-Speed,35,VER,Max Verstappen,Red Bull,89.381,28.243,30.171,30.967,4,1.93,4.17,12,2,False,False,DRS Train
Silverstone,High-Speed,36,VER,Max Verstappen,Red Bull,89.623,28.881,31.026,29.716,4,1.81,0.17,13,2,False,False,Battle Defensive
Silverstone,High-Speed,37,VER,Max Verstappen,Red Bull,89.575,29.92,30.08,29.575,4,1.4,0.64,14,2,False,False,Battle Offensive
Silverstone,High-Speed,38,VER,Max Verstappen,Red Bull,89.854,29.372,30.204,30.277,5,3.79,0.94,15,2,False,False,Battle Defensive
Silverstone,High-Speed,39,VER,Max Verstappen,Red Bull,89.621,26.963,32.96,29.699,4,0.36,0.57,16,2,False,False,Battle Offensive
Silverstone,High-Speed,40,VER,Max Verstappen,Red Bull,89.533,28.331,31.533,29.668,4,1.37,6.33,17,2,False,False,Battle Offensive
Silverstone,High-Speed,41,VER,Max Verstappen,Red Bull,89.506,28.612,29.603,31.291,4,0.7,0.13,18,2,False,False,Battle Offensive
Silverstone,High-Speed,42,VER,Max Verstappen,Red Bull,89.803,30.133,30.806,28.864,4,2.88,0.65,19,2,False,False,Battle Defensive
Silverstone,High-Speed,43,VER,Max Verstappen,Red Bull,89.773,28.457,29.689,31.627,3,0.36,1.68,20,2,False,False,Battle Offensive
Silverstone,High-Speed,44,VER,Max Verstappen,Red Bull,89.654,28.359,31.369,29.926,4,0.89,4.66,21,2,False,False,Battle Offensive
Silverstone,High-Speed,45,VER,Max Verstappen,Red Bull,90.226,30.128,32.488,27.61,5,0.1,5.58,22,2,False,False,Battle Offensive
Silverstone,High-Speed,46,VER,Max Verstappen,Red Bull,89.924,28.982,31.991,28.95,5,2.91,1.8,23,2,False,False,DRS Train
Silverstone,High-Speed,47,VER,Max Verstappen,Red Bull,90.147,29.503,31.369,29.275,4,2.37,3.18,24,2,False,False,DRS Train
Silverstone,High-Speed,48,VER,Max Verstappen,Red Bull,90.075,27.277,32.509,30.289,5,8.94,1.12,25,2,False,False,Battle Defensive
Silverstone,High-Speed,49,VER,Max Verstappen,Red Bull,90.303,30.256,31.403,28.644,4,0.72,2.35,26,2,False,False,Battle Offensive
Silverstone,High-Speed,50,VER,Max Verstappen,Red Bull,89.852,30.15,31.28,28.423,4,4.94,0.45,27,2,False,False,Battle Defensive
Silverstone,High-Speed,51,VER,Max Verstappen,Red Bull,90.252,28.925,32.633,28.694,4,0.95,7.08,28,2,False,False,Battle Offensive
Silverstone,High-Speed,52,VER,Max Verstappen,Red Bull,90.074,27.166,32.473,30.435,4,10.31,0.86,29,2,False,False,Battle Defensive
Silverstone,High-Speed,1,NOR,Lando Norris,McLaren,88.747,27.083,32.645,29.02,2,0.46,2.5,1,1,False,False,Battle Offensive
Silverstone,High-Speed,2,NOR,Lando Norris,McLaren,89.197,27.64,32.921,28.636,2,1.73,1.61,2,1,False,False,DRS Train
Silverstone,High-Speed,3,NOR,Lando Norris,McLaren,89.141,27.178,30.092,31.872,2,3.98,1.33,3,1,False,False,Battle Defensive
Silverstone,High-Speed,4,NOR,Lando Norris,McLaren,88.978,29.356,30.152,29.47,2,3.87,0.94,4,1,False,False,Battle Defensive
Silverstone,High-Speed,5,NOR,Lando Norris,McLaren,89.323,27.554,30.692,31.076,2,0.62,7.35,5,1,False,False,Battle Offensive
Silverstone,High-Speed,6,NOR,Lando Norris,McLaren,89.133,27.403,32.657,29.074,2,3.89,3.22,6,1,False,False,Clean Air
Silverstone,High-Speed,7,NOR,Lando Norris,McLaren,89.505,29.192,29.877,30.436,2,5.12,0.79,7,1,False,False,Battle Defensive
Silverstone,High-Speed,8,NOR,Lando Norris,McLaren,89.853,27.721,29.935,32.197,2,0.96,12.34,8,1,False,False,Battle Offensive
Silverstone,High-Speed,9,NOR,Lando Norris,McLaren,88.915,29.592,29.996,29.327,2,0.67,0.54,9,1,False,False,Battle Offensive
Silverstone,High-Speed,10,NOR,Lando Norris,McLaren,89.416,30.322,32.335,26.759,2,1.56,0.1,10,1,False,False,Battle Defensive
Silverstone,High-Speed,11,NOR,Lando Norris,McLaren,89.514,29.77,32.29,27.454,2,2.24,3.55,11,1,False,False,DRS Train
Silverstone,High-Speed,12,NOR,Lando Norris,McLaren,89.426,28.862,32.339,28.225,2,4.06,5.29,12,1,False,False,Clean Air
Silverstone,High-Speed,13,NOR,Lando Norris,McLaren,89.282,27.579,31.996,29.707,2,2.99,13.52,13,1,False,False,DRS Train
Silverstone,High-Speed,14,NOR,Lando Norris,McLaren,89.849,29.694,32.8,27.355,2,2.96,0.72,14,1,False,False,Battle Defensive
Silverstone,High-Speed,15,NOR,Lando Norris,McLaren,89.743,29.825,32.827,27.091,2,4.78,8.37,15,1,False,False,Clean Air
Silverstone,High-Speed,16,NOR,Lando Norris,McLaren,90.054,27.474,31.144,31.435,2,0.1,8.45,16,1,False,False,Battle Offensive
Silverstone,High-Speed,17,NOR,Lando Norris,McLaren,115.666,35.898,40.429,39.339,2,0.33,4.1,17,1,False,True,Battle Offensive
Silverstone,High-Speed,18,NOR,Lando Norris,McLaren,125.201,39.549,44.316,41.336,2,2.64,0.32,18,1,False,True,Battle Defensive
Silverstone,High-Speed,19,NOR,Lando Norris,McLaren,113.265,37.095,41.876,34.294,2,0.19,0.1,19,1,False,True,Battle Offensive
Silverstone,High-Speed,20,NOR,Lando Norris,McLaren,90.268,27.543,31.637,31.087,2,1.26,2.45,20,1,False,False,Battle Offensive
Silverstone,High-Speed,21,NOR,Lando Norris,McLaren,89.907,28.882,30.196,30.829,2,1.39,0.35,21,1,False,False,Battle Offensive
Silverstone,High-Speed,22,NOR,Lando Norris,McLaren,90.163,27.31,32.913,29.941,2,0.38,2.19,22,1,False,False,Battle Offensive
Silverstone,High-Speed,23,NOR,Lando Norris,McLaren,90.053,30.203,32.325,27.525,1,,0.93,23,1,False,False,Battle Defensive
Silverstone,High-Speed,24,NOR,Lando Norris,McLaren,90.042,28.67,32.532,28.84,2,2.77,4.01,24,1,False,False,DRS Train
Silverstone,High-Speed,25,NOR,Lando Norris,McLaren,90.061,28.265,32.142,29.655,2,5.35,1.29,25,1,False,False,Battle Defensive
Silverstone,High-Speed,26,NOR,Lando Norris,McLaren,90.508,27.527,30.786,32.196,2,7.54,1.66,26,1,False,False,Clean Air
Silverstone,High-Speed,27,NOR,Lando Norris,McLaren,90.387,30.153,30.884,29.35,2,6.28,2.77,27,1,False,False,Clean Air
Silverstone,High-Speed,28,NOR,Lando Norris,McLaren,111.037,33.856,40.92,36.261,2,6.69,2.01,1,2,True,False,Clean Air
Silverstone,High-Speed,29,NOR,Lando Norris,McLaren,89.497,29.85,31.38,28.267,2,0.33,0.74,2,2,False,False,Battle Offensive
Silverstone,High-Speed,30,NOR,Lando Norris,McLaren,89.289,27.284,31.538,30.468,2,0.1,4.85,3,2,False,False,Battle Offensive
Silverstone,High-Speed,31,NOR,Lando Norris,McLaren,89.181,29.382,32.731,27.069,2,5.48,1.6,4,2,False,False,Clean Air
Silverstone,High-Speed,32,NOR,Lando Norris,McLaren,89.054,27.375,29.527,32.153,2,1.48,0.48,5,2,False,False,Battle Offensive
Silverstone,High-Speed,33,NOR,Lando Norris,McLaren,89.545,27.521,31.982,30.042,2,5.62,0.18,6,2,False,False,Battle Defensive
Silverstone,High-Speed,34,NOR,Lando Norris,McLaren,89.243,27.526,30.302,31.415,2,3.6,1.4,7,2,False,False,Battle Defensive
Silverstone,High-Speed,35,NOR,Lando Norris,McLaren,88.826,29.325,32.762,26.74,2,5.72,15.18,8,2,False,False,Clean Air
Silverstone,High-Speed,36,NOR,Lando Norris,McLaren,89.218,28.826,32.774,27.619,2,1.29,2.6,9,2,False,False,Battle Offensive
Silverstone,High-Speed,37,NOR,Lando Norris,McLaren,89.317,28.743,32.209,28.365,2,0.1,3.67,10,2,False,False,Battle Offensive
Silverstone,High-Speed,38,NOR,Lando Norris,McLaren,89.573,29.891,30.485,29.197,2,0.54,2.29,11,2,False,False,Battle Offensive
Silverstone,High-Speed,39,NOR,Lando Norris,McLaren,89.446,27.202,29.794,32.45,2,0.84,8.04,12,2,False,False,Battle Offensive
Silverstone,High-Speed,40,NOR,Lando Norris,McLaren,89.946,28.775,31.117,30.054,2,1.12,4.95,13,2,False,False,Battle Offensive
Silverstone,High-Speed,41,NOR,Lando Norris,McLaren,89.621,28.632,32.408,28.581,2,3.47,0.19,14,2,False,False,Battle Defensive
Silverstone,High-Speed,42,NOR,Lando Norris,McLaren,89.773,29.706,30.579,29.489,2,2.27,1.74,15,2,False,False,DRS Train
Silverstone,High-Speed,43,NOR,Lando Norris,McLaren,89.812,27.935,30.898,30.979,2,0.59,7.22,16,2,False,False,Battle Offensive
Silverstone,High-Speed,44,NOR,Lando Norris,McLaren,89.61,29.804,32.755,27.052,2,1.07,2.68,17,2,False,False,Battle Offensive
Silverstone,High-Speed,45,NOR,Lando Norris,McLaren,90.04,28.485,31.6,29.955,2,0.7,2.14,18,2,False,False,Battle Offensive
Silverstone,High-Speed,46,NOR,Lando Norris,McLaren,89.673,27.589,32.861,29.223,2,0.19,0.53,19,2,False,False,Battle Offensive
Silverstone,High-Speed,47,NOR,Lando Norris,McLaren,90.059,29.138,30.524,30.396,2,0.1,2.65,20,2,False,False,Battle Offensive
Silverstone,High-Speed,48,NOR,Lando Norris,McLaren,90.3,28.801,32.528,28.971,2,4.32,1.3,21,2,False,False,Battle Defensive
Silverstone,High-Speed,49,NOR,Lando Norris,McLaren,90.129,27.798,31.709,30.621,2,5.31,8.32,22,2,False,False,Clean Air
Silverstone,High-Speed,50,NOR,Lando Norris,McLaren,90.812,27.682,31.152,31.978,2,0.5,1.07,23,2,False,False,Battle Offensive
Silverstone,High-Speed,51,NOR,Lando Norris,McLaren,90.095,27.803,30.405,31.888,2,4.03,8.95,24,2,False,False,Clean Air
Silverstone,High-Speed,52,NOR,Lando Norris,McLaren,90.379,28.528,31.344,30.507,2,0.83,0.1,25,2,False,False,Battle Offensive
Silverstone,High-Speed,1,LEC,Charles Leclerc,Ferrari,89.127,28.744,32.886,27.496,1,,8.68,1,1,False,False,Clean Air
Silverstone,High-Speed,2,LEC,Charles Leclerc,Ferrari,89.037,29.329,30.416,29.291,1,,2.92,2,1,False,False,Clean Air
Silverstone,High-Speed,3,LEC,Charles Leclerc,Ferrari,89.37,28.823,30.383,30.164,1,,0.9,3,1,False,False,Battle Defensive
Silverstone,High-Speed,4,LEC,Charles Leclerc,Ferrari,89.034,27.862,30.633,30.539,1,,0.52,4,1,False,False,Battle Defensive
Silverstone,High-Speed,5,LEC,Charles Leclerc,Ferrari,89.516,29.168,30.816,29.532,1,,0.16,5,1,False,False,Battle Defensive
Silverstone,High-Speed,6,LEC,Charles Leclerc,Ferrari,89.342,27.21,31.83,30.302,1,,2.93,6,1,False,False,Clean Air
Silverstone,High-Speed,7,LEC,Charles Leclerc,Ferrari,88.879,29.169,30.428,29.281,1,,1.57,7,1,False,False,Clean Air
Silverstone,High-Speed,8,LEC,Charles Leclerc,Ferrari,89.25,28.802,30.7,29.748,1,,2.9,8,1,False,False,Clean Air
Silverstone,High-Speed,9,LEC,Charles Leclerc,Ferrari,89.661,28.732,31.87,29.059,1,,1.58,9,1,False,False,Clean Air
Silverstone,High-Speed,10,LEC,Charles Leclerc,Ferrari,89.871,30.099,31.13,28.643,1,,0.38,10,1,False,False,Battle Defensive
Silverstone,High-Speed,11,LEC,Charles Leclerc,Ferrari,89.893,30.134,31.847,27.912,1,,0.46,11,1,False,False,Battle Defensive
Silverstone,High-Speed,12,LEC,Charles Leclerc,Ferrari,89.512,28.546,30.651,30.315,1,,1.71,12,1,False,False,Clean Air
Silverstone,High-Speed,13,LEC,Charles Leclerc,Ferrari,90.028,30.366,32.865,26.798,1,,1.09,13,1,False,False,Battle Defensive
Silverstone,High-Speed,14,LEC,Charles Leclerc,Ferrari,89.695,27.834,29.937,31.924,1,,0.96,14,1,False,False,Battle Defensive
Silverstone,High-Speed,15,LEC,Charles Leclerc,Ferrari,89.271,28.42,32.921,27.929,1,,1.07,15,1,False,False,Battle Defensive
Silverstone,High-Speed,16,LEC,Charles Leclerc,Ferrari,90.168,27.271,31.52,31.377,1,,0.88,16,1,False,False,Battle Defensive
Silverstone,High-Speed,17,LEC,Charles Leclerc,Ferrari,118.684,39.822,42.806,36.056,1,,2.08,17,1,False,True,Clean Air
Silverstone,High-Speed,18,LEC,Charles Leclerc,Ferrari,118.511,39.652,43.498,35.36,1,,2.57,18,1,False,True,Clean Air
Silverstone,High-Speed,19,LEC,Charles Leclerc,Ferrari,122.231,41.492,42.495,38.244,1,,0.32,19,1,False,True,Battle Defensive
Silverstone,High-Speed,20,LEC,Charles Leclerc,Ferrari,90.369,28.982,29.853,31.533,1,,1.83,20,1,False,False,Clean Air
Silverstone,High-Speed,21,LEC,Charles Leclerc,Ferrari,90.142,30.269,33.095,26.778,1,,0.1,21,1,False,False,Battle Defensive
Silverstone,High-Speed,22,LEC,Charles Leclerc,Ferrari,89.914,30.036,31.23,28.648,1,,0.48,22,1,False,False,Battle Defensive
Silverstone,High-Speed,23,LEC,Charles Leclerc,Ferrari,89.949,30.567,30.033,29.349,1,,3.55,23,1,False,False,Clean Air
Silverstone,High-Speed,24,LEC,Charles Leclerc,Ferrari,90.314,30.046,33.113,27.155,1,,4.84,24,1,False,False,Clean Air
Silverstone,High-Speed,25,LEC,Charles Leclerc,Ferrari,90.105,30.017,31.441,28.647,1,,0.88,25,1,False,False,Battle Defensive
Silverstone,High-Speed,26,LEC,Charles Leclerc,Ferrari,90.448,28.944,31.376,30.128,1,,0.59,26,1,False,False,Battle Defensive
Silverstone,High-Speed,27,LEC,Charles Leclerc,Ferrari,110.798,34.143,37.392,39.263,1,,0.47,1,2,True,False,Battle Defensive
Silverstone,High-Speed,28,LEC,Charles Leclerc,Ferrari,88.97,29.87,31.626,27.475,1,,2.1,2,2,False,False,Clean Air
Silverstone,High-Speed,29,LEC,Charles Leclerc,Ferrari,89.343,29.876,32.263,27.204,1,,1.49,3,2,False,False,Battle Defensive
Silverstone,High-Speed,30,LEC,Charles Leclerc,Ferrari,89.621,29.803,29.591,30.227,1,,0.7,4,2,False,False,Battle Defensive
Silverstone,High-Speed,31,LEC,Charles Leclerc,Ferrari,89.169,27.397,31.123,30.649,1,,0.42,5,2,False,False,Battle Defensive
Silverstone,High-Speed,32,LEC,Charles Leclerc,Ferrari,89.125,27.466,30.262,31.396,1,,2.65,6,2,False,False,Clean Air
Silverstone,High-Speed,33,LEC,Charles Leclerc,Ferrari,89.442,28.4,32.292,28.75,1,,0.64,7,2,False,False,Battle Defensive
Silverstone,High-Speed,34,LEC,Charles Leclerc,Ferrari,89.868,30.508,32.845,26.515,1,,0.13,8,2,False,False,Battle Defensive
Silverstone,High-Speed,35,LEC,Charles Leclerc,Ferrari,89.039,27.255,29.875,31.91,1,,1.32,9,2,False,False,Battle Defensive
Silverstone,High-Speed,36,LEC,Charles Leclerc,Ferrari,89.19,28.821,32.956,27.413,1,,8.15,10,2,False,False,Clean Air
Silverstone,High-Speed,37,LEC,Charles Leclerc,Ferrari,89.164,30.12,32.944,26.1,1,,0.98,11,2,False,False,Battle Defensive
Silverstone,High-Speed,38,LEC,Charles Leclerc,Ferrari,89.349,27.471,30.786,31.093,1,,0.11,12,2,False,False,Battle Defensive
Silverstone,High-Speed,39,LEC,Charles Leclerc,Ferrari,89.358,28.338,33.003,28.018,1,,0.79,13,2,False,False,Battle Defensive
Silverstone,High-Speed,40,LEC,Charles Leclerc,Ferrari,90.06,27.29,31.387,31.382,1,,1.0,14,2,False,False,Battle Defensive
Silverstone,High-Speed,41,LEC,Charles Leclerc,Ferrari,89.754,28.805,32.937,28.013,1,,3.57,15,2,False,False,Clean Air
Silverstone,High-Speed,42,LEC,Charles Leclerc,Ferrari,89.738,28.015,29.741,31.982,1,,2.79,16,2,False,False,Clean Air
Silverstone,High-Speed,43,LEC,Charles Leclerc,Ferrari,90.132,30.055,32.68,27.396,1,,0.89,17,2,False,False,Battle Defensive
Silverstone,High-Speed,44,LEC,Charles Leclerc,Ferrari,89.524,26.888,32.528,30.108,1,,2.59,18,2,False,False,Clean Air
Silverstone,High-Speed,45,LEC,Charles Leclerc,Ferrari,90.661,29.108,33.279,28.274,1,,0.23,19,2,False,False,Battle Defensive
Silverstone,High-Speed,46,LEC,Charles Leclerc,Ferrari,89.86,28.861,29.758,31.24,1,,3.89,20,2,False,False,Clean Air
Silverstone,High-Speed,47,LEC,Charles Leclerc,Ferrari,89.848,28.528,31.643,29.677,1,,4.1,21,2,False,False,Clean Air
Silverstone,High-Speed,48,LEC,Charles Leclerc,Ferrari,90.824,29.914,32.228,28.682,1,,0.64,22,2,False,False,Battle Defensive
Silverstone,High-Speed,49,LEC,Charles Leclerc,Ferrari,90.389,27.476,31.204,31.708,1,,8.7,23,2,False,False,Clean Air
Silverstone,High-Speed,50,LEC,Charles Leclerc,Ferrari,89.925,30.56,32.903,26.463,1,,3.67,24,2,False,False,Clean Air
Silverstone,High-Speed,51,LEC,Charles Leclerc,Ferrari,90.346,28.702,32.182,29.463,1,,0.1,25,2,False,False,Battle Defensive
Silverstone,High-Speed,52,LEC,Charles Leclerc,Ferrari,90.245,28.332,31.225,30.688,1,,1.38,26,2,False,False,Battle Defensive
Silverstone,High-Speed,1,SAI,Carlos Sainz,Ferrari,89.111,29.894,30.011,29.206,5,5.61,1.72,1,1,False,False,Clean Air
Silverstone,High-Speed,2,SAI,Carlos Sainz,Ferrari,88.66,27.29,29.663,31.707,5,1.6,8.88,2,1,False,False,DRS Train
Silverstone,High-Speed,3,SAI,Carlos Sainz,Ferrari,89.243,27.642,29.593,32.008,5,8.69,3.71,3,1,False,False,Clean Air
Silverstone,High-Speed,4,SAI,Carlos Sainz,Ferrari,89.395,30.09,32.981,26.324,5,2.2,0.6,4,1,False,False,Battle Defensive
Silverstone,High-Speed,5,SAI,Carlos Sainz,Ferrari,89.222,26.815,30.913,31.493,4,0.76,0.6,5,1,False,False,Battle Offensive
Silverstone,High-Speed,6,SAI,Carlos Sainz,Ferrari,89.151,29.848,32.081,27.222,5,0.1,4.51,6,1,False,False,Battle Offensive
Silverstone,High-Speed,7,SAI,Carlos Sainz,Ferrari,89.676,29.651,31.191,28.835,5,0.62,0.19,7,1,False,False,Battle Offensive
Silverstone,High-Speed,8,SAI,Carlos Sainz,Ferrari,88.967,26.867,31.224,30.876,5,3.45,5.81,8,1,False,False,Clean Air
Silverstone,High-Speed,9,SAI,Carlos Sainz,Ferrari,89.525,30.203,32.255,27.068,5,5.41,1.12,9,1,False,False,Battle Defensive
Silverstone,High-Speed,10,SAI,Carlos Sainz,Ferrari,89.329,28.567,31.163,29.599,5,0.27,0.66,10,1,False,False,Battle Offensive
Silverstone,High-Speed,11,SAI,Carlos Sainz,Ferrari,89.607,30.025,30.318,29.263,5,3.85,7.11,11,1,False,False,Clean Air
Silverstone,High-Speed,12,SAI,Carlos Sainz,Ferrari,89.677,28.782,33.118,27.778,4,1.28,1.12,12,1,False,False,Battle Offensive
Silverstone,High-Speed,13,SAI,Carlos Sainz,Ferrari,89.773,29.128,30.485,30.16,5,0.15,1.67,13,1,False,False,Battle Offensive
Silverstone,High-Speed,14,SAI,Carlos Sainz,Ferrari,89.855,28.454,30.923,30.478,5,1.0,2.28,14,1,False,False,Battle Offensive
Silverstone,High-Speed,15,SAI,Carlos Sainz,Ferrari,90.246,28.185,30.238,31.824,5,1.86,2.29,15,1,False,False,DRS Train
Silverstone,High-Speed,16,SAI,Carlos Sainz,Ferrari,90.752,29.62,30.099,31.033,5,0.74,1.31,16,1,False,False,Battle Offensive
Silverstone,High-Speed,17,SAI,Carlos Sainz,Ferrari,118.849,36.363,43.903,38.582,5,3.2,0.16,17,1,False,True,Battle Defensive
Silverstone,High-Speed,18,SAI,Carlos Sainz,Ferrari,124.162,38.948,42.639,42.576,5,1.33,0.51,18,1,False,True,Battle Offensive
Silverstone,High-Speed,19,SAI,Carlos Sainz,Ferrari,146.681,44.253,51.118,51.309,5,10.59,1.84,1,2,True,True,Clean Air
Silverstone,High-Speed,20,SAI,Carlos Sainz,Ferrari,89.019,27.025,31.99,30.005,5,1.36,3.78,2,2,False,False,Battle Offensive
Silverstone,High-Speed,21,SAI,Carlos Sainz,Ferrari,89.636,30.437,31.002,28.197,5,4.5,6.87,3,2,False,False,Clean Air
Silverstone,High-Speed,22,SAI,Carlos Sainz,Ferrari,89.381,29.07,31.333,28.977,5,0.79,3.65,4,2,False,False,Battle Offensive
Silverstone,High-Speed,23,SAI,Carlos Sainz,Ferrari,89.674,29.405,31.515,28.754,5,3.08,1.24,5,2,False,False,Battle Defensive
Silverstone,High-Speed,24,SAI,Carlos Sainz,Ferrari,89.749,28.168,30.943,30.638,5,1.2,3.76,6,2,False,False,Battle Offensive
Silverstone,High-Speed,25,SAI,Carlos Sainz,Ferrari,88.907,27.656,31.672,29.579,5,5.49,1.56,7,2,False,False,Clean Air
Silverstone,High-Speed,26,SAI,Carlos Sainz,Ferrari,89.539,29.347,31.706,28.485,5,0.32,5.29,8,2,False,False,Battle Offensive
Silverstone,High-Speed,27,SAI,Carlos Sainz,Ferrari,89.54,29.614,32.263,27.663,5,1.31,3.0,9,2,False,False,Battle Offensive
Silverstone,High-Speed,28,SAI,Carlos Sainz,Ferrari,89.625,29.092,32.524,28.009,6,2.4,3.87,10,2,False,False,DRS Train
Silverstone,High-Speed,29,SAI,Carlos Sainz,Ferrari,89.673,29.901,32.024,27.748,5,1.95,1.16,11,2,False,False,Battle Defensive
Silverstone,High-Speed,30,SAI,Carlos Sainz,Ferrari,89.854,28.881,30.145,30.828,5,2.88,0.61,12,2,False,False,Battle Defensive
Silverstone,High-Speed,31,SAI,Carlos Sainz,Ferrari,111.091,37.219,37.143,36.73,5,2.01,2.62,1,3,True,False,DRS Train
Silverstone,High-Speed,32,SAI,Carlos Sainz,Ferrari,89.455,29.958,31.398,28.099,4,3.92,0.47,2,3,False,False,Battle Defensive
Silverstone,High-Speed,33,SAI,Carlos Sainz,Ferrari,89.475,27.525,32.415,29.534,5,0.46,1.06,3,3,False,False,Battle Offensive
Silverstone,High-Speed,34,SAI,Carlos Sainz,Ferrari,89.099,28.095,30.128,30.876,5,2.68,0.54,4,3,False,False,Battle Defensive
Silverstone,High-Speed,35,SAI,Carlos Sainz,Ferrari,89.634,28.581,30.543,30.51,5,2.13,6.14,5,3,False,False,DRS Train
Silverstone,High-Speed,36,SAI,Carlos Sainz,Ferrari,89.299,27.887,31.375,30.037,5,0.14,1.31,6,3,False,False,Battle Offensive
Silverstone,High-Speed,37,SAI,Carlos Sainz,Ferrari,89.251,29.819,31.523,27.909,5,0.25,1.09,7,3,False,False,Battle Offensive
Silverstone,High-Speed,38,SAI,Carlos Sainz,Ferrari,89.773,26.998,29.848,32.927,5,1.84,6.67,8,3,False,False,DRS Train
Silverstone,High-Speed,39,SAI,Carlos Sainz,Ferrari,89.287,28.335,31.098,29.854,5,2.25,4.1,9,3,False,False,DRS Train
Silverstone,High-Speed,40,SAI,Carlos Sainz,Ferrari,89.336,28.721,31.053,29.563,5,2.0,0.28,10,3,False,False,Battle Defensive
Silverstone,High-Speed,41,SAI,Carlos Sainz,Ferrari,89.874,30.141,29.721,30.012,5,2.35,3.22,11,3,False,False,DRS Train
Silverstone,High-Speed,42,SAI,Carlos Sainz,Ferrari,89.147,30.244,30.129,28.773,5,1.3,6.52,12,3,False,False,Battle Offensive
Silverstone,High-Speed,43,SAI,Carlos Sainz,Ferrari,89.759,26.988,31.343,31.428,5,1.8,4.52,13,3,False,False,DRS Train
Silverstone,High-Speed,44,SAI,Carlos Sainz,Ferrari,89.375,29.583,32.139,27.654,5,4.9,5.65,14,3,False,False,Clean Air
Silverstone,High-Speed,45,SAI,Carlos Sainz,Ferrari,90.041,28.321,31.981,29.739,6,1.93,0.23,15,3,False,False,Battle Defensive
Silverstone,High-Speed,46,SAI,Carlos Sainz,Ferrari,89.968,29.62,33.164,27.185,5,4.53,0.86,16,3,False,False,Battle Defensive
Silverstone,High-Speed,47,SAI,Carlos Sainz,Ferrari,89.467,29.804,31.929,27.735,5,4.14,7.05,17,3,False,False,Clean Air
Silverstone,High-Speed,48,SAI,Carlos Sainz,Ferrari,89.247,27.628,31.558,30.061,5,8.83,0.74,18,3,False,False,Battle Defensive
Silverstone,High-Speed,49,SAI,Carlos Sainz,Ferrari,89.236,26.776,30.547,31.913,5,1.13,0.1,19,3,False,False,Battle Offensive
Silverstone,High-Speed,50,SAI,Carlos Sainz,Ferrari,89.886,29.455,31.928,28.502,5,0.82,1.25,20,3,False,False,Battle Offensive
Silverstone,High-Speed,51,SAI,Carlos Sainz,Ferrari,90.566,28.744,31.4,30.422,5,1.83,4.16,21,3,False,False,DRS Train
Silverstone,High-Speed,52,SAI,Carlos Sainz,Ferrari,89.86,28.249,30.482,31.129,5,3.57,0.48,22,3,False,False,Battle Defensive
Silverstone,High-Speed,1,HAM,Lewis Hamilton,Mercedes,89.236,28.196,32.43,28.609,8,3.86,1.13,1,1,False,False,Battle Defensive
Silverstone,High-Speed,2,HAM,Lewis Hamilton,Mercedes,89.079,29.795,31.192,28.092,8,3.27,3.46,2,1,False,False,Clean Air
Silverstone,High-Speed,3,HAM,Lewis Hamilton,Mercedes,89.207,28.816,29.878,30.514,8,2.88,2.22,3,1,False,False,DRS Train
Silverstone,High-Speed,4,HAM,Lewis Hamilton,Mercedes,89.299,28.29,30.162,30.847,8,0.11,2.82,4,1,False,False,Battle Offensive
Silverstone,High-Speed,5,HAM,Lewis Hamilton,Mercedes,89.623,29.063,29.657,30.903,8,1.34,1.21,5,1,False,False,Battle Offensive
Silverstone,High-Speed,6,HAM,Lewis Hamilton,Mercedes,89.554,28.538,31.057,29.959,8,0.1,4.27,6,1,False,False,Battle Offensive
Silverstone,High-Speed,7,HAM,Lewis Hamilton,Mercedes,89.601,28.557,29.901,31.142,8,5.51,1.44,7,1,False,False,Battle Defensive
Silverstone,High-Speed,8,HAM,Lewis Hamilton,Mercedes,89.247,27.347,29.726,32.174,8,0.44,0.1,8,1,False,False,Battle Offensive
Silverstone,High-Speed,9,HAM,Lewis Hamilton,Mercedes,89.77,28.75,29.741,31.279,8,0.57,3.14,9,1,False,False,Battle Offensive
Silverstone,High-Speed,10,HAM,Lewis Hamilton,Mercedes,89.372,27.235,32.284,29.853,8,1.96,3.36,10,1,False,False,DRS Train
Silverstone,High-Speed,11,HAM,Lewis Hamilton,Mercedes,89.942,30.247,32.995,26.701,8,1.13,3.33,11,1,False,False,Battle Offensive
Silverstone,High-Speed,12,HAM,Lewis Hamilton,Mercedes,89.998,28.557,30.157,31.284,8,0.77,6.86,12,1,False,False,Battle Offensive
Silverstone,High-Speed,13,HAM,Lewis Hamilton,Mercedes,89.602,30.262,32.34,26.999,8,1.75,2.06,13,1,False,False,DRS Train
Silverstone,High-Speed,14,HAM,Lewis Hamilton,Mercedes,111.201,34.255,37.25,39.696,8,3.58,1.66,1,2,True,False,Clean Air
Silverstone,High-Speed,15,HAM,Lewis Hamilton,Mercedes,88.893,27.737,31.366,29.79,8,15.9,0.13,2,2,False,False,Battle Defensive
Silverstone,High-Speed,16,HAM,Lewis Hamilton,Mercedes,89.135,29.292,32.584,27.259,7,0.41,3.83,3,2,False,False,Battle Offensive
Silverstone,High-Speed,17,HAM,Lewis Hamilton,Mercedes,113.35,35.75,40.925,36.676,8,1.23,1.75,4,2,False,True,Battle Offensive
Silverstone,High-Speed,18,HAM,Lewis Hamilton,Mercedes,125.139,40.009,42.339,42.79,8,1.41,1.01,5,2,False,True,Battle Offensive
Silverstone,High-Speed,19,HAM,Lewis Hamilton,Mercedes,116.632,39.61,40.234,36.787,8,0.57,2.97,6,2,False,True,Battle Offensive
Silverstone,High-Speed,20,HAM,Lewis Hamilton,Mercedes,89.443,29.222,32.574,27.647,8,3.58,1.51,7,2,False,False,Clean Air
Silverstone,High-Speed,21,HAM,Lewis Hamilton,Mercedes,89.321,29.506,31.802,28.014,8,7.0,2.17,8,2,False,False,Clean Air
Silverstone,High-Speed,22,HAM,Lewis Hamilton,Mercedes,89.553,28.656,32.227,28.67,8,0.49,0.13,9,2,False,False,Battle Offensive
Silverstone,High-Speed,23,HAM,Lewis Hamilton,Mercedes,89.718,28.724,30.336,30.658,8,0.51,0.62,10,2,False,False,Battle Offensive
Silverstone,High-Speed,24,HAM,Lewis Hamilton,Mercedes,89.733,30.033,32.658,27.041,8,0.17,0.47,11,2,False,False,Battle Offensive
Silverstone,High-Speed,25,HAM,Lewis Hamilton,Mercedes,89.87,27.262,32.436,30.172,8,0.54,2.92,12,2,False,False,Battle Offensive
Silverstone,High-Speed,26,HAM,Lewis Hamilton,Mercedes,89.716,28.664,30.921,30.131,8,0.26,5.33,13,2,False,False,Battle Offensive
Silverstone,High-Speed,27,HAM,Lewis Hamilton,Mercedes,90.052,28.398,31.417,30.237,8,0.11,6.28,14,2,False,False,Battle Offensive
Silverstone,High-Speed,28,HAM,Lewis Hamilton,Mercedes,89.828,27.518,31.949,30.361,8,5.08,1.34,15,2,False,False,Battle Defensive
Silverstone,High-Speed,29,HAM,Lewis Hamilton,Mercedes,90.155,30.185,32.549,27.421,8,0.39,1.47,16,2,False,False,Battle Offensive
Silverstone,High-Speed,30,HAM,Lewis Hamilton,Mercedes,90.19,27.562,32.182,30.445,7,0.22,5.53,17,2,False,False,Battle Offensive
Silverstone,High-Speed,31,HAM,Lewis Hamilton,Mercedes,110.929,33.722,39.677,37.53,8,0.1,0.41,1,3,True,False,Battle Offensive
Silverstone,High-Speed,32,HAM,Lewis Hamilton,Mercedes,89.195,30.083,31.3,27.812,8,0.1,2.4,2,3,False,False,Battle Offensive
Silverstone,High-Speed,33,HAM,Lewis Hamilton,Mercedes,89.171,28.12,29.851,31.2,8,0.2,1.25,3,3,False,False,Battle Offensive
Silverstone,High-Speed,34,HAM,Lewis Hamilton,Mercedes,89.328,28.926,30.703,29.699,9,0.7,0.26,4,3,False,False,Battle Offensive
Silverstone,High-Speed,35,HAM,Lewis Hamilton,Mercedes,89.162,27.831,31.417,29.914,8,1.53,1.28,5,3,False,False,Battle Defensive
Silverstone,High-Speed,36,HAM,Lewis Hamilton,Mercedes,89.322,27.463,31.479,30.381,9,2.77,0.1,6,3,False,False,Battle Defensive
Silverstone,High-Speed,37,HAM,Lewis Hamilton,Mercedes,89.502,30.085,29.566,29.851,8,2.19,0.4,7,3,False,False,Battle Defensive
Silverstone,High-Speed,38,HAM,Lewis Hamilton,Mercedes,89.683,27.11,31.737,30.836,8,0.61,4.39,8,3,False,False,Battle Offensive
Silverstone,High-Speed,39,HAM,Lewis Hamilton,Mercedes,89.453,29.127,31.195,29.131,8,1.8,2.35,9,3,False,False,DRS Train
Silverstone,High-Speed,40,HAM,Lewis Hamilton,Mercedes,89.618,26.984,30.555,32.079,8,4.88,1.05,10,3,False,False,Battle Defensive
Silverstone,High-Speed,41,HAM,Lewis Hamilton,Mercedes,89.468,29.387,31.021,29.06,8,3.1,9.99,11,3,False,False,Clean Air
Silverstone,High-Speed,42,HAM,Lewis Hamilton,Mercedes,89.972,30.426,30.45,29.096,8,6.97,0.3,12,3,False,False,Battle Defensive
Silverstone,High-Speed,43,HAM,Lewis Hamilton,Mercedes,89.644,27.817,30.778,31.049,8,1.75,2.85,13,3,False,False,DRS Train
Silverstone,High-Speed,44,HAM,Lewis Hamilton,Mercedes,89.327,26.967,30.178,32.182,8,1.49,1.7,14,3,False,False,Battle Offensive
Silverstone,High-Speed,45,HAM,Lewis Hamilton,Mercedes,89.786,30.353,32.195,27.238,8,2.18,3.86,15,3,False,False,DRS Train
Silverstone,High-Speed,46,HAM,Lewis Hamilton,Mercedes,89.8,26.978,32.053,30.769,8,1.85,0.21,16,3,False,False,Battle Defensive
Silverstone,High-Speed,47,HAM,Lewis Hamilton,Mercedes,89.782,30.451,29.892,29.439,8,1.38,1.79,17,3,False,False,Battle Offensive
Silverstone,High-Speed,48,HAM,Lewis Hamilton,Mercedes,89.946,29.275,31.56,29.111,8,0.71,1.19,18,3,False,False,Battle Offensive
Silverstone,High-Speed,49,HAM,Lewis Hamilton,Mercedes,89.668,29.754,32.329,27.585,8,1.42,0.53,19,3,False,False,Battle Offensive
Silverstone,High-Speed,50,HAM,Lewis Hamilton,Mercedes,90.672,30.323,30.276,30.073,8,4.88,0.15,20,3,False,False,Battle Defensive
Silverstone,High-Speed,51,HAM,Lewis Hamilton,Mercedes,89.968,29.977,32.902,27.089,8,0.69,1.3,21,3,False,False,Battle Offensive
Silverstone,High-Speed,52,HAM,Lewis Hamilton,Mercedes,89.93,27.351,31.324,31.255,8,6.23,1.56,22,3,False,False,Clean Air
Silverstone,High-Speed,1,RUS,George Russell,Mercedes,88.943,28.368,32.747,27.827,6,1.44,0.1,1,1,False,False,Battle Offensive
Silverstone,High-Speed,2,RUS,George Russell,Mercedes,89.409,29.681,30.476,29.252,6,0.42,0.52,2,1,False,False,Battle Offensive
Silverstone,High-Speed,3,RUS,George Russell,Mercedes,89.438,29.632,30.161,29.644,6,0.55,3.55,3,1,False,False,Battle Offensive
Silverstone,High-Speed,4,RUS,George Russell,Mercedes,89.39,28.869,31.165,29.356,6,4.03,2.57,4,1,False,False,Clean Air
Silverstone,High-Speed,5,RUS,George Russell,Mercedes,89.253,27.611,29.739,31.903,6,2.53,0.88,5,1,False,False,Battle Defensive
Silverstone,High-Speed,6,RUS,George Russell,Mercedes,89.828,28.228,33.106,28.494,6,1.18,1.66,6,1,False,False,Battle Offensive
Silverstone,High-Speed,7,RUS,George Russell,Mercedes,89.353,28.723,32.139,28.491,6,6.88,4.71,7,1,False,False,Clean Air
Silverstone,High-Speed,8,RUS,George Russell,Mercedes,89.61,29.384,32.05,28.177,6,2.98,5.53,8,1,False,False,DRS Train
Silverstone,High-Speed,9,RUS,George Russell,Mercedes,89.211,30.294,31.148,27.768,6,5.77,0.62,9,1,False,False,Battle Defensive
Silverstone,High-Speed,10,RUS,George Russell,Mercedes,89.668,29.065,32.931,27.672,6,0.65,1.2,10,1,False,False,Battle Offensive
Silverstone,High-Speed,11,RUS,George Russell,Mercedes,89.835,29.763,32.327,27.745,6,0.1,0.66,11,1,False,False,Battle Offensive
Silverstone,High-Speed,12,RUS,George Russell,Mercedes,89.496,29.155,30.137,30.203,6,0.13,5.58,12,1,False,False,Battle Offensive
Silverstone,High-Speed,13,RUS,George Russell,Mercedes,90.367,29.008,32.838,28.52,6,0.15,6.92,13,1,False,False,Battle Offensive
Silverstone,High-Speed,14,RUS,George Russell,Mercedes,89.763,29.464,31.035,29.264,6,0.1,0.78,14,1,False,False,Battle Offensive
Silverstone,High-Speed,15,RUS,George Russell,Mercedes,90.209,27.106,31.532,31.57,6,1.26,2.08,15,1,False,False,Battle Offensive
Silverstone,High-Speed,16,RUS,George Russell,Mercedes,90.047,29.167,33.054,27.826,6,2.58,6.26,16,1,False,False,DRS Train
Silverstone,High-Speed,17,RUS,George Russell,Mercedes,112.392,35.523,37.929,38.94,6,5.45,0.13,17,1,False,True,Battle Defensive
Silverstone,High-Speed,18,RUS,George Russell,Mercedes,121.217,40.448,43.494,37.275,6,2.45,2.84,18,1,False,True,DRS Train
Silverstone,High-Speed,19,RUS,George Russell,Mercedes,116.011,35.972,40.449,39.591,6,5.49,0.97,19,1,False,True,Battle Defensive
Silverstone,High-Speed,20,RUS,George Russell,Mercedes,90.337,30.023,33.137,27.177,6,5.7,0.41,20,1,False,False,Battle Defensive
Silverstone,High-Speed,21,RUS,George Russell,Mercedes,89.888,29.427,31.903,28.558,6,4.05,1.88,21,1,False,False,Clean Air
Silverstone,High-Speed,22,RUS,George Russell,Mercedes,111.444,34.702,38.193,38.549,6,0.54,6.73,1,2,True,False,Battle Offensive
Silverstone,High-Speed,23,RUS,George Russell,Mercedes,89.534,27.961,32.024,29.548,6,0.93,3.44,2,2,False,False,Battle Offensive
Silverstone,High-Speed,24,RUS,George Russell,Mercedes,89.107,29.179,30.175,29.754,6,1.28,1.65,3,2,False,False,Battle Offensive
Silverstone,High-Speed,25,RUS,George Russell,Mercedes,89.574,27.119,32.657,29.798,6,3.09,6.84,4,2,False,False,Clean Air
Silverstone,High-Speed,26,RUS,George Russell,Mercedes,89.555,29.463,31.148,28.944,6,0.84,2.39,5,2,False,False,Battle Offensive
Silverstone,High-Speed,27,RUS,George Russell,Mercedes,89.12,27.846,30.972,30.303,6,2.27,1.53,6,2,False,False,DRS Train
Silverstone,High-Speed,28,RUS,George Russell,Mercedes,89.324,28.502,32.572,28.25,5,1.11,2.09,7,2,False,False,Battle Offensive
Silverstone,High-Speed,29,RUS,George Russell,Mercedes,89.866,29.255,32.885,27.726,6,4.25,1.15,8,2,False,False,Battle Defensive
Silverstone,High-Speed,30,RUS,George Russell,Mercedes,89.846,27.204,31.477,31.165,6,2.48,3.38,9,2,False,False,DRS Train
Silverstone,High-Speed,31,RUS,George Russell,Mercedes,89.598,27.638,31.768,30.192,6,1.98,7.67,10,2,False,False,DRS Train
Silverstone,High-Speed,32,RUS,George Russell,Mercedes,89.631,27.166,30.809,31.656,6,3.21,3.2,11,2,False,False,Clean Air
Silverstone,High-Speed,33,RUS,George Russell,Mercedes,89.539,28.321,30.945,30.273,6,2.9,1.73,12,2,False,False,DRS Train
Silverstone,High-Speed,34,RUS,George Russell,Mercedes,89.837,30.324,32.028,27.485,6,0.1,0.15,13,2,False,False,Battle Offensive
Silverstone,High-Speed,35,RUS,George Russell,Mercedes,89.647,27.562,30.631,31.455,6,4.65,3.63,14,2,False,False,Clean Air
Silverstone,High-Speed,36,RUS,George Russell,Mercedes,89.722,27.227,29.813,32.682,5,3.76,5.61,15,2,False,False,Clean Air
Silverstone,High-Speed,37,RUS,George Russell,Mercedes,90.338,27.573,32.694,30.072,6,1.17,1.56,16,2,False,False,Battle Offensive
Silverstone,High-Speed,38,RUS,George Russell,Mercedes,90.562,27.506,30.84,32.216,6,1.81,0.23,17,2,False,False,Battle Defensive
Silverstone,High-Speed,39,RUS,George Russell,Mercedes,90.727,29.382,31.449,29.896,6,5.81,0.84,18,2,False,False,Battle Defensive
Silverstone,High-Speed,40,RUS,George Russell,Mercedes,89.954,29.4,32.001,28.554,6,3.41,3.43,19,2,False,False,Clean Air
Silverstone,High-Speed,41,RUS,George Russell,Mercedes,90.419,30.036,33.161,27.222,6,0.92,0.27,20,2,False,False,Battle Offensive
Silverstone,High-Speed,42,RUS,George Russell,Mercedes,90.081,27.815,32.602,29.664,6,5.68,6.31,21,2,False,False,Clean Air
Silverstone,High-Speed,43,RUS,George Russell,Mercedes,89.94,28.14,30.235,31.566,6,0.6,0.78,22,2,False,False,Battle Offensive
Silverstone,High-Speed,44,RUS,George Russell,Mercedes,90.156,29.122,31.422,29.611,6,2.11,5.27,23,2,False,False,DRS Train
Silverstone,High-Speed,45,RUS,George Russell,Mercedes,90.002,28.984,30.099,30.919,6,2.7,3.96,24,2,False,False,DRS Train
Silverstone,High-Speed,46,RUS,George Russell,Mercedes,90.37,29.317,32.383,28.67,6,1.26,0.29,25,2,False,False,Battle Offensive
Silverstone,High-Speed,47,RUS,George Russell,Mercedes,90.298,30.134,32.496,27.668,6,2.7,0.3,26,2,False,False,Battle Defensive
Silverstone,High-Speed,48,RUS,George Russell,Mercedes,90.175,29.942,30.712,29.521,6,8.5,2.25,27,2,False,False,Clean Air
Silverstone,High-Speed,49,RUS,George Russell,Mercedes,90.695,29.877,30.909,29.909,6,2.89,2.86,28,2,False,False,DRS Train
Silverstone,High-Speed,50,RUS,George Russell,Mercedes,90.281,29.622,33.404,27.256,6,1.09,5.13,29,2,False,False,Battle Offensive
Silverstone,High-Speed,51,RUS,George Russell,Mercedes,90.218,29.703,31.443,29.071,6,4.62,4.09,30,2,False,False,Clean Air
Silverstone,High-Speed,52,RUS,George Russell,Mercedes,90.288,27.478,31.342,31.468,6,5.22,5.38,31,2,False,False,Clean Air
Silverstone,High-Speed,1,PER,Sergio Perez,Red Bull,89.493,27.192,32.52,29.781,9,2.83,1.31,1,1,False,False,Battle Defensive
Silverstone,High-Speed,2,PER,Sergio Perez,Red Bull,89.455,27.869,30.411,31.175,9,3.49,1.54,2,1,False,False,Clean Air
Silverstone,High-Speed,3,PER,Sergio Perez,Red Bull,89.192,27.269,29.526,32.397,9,7.0,4.14,3,1,False,False,Clean Air
Silverstone,High-Speed,4,PER,Sergio Perez,Red Bull,89.492,27.749,30.947,30.795,9,0.68,3.72,4,1,False,False,Battle Offensive
Silverstone,High-Speed,5,PER,Sergio Perez,Red Bull,89.997,29.942,31.658,28.397,9,0.29,1.68,5,1,False,False,Battle Offensive
Silverstone,High-Speed,6,PER,Sergio Perez,Red Bull,89.566,29.324,30.265,29.977,9,0.1,2.41,6,1,False,False,Battle Offensive
Silverstone,High-Speed,7,PER,Sergio Perez,Red Bull,90.027,27.042,29.722,33.263,9,2.21,6.16,7,1,False,False,DRS Train
Silverstone,High-Speed,8,PER,Sergio Perez,Red Bull,89.482,30.079,30.163,29.239,9,3.56,3.58,8,1,False,False,Clean Air
Silverstone,High-Speed,9,PER,Sergio Perez,Red Bull,89.565,28.734,32.61,28.221,9,2.87,1.89,9,1,False,False,DRS Train
Silverstone,High-Speed,10,PER,Sergio Perez,Red Bull,90.181,27.157,30.521,32.503,9,1.71,0.89,10,1,False,False,Battle Defensive
Silverstone,High-Speed,11,PER,Sergio Perez,Red Bull,89.817,28.92,29.92,30.977,9,1.42,1.36,11,1,False,False,Battle Offensive
Silverstone,High-Speed,12,PER,Sergio Perez,Red Bull,90.31,29.705,31.223,29.382,9,3.35,1.28,12,1,False,False,Battle Defensive
Silverstone,High-Speed,13,PER,Sergio Perez,Red Bull,89.281,28.081,30.381,30.819,9,0.61,3.56,13,1,False,False,Battle Offensive
Silverstone,High-Speed,14,PER,Sergio Perez,Red Bull,90.561,29.584,31.594,29.384,9,1.4,1.29,14,1,False,False,Battle Offensive
Silverstone,High-Speed,15,PER,Sergio Perez,Red Bull,89.889,29.936,30.789,29.164,9,3.78,2.56,15,1,False,False,Clean Air
Silverstone,High-Speed,16,PER,Sergio Perez,Red Bull,90.673,28.17,30.347,32.157,9,1.21,6.01,16,1,False,False,Battle Offensive
Silverstone,High-Speed,17,PER,Sergio Perez,Red Bull,120.868,38.923,41.097,40.847,9,0.17,0.37,17,1,False,True,Battle Offensive
Silverstone,High-Speed,18,PER,Sergio Perez,Red Bull,126.18,41.123,46.267,38.79,9,1.16,0.25,18,1,False,True,Battle Offensive
Silverstone,High-Speed,19,PER,Sergio Perez,Red Bull,117.802,38.384,40.931,38.486,9,14.33,0.26,19,1,False,True,Battle Defensive
Silverstone,High-Speed,20,PER,Sergio Perez,Red Bull,90.463,30.029,31.512,28.922,9,0.72,1.02,20,1,False,False,Battle Offensive
Silverstone,High-Speed,21,PER,Sergio Perez,Red Bull,90.667,27.678,30.363,32.626,9,0.43,0.59,21,1,False,False,Battle Offensive
Silverstone,High-Speed,22,PER,Sergio Perez,Red Bull,90.949,28.867,30.42,31.661,9,1.7,0.81,22,1,False,False,Battle Defensive
Silverstone,High-Speed,23,PER,Sergio Perez,Red Bull,111.949,35.254,39.987,36.708,9,5.43,0.67,1,2,True,False,Battle Defensive
Silverstone,High-Speed,24,PER,Sergio Perez,Red Bull,89.329,27.098,30.455,31.776,9,3.12,6.85,2,2,False,False,Clean Air
Silverstone,High-Speed,25,PER,Sergio Perez,Red Bull,89.48,29.459,30.599,29.422,9,0.88,2.06,3,2,False,False,Battle Offensive
Silverstone,High-Speed,26,PER,Sergio Perez,Red Bull,89.319,30.017,31.246,28.057,9,4.06,2.08,4,2,False,False,Clean Air
Silverstone,High-Speed,27,PER,Sergio Perez,Red Bull,89.745,29.515,32.393,27.837,9,0.98,1.14,5,2,False,False,Battle Offensive
Silverstone,High-Speed,28,PER,Sergio Perez,Red Bull,89.489,27.412,32.768,29.309,9,0.41,1.47,6,2,False,False,Battle Offensive
Silverstone,High-Speed,29,PER,Sergio Perez,Red Bull,89.28,26.87,31.229,31.182,9,4.76,1.53,7,2,False,False,Clean Air
Silverstone,High-Speed,30,PER,Sergio Perez,Red Bull,89.83,28.12,29.77,31.941,9,2.07,0.2,8,2,False,False,Battle Defensive
Silverstone,High-Speed,31,PER,Sergio Perez,Red Bull,89.893,27.572,29.7,32.622,9,2.63,1.91,9,2,False,False,DRS Train
Silverstone,High-Speed,32,PER,Sergio Perez,Red Bull,89.542,29.325,30.8,29.417,9,0.94,0.5,10,2,False,False,Battle Offensive
Silverstone,High-Speed,33,PER,Sergio Perez,Red Bull,89.695,29.974,31.709,28.012,9,1.79,6.79,11,2,False,False,DRS Train
Silverstone,High-Speed,34,PER,Sergio Perez,Red Bull,89.282,27.731,30.253,31.298,9,2.85,5.54,12,2,False,False,DRS Train
Silverstone,High-Speed,35,PER,Sergio Perez,Red Bull,89.668,30.247,32.301,27.12,9,0.54,0.35,13,2,False,False,Battle Offensive
Silverstone,High-Speed,36,PER,Sergio Perez,Red Bull,90.346,30.075,32.628,27.643,9,4.52,1.31,14,2,False,False,Battle Defensive
Silverstone,High-Speed,37,PER,Sergio Perez,Red Bull,89.802,26.993,32.793,30.016,9,5.52,6.58,15,2,False,False,Clean Air
Silverstone,High-Speed,38,PER,Sergio Perez,Red Bull,89.47,26.981,30.695,31.794,9,0.42,4.94,16,2,False,False,Battle Offensive
Silverstone,High-Speed,39,PER,Sergio Perez,Red Bull,90.448,28.712,30.838,30.898,9,1.16,0.47,17,2,False,False,Battle Offensive
Silverstone,High-Speed,40,PER,Sergio Perez,Red Bull,89.821,27.8,32.081,29.94,9,2.22,0.38,18,2,False,False,Battle Defensive
Silverstone,High-Speed,41,PER,Sergio Perez,Red Bull,89.933,27.524,32.593,29.816,9,7.4,0.31,19,2,False,False,Battle Defensive
Silverstone,High-Speed,42,PER,Sergio Perez,Red Bull,89.993,28.997,32.546,28.449,9,3.57,1.66,20,2,False,False,Clean Air
Silverstone,High-Speed,43,PER,Sergio Perez,Red Bull,90.711,29.19,31.704,29.817,9,2.13,0.77,21,2,False,False,Battle Defensive
Silverstone,High-Speed,44,PER,Sergio Perez,Red Bull,90.358,29.64,32.911,27.807,9,5.38,0.1,22,2,False,False,Battle Defensive
Silverstone,High-Speed,45,PER,Sergio Perez,Red Bull,90.257,29.451,32.926,27.88,9,1.57,4.5,23,2,False,False,DRS Train
Silverstone,High-Speed,46,PER,Sergio Perez,Red Bull,90.885,29.478,31.423,29.985,9,1.86,1.01,24,2,False,False,Battle Defensive
Silverstone,High-Speed,47,PER,Sergio Perez,Red Bull,90.777,29.939,33.242,27.596,9,8.37,2.12,25,2,False,False,Clean Air
Silverstone,High-Speed,48,PER,Sergio Perez,Red Bull,90.611,30.716,30.707,29.189,9,0.1,0.1,26,2,False,False,Battle Offensive
Silverstone,High-Speed,49,PER,Sergio Perez,Red Bull,90.727,28.639,33.533,28.556,9,1.85,1.19,27,2,False,False,Battle Defensive
Silverstone,High-Speed,50,PER,Sergio Perez,Red Bull,91.228,27.771,31.715,31.742,9,0.58,1.97,28,2,False,False,Battle Offensive
Silverstone,High-Speed,51,PER,Sergio Perez,Red Bull,90.912,28.195,33.185,29.531,9,3.03,3.42,29,2,False,False,Clean Air
Silverstone,High-Speed,52,PER,Sergio Perez,Red Bull,90.993,28.688,32.975,29.33,9,5.01,1.35,30,2,False,False,Battle Defensive
Silverstone,High-Speed,1,PIA,Oscar Piastri,McLaren,89.075,30.008,29.935,29.131,3,2.2,1.24,1,1,False,False,Battle Defensive
Silverstone,High-Speed,2,PIA,Oscar Piastri,McLaren,89.083,28.951,32.097,28.035,3,3.54,1.86,2,1,False,False,Clean Air
Silverstone,High-Speed,3,PIA,Oscar Piastri,McLaren,89.257,28.072,29.911,31.274,3,1.09,14.3,3,1,False,False,Battle Offensive
Silverstone,High-Speed,4,PIA,Oscar Piastri,McLaren,89.244,27.037,30.176,32.03,3,0.32,0.83,4,1,False,False,Battle Offensive
Silverstone,High-Speed,5,PIA,Oscar Piastri,McLaren,88.901,29.785,29.964,29.153,3,8.36,5.21,5,1,False,False,Clean Air
Silverstone,High-Speed,6,PIA,Oscar Piastri,McLaren,89.025,27.574,32.906,28.544,3,3.77,0.18,6,1,False,False,Battle Defensive
Silverstone,High-Speed,7,PIA,Oscar Piastri,McLaren,89.442,29.142,32.901,27.399,3,3.53,4.53,7,1,False,False,Clean Air
Silverstone,High-Speed,8,PIA,Oscar Piastri,McLaren,89.679,30.059,33.109,26.511,3,0.83,2.26,8,1,False,False,Battle Offensive
Silverstone,High-Speed,9,PIA,Oscar Piastri,McLaren,89.363,28.747,29.552,31.065,2,1.6,4.79,9,1,False,False,DRS Train
Silverstone,High-Speed,10,PIA,Oscar Piastri,McLaren,89.797,27.106,30.203,32.489,3,3.77,0.99,10,1,False,False,Battle Defensive
Silverstone,High-Speed,11,PIA,Oscar Piastri,McLaren,89.514,27.918,30.378,31.218,3,1.03,15.77,11,1,False,False,Battle Offensive
Silverstone,High-Speed,12,PIA,Oscar Piastri,McLaren,89.417,28.637,31.397,29.383,3,4.43,2.85,12,1,False,False,Clean Air
Silverstone,High-Speed,13,PIA,Oscar Piastri,McLaren,89.904,29.655,33.014,27.235,3,5.49,1.2,13,1,False,False,Battle Defensive
Silverstone,High-Speed,14,PIA,Oscar Piastri,McLaren,89.261,29.971,32.9,26.39,3,1.41,2.56,14,1,False,False,Battle Offensive
Silverstone,High-Speed,15,PIA,Oscar Piastri,McLaren,90.165,28.329,32.955,28.881,3,1.63,0.27,15,1,False,False,Battle Defensive
Silverstone,High-Speed,16,PIA,Oscar Piastri,McLaren,89.648,27.978,29.825,31.845,3,2.09,0.88,16,1,False,False,Battle Defensive
Silverstone,High-Speed,17,PIA,Oscar Piastri,McLaren,121.408,38.308,42.11,40.99,4,0.73,0.55,17,1,False,True,Battle Offensive
Silverstone,High-Speed,18,PIA,Oscar Piastri,McLaren,121.462,40.575,44.662,36.226,3,11.01,1.45,18,1,False,True,Battle Defensive
Silverstone,High-Speed,19,PIA,Oscar Piastri,McLaren,120.47,36.9,43.881,39.689,3,14.81,0.83,19,1,False,True,Battle Defensive
Silverstone,High-Speed,20,PIA,Oscar Piastri,McLaren,89.99,30.271,32.112,27.607,3,0.82,0.38,20,1,False,False,Battle Offensive
Silverstone,High-Speed,21,PIA,Oscar Piastri,McLaren,90.38,27.317,32.109,30.954,3,2.59,2.05,21,1,False,False,DRS Train
Silverstone,High-Speed,22,PIA,Oscar Piastri,McLaren,90.521,28.381,33.376,28.765,3,3.68,0.64,22,1,False,False,Battle Defensive
Silverstone,High-Speed,23,PIA,Oscar Piastri,McLaren,89.777,29.251,30.097,30.429,3,0.27,1.72,23,1,False,False,Battle Offensive
Silverstone,High-Speed,24,PIA,Oscar Piastri,McLaren,90.211,30.474,30.288,29.448,3,1.11,0.98,24,1,False,False,Battle Offensive
Silverstone,High-Speed,25,PIA,Oscar Piastri,McLaren,90.351,27.243,32.416,30.692,3,5.83,0.22,25,1,False,False,Battle Defensive
Silverstone,High-Speed,26,PIA,Oscar Piastri,McLaren,110.957,36.547,38.84,35.571,3,2.02,0.29,1,2,True,False,Battle Defensive
Silverstone,High-Speed,27,PIA,Oscar Piastri,McLaren,88.925,28.243,30.733,29.949,3,2.32,0.9,2,2,False,False,Battle Defensive
Silverstone,High-Speed,28,PIA,Oscar Piastri,McLaren,89.239,27.614,29.633,31.992,3,0.12,1.03,3,2,False,False,Battle Offensive
Silverstone,High-Speed,29,PIA,Oscar Piastri,McLaren,89.041,29.515,32.673,26.854,3,13.96,3.33,4,2,False,False,Clean Air
Silverstone,High-Speed,30,PIA,Oscar Piastri,McLaren,89.796,28.151,31.003,30.642,3,2.29,0.52,5,2,False,False,Battle Defensive
Silverstone,High-Speed,31,PIA,Oscar Piastri,McLaren,89.251,28.675,30.083,30.493,3,2.48,3.9,6,2,False,False,DRS Train
Silverstone,High-Speed,32,PIA,Oscar Piastri,McLaren,89.656,28.56,30.235,30.861,3,2.52,0.86,7,2,False,False,Battle Defensive
Silverstone,High-Speed,33,PIA,Oscar Piastri,McLaren,89.619,29.914,30.501,29.204,3,0.1,0.97,8,2,False,False,Battle Offensive
Silverstone,High-Speed,34,PIA,Oscar Piastri,McLaren,89.732,29.275,31.103,29.355,3,0.98,0.67,9,2,False,False,Battle Offensive
Silverstone,High-Speed,35,PIA,Oscar Piastri,McLaren,89.5,27.385,30.854,31.261,3,1.04,2.52,10,2,False,False,Battle Offensive
Silverstone,High-Speed,36,PIA,Oscar Piastri,McLaren,89.39,28.613,31.035,29.742,3,1.34,2.48,11,2,False,False,Battle Offensive
Silverstone,High-Speed,37,PIA,Oscar Piastri,McLaren,89.753,27.768,30.328,31.657,3,2.26,5.38,12,2,False,False,DRS Train
Silverstone,High-Speed,38,PIA,Oscar Piastri,McLaren,90.115,30.378,32.07,27.667,3,0.1,3.07,13,2,False,False,Battle Offensive
Silverstone,High-Speed,39,PIA,Oscar Piastri,McLaren,90.013,29.693,30.947,29.373,3,1.08,1.96,14,2,False,False,Battle Offensive
Silverstone,High-Speed,40,PIA,Oscar Piastri,McLaren,89.781,27.379,29.915,32.487,3,1.85,1.12,15,2,False,False,Battle Defensive
Silverstone,High-Speed,41,PIA,Oscar Piastri,McLaren,89.603,29.904,30.864,28.835,3,10.19,0.15,16,2,False,False,Battle Defensive
Silverstone,High-Speed,42,PIA,Oscar Piastri,McLaren,89.922,28.381,32.029,29.513,3,0.75,4.87,17,2,False,False,Battle Offensive
Silverstone,High-Speed,43,PIA,Oscar Piastri,McLaren,89.621,28.393,29.892,31.337,3,0.15,2.22,18,2,False,False,Battle Offensive
Silverstone,High-Speed,44,PIA,Oscar Piastri,McLaren,90.13,30.46,30.007,29.663,3,0.56,0.42,19,2,False,False,Battle Offensive
Silverstone,High-Speed,45,PIA,Oscar Piastri,McLaren,90.24,27.136,30.687,32.418,3,1.82,5.16,20,2,False,False,DRS Train
Silverstone,High-Speed,46,PIA,Oscar Piastri,McLaren,89.831,28.683,31.294,29.854,3,0.93,2.4,21,2,False,False,Battle Offensive
Silverstone,High-Speed,47,PIA,Oscar Piastri,McLaren,90.505,30.395,30.731,29.379,3,3.97,1.41,22,2,False,False,Battle Defensive
Silverstone,High-Speed,48,PIA,Oscar Piastri,McLaren,90.333,29.456,32.368,28.508,3,0.56,1.71,23,2,False,False,Battle Offensive
Silverstone,High-Speed,49,PIA,Oscar Piastri,McLaren,90.846,28.507,32.414,29.925,3,1.29,8.53,24,2,False,False,Battle Offensive
Silverstone,High-Speed,50,PIA,Oscar Piastri,McLaren,90.758,29.708,30.928,30.122,3,0.75,0.7,25,2,False,False,Battle Offensive
Silverstone,High-Speed,51,PIA,Oscar Piastri,McLaren,90.928,28.224,31.1,31.605,3,2.27,0.86,26,2,False,False,Battle Defensive
Silverstone,High-Speed,52,PIA,Oscar Piastri,McLaren,90.657,28.621,31.349,30.687,3,2.71,2.97,27,2,False,False,DRS Train
Silverstone,High-Speed,1,ALO,Fernando Alonso,Aston Martin,89.493,27.414,29.61,32.469,7,2.95,0.24,1,1,False,False,Battle Defensive
Silverstone,High-Speed,2,ALO,Fernando Alonso,Aston Martin,89.451,29.247,29.674,30.531,7,3.84,0.19,2,1,False,False,Battle Defensive
Silverstone,High-Speed,3,ALO,Fernando Alonso,Aston Martin,89.556,27.473,32.166,29.916,7,2.99,0.64,3,1,False,False,Battle Defensive
Silverstone,High-Speed,4,ALO,Fernando Alonso,Aston Martin,89.382,28.166,32.412,28.804,7,0.68,1.05,4,1,False,False,Battle Offensive
Silverstone,High-Speed,5,ALO,Fernando Alonso,Aston Martin,89.071,29.029,32.836,27.206,7,1.96,1.16,5,1,False,False,Battle Defensive
Silverstone,High-Speed,6,ALO,Fernando Alonso,Aston Martin,89.447,27.966,29.865,31.616,7,1.79,10.83,6,1,False,False,DRS Train
Silverstone,High-Speed,7,ALO,Fernando Alonso,Aston Martin,89.547,29.421,31.743,28.383,7,0.33,0.88,7,1,False,False,Battle Offensive
Silverstone,High-Speed,8,ALO,Fernando Alonso,Aston Martin,89.701,28.169,30.372,31.16,7,1.39,0.68,8,1,False,False,Battle Offensive
Silverstone,High-Speed,9,ALO,Fernando Alonso,Aston Martin,89.506,30.162,32.113,27.23,8,1.69,5.15,9,1,False,False,DRS Train
Silverstone,High-Speed,10,ALO,Fernando Alonso,Aston Martin,90.002,28.963,31.697,29.342,8,0.3,0.49,10,1,False,False,Battle Offensive
Silverstone,High-Speed,11,ALO,Fernando Alonso,Aston Martin,90.008,27.582,31.177,31.25,7,2.85,0.29,11,1,False,False,Battle Defensive
Silverstone,High-Speed,12,ALO,Fernando Alonso,Aston Martin,89.985,29.925,29.79,30.271,7,2.71,2.51,12,1,False,False,DRS Train
Silverstone,High-Speed,13,ALO,Fernando Alonso,Aston Martin,89.92,27.173,31.44,31.308,7,1.97,2.64,13,1,False,False,DRS Train
Silverstone,High-Speed,14,ALO,Fernando Alonso,Aston Martin,89.852,30.419,33.054,26.379,7,0.24,0.44,14,1,False,False,Battle Offensive
Silverstone,High-Speed,15,ALO,Fernando Alonso,Aston Martin,89.902,28.804,32.915,28.184,7,1.91,4.23,15,1,False,False,DRS Train
Silverstone,High-Speed,16,ALO,Fernando Alonso,Aston Martin,89.896,27.626,32.887,29.383,7,5.98,1.86,16,1,False,False,Clean Air
Silverstone,High-Speed,17,ALO,Fernando Alonso,Aston Martin,120.496,39.362,43.706,37.428,7,3.41,0.28,17,1,False,True,Battle Defensive
Silverstone,High-Speed,18,ALO,Fernando Alonso,Aston Martin,117.874,39.159,41.978,36.737,7,0.44,0.79,18,1,False,True,Battle Offensive
Silverstone,High-Speed,19,ALO,Fernando Alonso,Aston Martin,123.916,39.172,44.474,40.27,7,1.43,2.64,19,1,False,True,Battle Offensive
Silverstone,High-Speed,20,ALO,Fernando Alonso,Aston Martin,90.381,28.366,31.727,30.288,7,0.61,2.01,20,1,False,False,Battle Offensive
Silverstone,High-Speed,21,ALO,Fernando Alonso,Aston Martin,90.249,27.732,30.952,31.566,7,0.66,0.12,21,1,False,False,Battle Offensive
Silverstone,High-Speed,22,ALO,Fernando Alonso,Aston Martin,90.877,29.051,32.655,29.171,7,1.38,5.84,22,1,False,False,Battle Offensive
Silverstone,High-Speed,23,ALO,Fernando Alonso,Aston Martin,90.412,28.893,30.183,31.336,7,2.09,0.79,23,1,False,False,Battle Defensive
Silverstone,High-Speed,24,ALO,Fernando Alonso,Aston Martin,90.34,29.445,30.86,30.035,7,4.38,0.2,24,1,False,False,Battle Defensive
Silverstone,High-Speed,25,ALO,Fernando Alonso,Aston Martin,111.365,37.628,38.347,35.389,7,4.67,1.7,1,2,True,False,Clean Air
Silverstone,High-Speed,26,ALO,Fernando Alonso,Aston Martin,89.53,29.98,31.377,28.174,7,0.38,0.99,2,2,False,False,Battle Offensive
Silverstone,High-Speed,27,ALO,Fernando Alonso,Aston Martin,89.43,29.938,31.813,27.679,7,0.61,0.1,3,2,False,False,Battle Offensive
Silverstone,High-Speed,28,ALO,Fernando Alonso,Aston Martin,89.712,29.491,30.856,29.365,7,0.65,0.43,4,2,False,False,Battle Offensive
Silverstone,High-Speed,29,ALO,Fernando Alonso,Aston Martin,89.616,29.087,31.09,29.438,7,17.67,3.45,5,2,False,False,Clean Air
Silverstone,High-Speed,30,ALO,Fernando Alonso,Aston Martin,89.856,27.258,32.833,29.764,7,0.1,1.26,6,2,False,False,Battle Offensive
Silverstone,High-Speed,31,ALO,Fernando Alonso,Aston Martin,89.571,28.823,31.319,29.429,7,0.78,0.7,7,2,False,False,Battle Offensive
Silverstone,High-Speed,32,ALO,Fernando Alonso,Aston Martin,90.019,29.466,31.44,29.113,7,3.81,0.48,8,2,False,False,Battle Defensive
Silverstone,High-Speed,33,ALO,Fernando Alonso,Aston Martin,89.692,29.56,29.872,30.26,7,2.75,0.21,9,2,False,False,Battle Defensive
Silverstone,High-Speed,34,ALO,Fernando Alonso,Aston Martin,90.338,30.555,33.162,26.622,7,3.38,1.0,10,2,False,False,Battle Defensive
Silverstone,High-Speed,35,ALO,Fernando Alonso,Aston Martin,89.588,28.002,30.905,30.681,7,0.76,0.66,11,2,False,False,Battle Offensive
Silverstone,High-Speed,36,ALO,Fernando Alonso,Aston Martin,89.941,27.098,29.852,32.991,7,3.33,4.21,12,2,False,False,Clean Air
Silverstone,High-Speed,37,ALO,Fernando Alonso,Aston Martin,90.328,30.203,33.122,27.004,7,2.16,0.14,13,2,False,False,Battle Defensive
Silverstone,High-Speed,38,ALO,Fernando Alonso,Aston Martin,90.119,28.899,33.002,28.218,7,1.73,1.97,14,2,False,False,DRS Train
Silverstone,High-Speed,39,ALO,Fernando Alonso,Aston Martin,89.811,29.847,31.836,28.129,7,4.62,0.29,15,2,False,False,Battle Defensive
Silverstone,High-Speed,40,ALO,Fernando Alonso,Aston Martin,90.513,28.701,33.126,28.687,7,0.54,1.6,16,2,False,False,Battle Offensive
Silverstone,High-Speed,41,ALO,Fernando Alonso,Aston Martin,90.732,30.136,30.723,29.873,7,0.16,6.38,17,2,False,False,Battle Offensive
Silverstone,High-Speed,42,ALO,Fernando Alonso,Aston Martin,90.527,30.258,33.113,27.156,7,1.87,0.69,18,2,False,False,Battle Defensive
Silverstone,High-Speed,43,ALO,Fernando Alonso,Aston Martin,90.535,28.669,31.015,30.85,7,1.99,1.21,19,2,False,False,Battle Defensive
Silverstone,High-Speed,44,ALO,Fernando Alonso,Aston Martin,90.25,28.859,31.907,29.484,7,1.23,1.43,20,2,False,False,Battle Offensive
Silverstone,High-Speed,45,ALO,Fernando Alonso,Aston Martin,90.068,29.123,29.876,31.069,7,5.26,7.78,21,2,False,False,Clean Air
Silverstone,High-Speed,46,ALO,Fernando Alonso,Aston Martin,90.653,30.199,32.786,27.668,7,0.39,0.46,22,2,False,False,Battle Offensive
Silverstone,High-Speed,47,ALO,Fernando Alonso,Aston Martin,90.49,29.765,30.118,30.608,7,5.36,8.55,23,2,False,False,Clean Air
Silverstone,High-Speed,48,ALO,Fernando Alonso,Aston Martin,90.522,29.274,29.916,31.331,7,2.86,2.9,24,2,False,False,DRS Train
Silverstone,High-Speed,49,ALO,Fernando Alonso,Aston Martin,90.528,27.897,30.311,32.32,7,1.84,4.25,25,2,False,False,DRS Train
Silverstone,High-Speed,50,ALO,Fernando Alonso,Aston Martin,90.608,27.569,31.894,31.145,7,1.79,0.21,26,2,False,False,Battle Defensive
Silverstone,High-Speed,51,ALO,Fernando Alonso,Aston Martin,90.601,29.327,32.335,28.939,7,2.13,4.56,27,2,False,False,DRS Train
Silverstone,High-Speed,52,ALO,Fernando Alonso,Aston Martin,90.941,29.586,32.479,28.875,7,0.1,4.83,28,2,False,False,Battle Offensive
Silverstone,High-Speed,1,STR,Lance Stroll,Aston Martin,90.197,29.607,33.351,27.239,11,0.99,1.18,1,1,False,False,Battle Offensive
Silverstone,High-Speed,2,STR,Lance Stroll,Aston Martin,90.112,28.641,30.862,30.609,11,2.91,0.1,2,1,False,False,Battle Defensive
Silverstone,High-Speed,3,STR,Lance Stroll,Aston Martin,89.394,27.582,31.885,29.927,11,1.19,2.51,3,1,False,False,Battle Offensive
Silverstone,High-Speed,4,STR,Lance Stroll,Aston Martin,90.5,27.481,31.431,31.588,11,2.77,5.78,4,1,False,False,DRS Train
Silverstone,High-Speed,5,STR,Lance Stroll,Aston Martin,89.846,28.892,31.185,29.769,11,1.75,4.18,5,1,False,False,DRS Train
Silverstone,High-Speed,6,STR,Lance Stroll,Aston Martin,89.656,29.089,31.462,29.105,11,9.0,2.05,6,1,False,False,Clean Air
Silverstone,High-Speed,7,STR,Lance Stroll,Aston Martin,90.884,27.515,31.308,32.061,11,0.1,4.43,7,1,False,False,Battle Offensive
Silverstone,High-Speed,8,STR,Lance Stroll,Aston Martin,89.923,30.205,29.811,29.906,11,1.49,1.1,8,1,False,False,Battle Offensive
Silverstone,High-Speed,9,STR,Lance Stroll,Aston Martin,89.997,28.621,30.892,30.483,11,7.63,2.73,9,1,False,False,Clean Air
Silverstone,High-Speed,10,STR,Lance Stroll,Aston Martin,89.822,29.585,32.253,27.984,11,7.9,4.32,10,1,False,False,Clean Air
Silverstone,High-Speed,11,STR,Lance Stroll,Aston Martin,89.997,27.227,32.563,30.208,11,1.38,6.47,11,1,False,False,Battle Offensive
Silverstone,High-Speed,12,STR,Lance Stroll,Aston Martin,90.609,28.078,30.84,31.691,11,0.45,0.1,12,1,False,False,Battle Offensive
Silverstone,High-Speed,13,STR,Lance Stroll,Aston Martin,90.119,27.708,30.172,32.239,11,5.21,1.81,13,1,False,False,Clean Air
Silverstone,High-Speed,14,STR,Lance Stroll,Aston Martin,90.197,30.517,30.065,29.616,10,5.11,7.01,14,1,False,False,Clean Air
Silverstone,High-Speed,15,STR,Lance Stroll,Aston Martin,90.5,27.739,30.597,32.164,11,2.58,8.96,15,1,False,False,DRS Train
Silverstone,High-Speed,16,STR,Lance Stroll,Aston Martin,111.731,37.217,39.934,34.58,11,3.37,2.71,1,2,True,False,Clean Air
Silverstone,High-Speed,17,STR,Lance Stroll,Aston Martin,116.089,38.55,41.544,35.994,11,3.41,1.6,2,2,False,True,Clean Air
Silverstone,High-Speed,18,STR,Lance Stroll,Aston Martin,118.037,39.916,42.969,35.152,11,5.85,0.26,3,2,False,True,Battle Defensive
Silverstone,High-Speed,19,STR,Lance Stroll,Aston Martin,123.739,41.909,41.183,40.648,11,0.87,0.1,4,2,False,True,Battle Offensive
Silverstone,High-Speed,20,STR,Lance Stroll,Aston Martin,89.876,29.34,32.188,28.348,12,0.24,1.19,5,2,False,False,Battle Offensive
Silverstone,High-Speed,21,STR,Lance Stroll,Aston Martin,90.427,28.753,33.074,28.599,11,0.37,4.19,6,2,False,False,Battle Offensive
Silverstone,High-Speed,22,STR,Lance Stroll,Aston Martin,90.576,30.06,32.097,28.418,11,1.2,6.75,7,2,False,False,Battle Offensive
Silverstone,High-Speed,23,STR,Lance Stroll,Aston Martin,90.11,29.679,30.765,29.666,11,0.31,0.86,8,2,False,False,Battle Offensive
Silverstone,High-Speed,24,STR,Lance Stroll,Aston Martin,90.16,29.943,32.138,28.079,11,0.1,3.89,9,2,False,False,Battle Offensive
Silverstone,High-Speed,25,STR,Lance Stroll,Aston Martin,89.637,29.932,31.314,28.391,11,0.98,1.82,10,2,False,False,Battle Offensive
Silverstone,High-Speed,26,STR,Lance Stroll,Aston Martin,90.841,29.336,32.051,29.454,11,1.85,0.61,11,2,False,False,Battle Defensive
Silverstone,High-Speed,27,STR,Lance Stroll,Aston Martin,90.2,27.39,30.501,32.309,11,6.14,1.87,12,2,False,False,Clean Air
Silverstone,High-Speed,28,STR,Lance Stroll,Aston Martin,90.166,30.415,32.351,27.401,11,0.1,1.8,13,2,False,False,Battle Offensive
Silverstone,High-Speed,29,STR,Lance Stroll,Aston Martin,91.205,30.856,32.825,27.524,11,0.1,4.18,14,2,False,False,Battle Offensive
Silverstone,High-Speed,30,STR,Lance Stroll,Aston Martin,91.446,28.61,32.263,30.573,12,4.74,1.09,15,2,False,False,Battle Defensive
Silverstone,High-Speed,31,STR,Lance Stroll,Aston Martin,90.513,29.481,30.242,30.789,11,1.17,3.36,16,2,False,False,Battle Offensive
Silverstone,High-Speed,32,STR,Lance Stroll,Aston Martin,90.554,28.095,31.8,30.659,11,5.87,2.1,17,2,False,False,Clean Air
Silverstone,High-Speed,33,STR,Lance Stroll,Aston Martin,90.793,28.329,33.09,29.373,11,8.08,0.23,18,2,False,False,Battle Defensive
Silverstone,High-Speed,34,STR,Lance Stroll,Aston Martin,90.946,28.566,30.292,32.088,11,0.66,1.02,19,2,False,False,Battle Offensive
Silverstone,High-Speed,35,STR,Lance Stroll,Aston Martin,90.604,30.185,32.603,27.817,11,3.5,3.24,20,2,False,False,Clean Air
Silverstone,High-Speed,36,STR,Lance Stroll,Aston Martin,112.219,35.454,37.407,39.358,11,2.49,1.39,1,3,True,False,Battle Defensive
Silverstone,High-Speed,37,STR,Lance Stroll,Aston Martin,89.054,29.567,31.113,28.373,11,0.81,0.63,2,3,False,False,Battle Offensive
Silverstone,High-Speed,38,STR,Lance Stroll,Aston Martin,89.162,29.631,32.17,27.361,11,2.13,0.4,3,3,False,False,Battle Defensive
Silverstone,High-Speed,39,STR,Lance Stroll,Aston Martin,89.762,29.438,32.499,27.825,11,0.7,11.11,4,3,False,False,Battle Offensive
Silverstone,High-Speed,40,STR,Lance Stroll,Aston Martin,89.825,29.234,32.694,27.897,11,3.19,3.01,5,3,False,False,Clean Air
Silverstone,High-Speed,41,STR,Lance Stroll,Aston Martin,89.534,27.388,31.358,30.789,11,2.77,3.3,6,3,False,False,DRS Train
Silverstone,High-Speed,42,STR,Lance Stroll,Aston Martin,90.227,29.288,32.29,28.649,11,2.36,3.86,7,3,False,False,DRS Train
Silverstone,High-Speed,43,STR,Lance Stroll,Aston Martin,91.159,30.685,33.358,27.116,11,0.87,1.99,8,3,False,False,Battle Offensive
Silverstone,High-Speed,44,STR,Lance Stroll,Aston Martin,90.007,27.977,31.241,30.789,11,8.93,4.47,9,3,False,False,Clean Air
Silverstone,High-Speed,45,STR,Lance Stroll,Aston Martin,90.519,28.261,30.676,31.582,11,0.94,3.59,10,3,False,False,Battle Offensive
Silverstone,High-Speed,46,STR,Lance Stroll,Aston Martin,90.075,29.606,30.995,29.474,12,0.6,1.32,11,3,False,False,Battle Offensive
Silverstone,High-Speed,47,STR,Lance Stroll,Aston Martin,90.072,29.87,31.765,28.437,11,1.3,0.27,12,3,False,False,Battle Offensive
Silverstone,High-Speed,48,STR,Lance Stroll,Aston Martin,90.215,28.955,31.628,29.632,11,3.22,1.36,13,3,False,False,Battle Defensive
Silverstone,High-Speed,49,STR,Lance Stroll,Aston Martin,90.198,27.578,32.01,30.61,11,4.47,3.47,14,3,False,False,Clean Air
Silverstone,High-Speed,50,STR,Lance Stroll,Aston Martin,90.586,28.461,30.005,32.12,11,1.2,0.36,15,3,False,False,Battle Offensive
Silverstone,High-Speed,51,STR,Lance Stroll,Aston Martin,90.572,27.666,31.948,30.958,11,1.93,6.42,16,3,False,False,DRS Train
Silverstone,High-Speed,52,STR,Lance Stroll,Aston Martin,91.559,30.256,33.037,28.266,11,0.24,2.19,17,3,False,False,Battle Offensive
Silverstone,High-Speed,1,GAS,Pierre Gasly,Alpine,90.075,30.458,30.009,29.608,10,2.72,0.61,1,1,False,False,Battle Defensive
Silverstone,High-Speed,2,GAS,Pierre Gasly,Alpine,90.212,30.548,30.422,29.243,10,0.64,1.76,2,1,False,False,Battle Offensive
Silverstone,High-Speed,3,GAS,Pierre Gasly,Alpine,89.656,29.703,29.669,30.284,10,2.26,1.39,3,1,False,False,Battle Defensive
Silverstone,High-Speed,4,GAS,Pierre Gasly,Alpine,90.463,27.78,30.911,31.772,10,1.23,3.48,4,1,False,False,Battle Offensive
Silverstone,High-Speed,5,GAS,Pierre Gasly,Alpine,89.313,29.853,31.342,28.117,10,2.0,0.96,5,1,False,False,Battle Defensive
Silverstone,High-Speed,6,GAS,Pierre Gasly,Alpine,89.876,27.759,31.024,31.092,10,1.31,1.81,6,1,False,False,Battle Offensive
Silverstone,High-Speed,7,GAS,Pierre Gasly,Alpine,90.38,28.928,32.081,29.37,10,1.12,1.24,7,1,False,False,Battle Offensive
Silverstone,High-Speed,8,GAS,Pierre Gasly,Alpine,89.912,30.15,31.689,28.073,10,1.98,1.48,8,1,False,False,Battle Defensive
Silverstone,High-Speed,9,GAS,Pierre Gasly,Alpine,90.468,29.866,31.423,29.18,10,2.35,5.2,9,1,False,False,DRS Train
Silverstone,High-Speed,10,GAS,Pierre Gasly,Alpine,90.559,29.325,32.7,28.535,10,0.24,4.42,10,1,False,False,Battle Offensive
Silverstone,High-Speed,11,GAS,Pierre Gasly,Alpine,90.58,29.379,33.144,28.057,10,1.76,1.78,11,1,False,False,DRS Train
Silverstone,High-Speed,12,GAS,Pierre Gasly,Alpine,90.177,29.954,31.742,28.481,10,0.1,2.38,12,1,False,False,Battle Offensive
Silverstone,High-Speed,13,GAS,Pierre Gasly,Alpine,90.46,29.346,30.467,30.647,10,0.79,3.86,13,1,False,False,Battle Offensive
Silverstone,High-Speed,14,GAS,Pierre Gasly,Alpine,112.06,34.769,38.972,38.32,10,0.1,3.3,1,2,True,False,Battle Offensive
Silverstone,High-Speed,15,GAS,Pierre Gasly,Alpine,90.562,27.584,32.715,30.263,10,2.69,1.45,2,2,False,False,Battle Defensive
Silverstone,High-Speed,16,GAS,Pierre Gasly,Alpine,89.867,27.779,32.551,29.537,10,0.42,0.78,3,2,False,False,Battle Offensive
Silverstone,High-Speed,17,GAS,Pierre Gasly,Alpine,115.005,38.158,42.398,34.448,10,2.54,2.08,4,2,False,True,DRS Train
Silverstone,High-Speed,18,GAS,Pierre Gasly,Alpine,117.962,37.653,43.484,36.825,10,0.57,0.98,5,2,False,True,Battle Offensive
Silverstone,High-Speed,19,GAS,Pierre Gasly,Alpine,119.535,37.535,43.137,38.863,10,0.69,3.19,6,2,False,True,Battle Offensive
Silverstone,High-Speed,20,GAS,Pierre Gasly,Alpine,90.853,30.449,32.83,27.575,10,3.78,0.67,7,2,False,False,Battle Defensive
Silverstone,High-Speed,21,GAS,Pierre Gasly,Alpine,90.222,27.648,33.312,29.262,10,1.31,10.02,8,2,False,False,Battle Offensive
Silverstone,High-Speed,22,GAS,Pierre Gasly,Alpine,90.682,28.264,31.701,30.717,10,0.17,3.6,9,2,False,False,Battle Offensive
Silverstone,High-Speed,23,GAS,Pierre Gasly,Alpine,89.877,27.548,30.486,31.843,10,0.29,1.59,10,2,False,False,Battle Offensive
Silverstone,High-Speed,24,GAS,Pierre Gasly,Alpine,90.399,27.654,29.927,32.819,9,1.91,2.47,11,2,False,False,DRS Train
Silverstone,High-Speed,25,GAS,Pierre Gasly,Alpine,90.408,27.417,31.576,31.414,10,11.49,0.82,12,2,False,False,Battle Defensive
Silverstone,High-Speed,26,GAS,Pierre Gasly,Alpine,90.735,30.474,30.476,29.785,10,1.44,6.8,13,2,False,False,Battle Offensive
Silverstone,High-Speed,27,GAS,Pierre Gasly,Alpine,90.264,28.239,31.315,30.71,10,0.65,0.28,14,2,False,False,Battle Offensive
Silverstone,High-Speed,28,GAS,Pierre Gasly,Alpine,90.602,27.416,31.305,31.881,10,0.96,1.87,15,2,False,False,Battle Offensive
Silverstone,High-Speed,29,GAS,Pierre Gasly,Alpine,90.586,28.86,32.102,29.625,10,0.39,0.65,16,2,False,False,Battle Offensive
Silverstone,High-Speed,30,GAS,Pierre Gasly,Alpine,90.52,28.876,31.278,30.366,10,10.59,1.14,17,2,False,False,Battle Defensive
Silverstone,High-Speed,31,GAS,Pierre Gasly,Alpine,90.859,29.767,30.512,30.58,10,1.05,0.1,18,2,False,False,Battle Offensive
Silverstone,High-Speed,32,GAS,Pierre Gasly,Alpine,90.753,28.874,31.858,30.02,10,3.01,0.4,19,2,False,False,Battle Defensive
Silverstone,High-Speed,33,GAS,Pierre Gasly,Alpine,90.673,28.943,32.115,29.615,10,4.75,6.71,20,2,False,False,Clean Air
Silverstone,High-Speed,34,GAS,Pierre Gasly,Alpine,111.47,37.546,37.127,36.796,10,1.63,6.81,1,3,True,False,DRS Train
Silverstone,High-Speed,35,GAS,Pierre Gasly,Alpine,90.083,27.53,31.172,31.382,10,1.76,2.96,2,3,False,False,DRS Train
Silverstone,High-Speed,36,GAS,Pierre Gasly,Alpine,90.158,29.714,31.704,28.741,10,0.2,1.97,3,3,False,False,Battle Offensive
Silverstone,High-Speed,37,GAS,Pierre Gasly,Alpine,90.285,27.754,31.798,30.733,10,2.06,2.27,4,3,False,False,DRS Train
Silverstone,High-Speed,38,GAS,Pierre Gasly,Alpine,89.905,29.284,31.086,29.534,10,3.2,5.86,5,3,False,False,Clean Air
Silverstone,High-Speed,39,GAS,Pierre Gasly,Alpine,90.087,28.895,32.536,28.656,10,1.58,5.92,6,3,False,False,DRS Train
Silverstone,High-Speed,40,GAS,Pierre Gasly,Alpine,90.087,30.114,31.697,28.276,10,1.52,3.13,7,3,False,False,DRS Train
Silverstone,High-Speed,41,GAS,Pierre Gasly,Alpine,90.391,30.448,30.739,29.204,10,1.33,0.29,8,3,False,False,Battle Offensive
Silverstone,High-Speed,42,GAS,Pierre Gasly,Alpine,90.314,29.094,30.123,31.097,10,2.93,8.06,9,3,False,False,DRS Train
Silverstone,High-Speed,43,GAS,Pierre Gasly,Alpine,90.299,29.921,32.619,27.758,10,3.27,2.3,10,3,False,False,Clean Air
Silverstone,High-Speed,44,GAS,Pierre Gasly,Alpine,90.008,28.655,32.538,28.814,10,6.55,11.5,11,3,False,False,Clean Air
Silverstone,High-Speed,45,GAS,Pierre Gasly,Alpine,90.43,28.942,31.176,30.312,10,0.1,0.15,12,3,False,False,Battle Offensive
Silverstone,High-Speed,46,GAS,Pierre Gasly,Alpine,90.624,28.501,32.231,29.892,10,0.97,0.77,13,3,False,False,Battle Offensive
Silverstone,High-Speed,47,GAS,Pierre Gasly,Alpine,90.322,29.924,32.364,28.035,10,0.79,3.96,14,3,False,False,Battle Offensive
Silverstone,High-Speed,48,GAS,Pierre Gasly,Alpine,90.383,28.298,32.206,29.879,10,4.56,3.75,15,3,False,False,Clean Air
Silverstone,High-Speed,49,GAS,Pierre Gasly,Alpine,90.436,28.656,31.451,30.328,10,0.1,1.24,16,3,False,False,Battle Offensive
Silverstone,High-Speed,50,GAS,Pierre Gasly,Alpine,90.944,29.885,31.356,29.704,10,0.12,1.12,17,3,False,False,Battle Offensive
Silverstone,High-Speed,51,GAS,Pierre Gasly,Alpine,90.392,30.549,33.408,26.435,10,7.52,0.29,18,3,False,False,Battle Defensive
Silverstone,High-Speed,52,GAS,Pierre Gasly,Alpine,91.182,29.667,33.278,28.237,10,1.65,1.58,19,3,False,False,DRS Train
Silverstone,High-Speed,1,OCO,Esteban Ocon,Alpine,89.86,27.017,30.28,32.564,12,1.55,2.55,1,1,False,False,DRS Train
Silverstone,High-Speed,2,OCO,Esteban Ocon,Alpine,89.623,28.123,29.951,31.548,11,1.68,4.32,2,1,False,False,DRS Train
Silverstone,High-Speed,3,OCO,Esteban Ocon,Alpine,89.696,28.946,32.596,28.154,12,1.07,13.17,3,1,False,False,Battle Offensive
Silverstone,High-Speed,4,OCO,Esteban Ocon,Alpine,89.342,30.281,33.022,26.039,12,0.53,3.09,4,1,False,False,Battle Offensive
Silverstone,High-Speed,5,OCO,Esteban Ocon,Alpine,90.589,27.245,32.472,30.873,12,1.76,1.88,5,1,False,False,DRS Train
Silverstone,High-Speed,6,OCO,Esteban Ocon,Alpine,91.141,29.83,30.388,30.923,12,3.12,0.31,6,1,False,False,Battle Defensive
Silverstone,High-Speed,7,OCO,Esteban Ocon,Alpine,90.205,29.195,33.264,27.746,12,1.77,3.71,7,1,False,False,DRS Train
Silverstone,High-Speed,8,OCO,Esteban Ocon,Alpine,90.757,28.251,30.995,31.511,12,0.43,4.79,8,1,False,False,Battle Offensive
Silverstone,High-Speed,9,OCO,Esteban Ocon,Alpine,90.614,29.51,33.073,28.031,12,0.16,2.29,9,1,False,False,Battle Offensive
Silverstone,High-Speed,10,OCO,Esteban Ocon,Alpine,90.55,28.677,33.404,28.47,12,3.84,0.3,10,1,False,False,Battle Defensive
Silverstone,High-Speed,11,OCO,Esteban Ocon,Alpine,90.109,28.074,31.002,31.032,12,5.01,1.92,11,1,False,False,Clean Air
Silverstone,High-Speed,12,OCO,Esteban Ocon,Alpine,90.191,27.731,32.788,29.672,12,0.7,2.35,12,1,False,False,Battle Offensive
Silverstone,High-Speed,13,OCO,Esteban Ocon,Alpine,90.302,29.046,32.019,29.237,12,3.38,6.68,13,1,False,False,Clean Air
Silverstone,High-Speed,14,OCO,Esteban Ocon,Alpine,90.244,29.449,31.342,29.453,12,1.64,2.28,14,1,False,False,DRS Train
Silverstone,High-Speed,15,OCO,Esteban Ocon,Alpine,90.996,29.732,33.105,28.159,12,1.01,0.9,15,1,False,False,Battle Offensive
Silverstone,High-Speed,16,OCO,Esteban Ocon,Alpine,90.398,29.79,30.894,29.714,12,1.09,0.12,16,1,False,False,Battle Offensive
Silverstone,High-Speed,17,OCO,Esteban Ocon,Alpine,115.819,35.502,41.189,39.128,12,0.31,1.0,17,1,False,True,Battle Offensive
Silverstone,High-Speed,18,OCO,Esteban Ocon,Alpine,117.577,35.368,42.414,39.795,12,4.2,1.07,18,1,False,True,Battle Defensive
Silverstone,High-Speed,19,OCO,Esteban Ocon,Alpine,117.09,35.994,43.192,37.904,12,3.08,4.41,19,1,False,True,Clean Air
Silverstone,High-Speed,20,OCO,Esteban Ocon,Alpine,112.011,36.145,38.886,36.98,12,0.1,1.09,1,2,True,False,Battle Offensive
Silverstone,High-Speed,21,OCO,Esteban Ocon,Alpine,89.803,29.21,30.506,30.088,12,0.1,0.67,2,2,False,False,Battle Offensive
Silverstone,High-Speed,22,OCO,Esteban Ocon,Alpine,90.148,27.135,31.365,31.648,12,1.57,1.24,3,2,False,False,Battle Defensive
Silverstone,High-Speed,23,OCO,Esteban Ocon,Alpine,89.76,29.466,30.642,29.652,12,2.36,0.96,4,2,False,False,Battle Defensive
Silverstone,High-Speed,24,OCO,Esteban Ocon,Alpine,90.302,27.535,31.503,31.264,12,0.44,0.17,5,2,False,False,Battle Offensive
Silverstone,High-Speed,25,OCO,Esteban Ocon,Alpine,90.137,27.888,32.185,30.064,12,2.47,4.72,6,2,False,False,DRS Train
Silverstone,High-Speed,26,OCO,Esteban Ocon,Alpine,90.106,29.386,30.578,30.141,12,3.13,0.61,7,2,False,False,Battle Defensive
Silverstone,High-Speed,27,OCO,Esteban Ocon,Alpine,89.49,27.684,29.724,32.082,12,0.51,0.1,8,2,False,False,Battle Offensive
Silverstone,High-Speed,28,OCO,Esteban Ocon,Alpine,90.076,27.057,33.207,29.811,12,3.14,4.93,9,2,False,False,Clean Air
Silverstone,High-Speed,29,OCO,Esteban Ocon,Alpine,90.21,30.643,31.983,27.584,12,1.09,1.1,10,2,False,False,Battle Offensive
Silverstone,High-Speed,30,OCO,Esteban Ocon,Alpine,90.504,29.687,31.339,29.478,12,1.56,0.24,11,2,False,False,Battle Defensive
Silverstone,High-Speed,31,OCO,Esteban Ocon,Alpine,90.66,27.423,30.214,33.023,12,0.46,0.86,12,2,False,False,Battle Offensive
Silverstone,High-Speed,32,OCO,Esteban Ocon,Alpine,90.434,30.594,33.29,26.55,12,0.89,1.8,13,2,False,False,Battle Offensive
Silverstone,High-Speed,33,OCO,Esteban Ocon,Alpine,90.412,28.64,30.889,30.883,12,2.16,0.68,14,2,False,False,Battle Defensive
Silverstone,High-Speed,34,OCO,Esteban Ocon,Alpine,90.216,28.99,30.919,30.307,12,4.12,1.64,15,2,False,False,Clean Air
Silverstone,High-Speed,35,OCO,Esteban Ocon,Alpine,111.91,36.681,41.144,34.085,12,1.87,3.79,1,3,True,False,DRS Train
Silverstone,High-Speed,36,OCO,Esteban Ocon,Alpine,90.123,28.425,29.946,31.751,12,2.85,0.28,2,3,False,False,Battle Defensive
Silverstone,High-Speed,37,OCO,Esteban Ocon,Alpine,89.958,30.338,31.107,28.513,12,1.2,5.84,3,3,False,False,Battle Offensive
Silverstone,High-Speed,38,OCO,Esteban Ocon,Alpine,89.782,30.241,30.01,29.53,12,1.55,0.46,4,3,False,False,Battle Defensive
Silverstone,High-Speed,39,OCO,Esteban Ocon,Alpine,90.283,30.27,29.992,30.021,12,0.59,1.16,5,3,False,False,Battle Offensive
Silverstone,High-Speed,40,OCO,Esteban Ocon,Alpine,90.214,27.241,31.198,31.776,12,2.69,1.15,6,3,False,False,Battle Defensive
Silverstone,High-Speed,41,OCO,Esteban Ocon,Alpine,90.631,27.66,32.956,30.015,12,4.81,3.52,7,3,False,False,Clean Air
Silverstone,High-Speed,42,OCO,Esteban Ocon,Alpine,90.215,30.237,32.096,27.882,12,3.87,2.67,8,3,False,False,Clean Air
Silverstone,High-Speed,43,OCO,Esteban Ocon,Alpine,90.359,28.216,31.29,30.853,12,1.16,2.41,9,3,False,False,Battle Offensive
Silverstone,High-Speed,44,OCO,Esteban Ocon,Alpine,90.602,28.516,33.106,28.981,12,0.76,3.58,10,3,False,False,Battle Offensive
Silverstone,High-Speed,45,OCO,Esteban Ocon,Alpine,90.419,28.424,31.788,30.207,12,3.52,0.98,11,3,False,False,Battle Defensive
Silverstone,High-Speed,46,OCO,Esteban Ocon,Alpine,90.457,29.792,31.801,28.863,12,1.28,1.4,12,3,False,False,Battle Offensive
Silverstone,High-Speed,47,OCO,Esteban Ocon,Alpine,90.152,29.929,31.416,28.807,12,0.55,1.94,13,3,False,False,Battle Offensive
Silverstone,High-Speed,48,OCO,Esteban Ocon,Alpine,89.68,29.958,32.136,27.585,12,0.52,3.35,14,3,False,False,Battle Offensive
Silverstone,High-Speed,49,OCO,Esteban Ocon,Alpine,91.149,29.612,32.852,28.685,12,0.1,0.88,15,3,False,False,Battle Offensive
Silverstone,High-Speed,50,OCO,Esteban Ocon,Alpine,90.738,28.682,31.656,30.4,12,4.31,2.59,16,3,False,False,Clean Air
Silverstone,High-Speed,51,OCO,Esteban Ocon,Alpine,90.899,27.92,32.41,30.569,12,0.79,1.05,17,3,False,False,Battle Offensive
Silverstone,High-Speed,52,OCO,Esteban Ocon,Alpine,90.428,30.298,31.743,28.387,12,11.71,4.34,18,3,False,False,Clean Air
Silverstone,High-Speed,1,HUL,Nico Hulkenberg,Haas,89.86,27.928,32.224,29.707,13,5.5,1.0,1,1,False,False,Battle Defensive
Silverstone,High-Speed,2,HUL,Nico Hulkenberg,Haas,89.935,29.756,32.711,27.467,13,5.45,1.51,2,1,False,False,Clean Air
Silverstone,High-Speed,3,HUL,Nico Hulkenberg,Haas,90.491,30.587,31.546,28.358,13,2.46,3.01,3,1,False,False,DRS Train
Silverstone,High-Speed,4,HUL,Nico Hulkenberg,Haas,90.115,30.212,31.356,28.546,13,3.02,3.34,4,1,False,False,Clean Air
Silverstone,High-Speed,5,HUL,Nico Hulkenberg,Haas,90.506,27.654,29.978,32.874,14,0.16,4.65,5,1,False,False,Battle Offensive
Silverstone,High-Speed,6,HUL,Nico Hulkenberg,Haas,90.54,28.703,31.376,30.461,13,3.08,0.35,6,1,False,False,Battle Defensive
Silverstone,High-Speed,7,HUL,Nico Hulkenberg,Haas,90.324,29.509,32.154,28.661,13,1.46,0.21,7,1,False,False,Battle Offensive
Silverstone,High-Speed,8,HUL,Nico Hulkenberg,Haas,90.332,28.79,32.273,29.269,13,1.2,0.15,8,1,False,False,Battle Offensive
Silverstone,High-Speed,9,HUL,Nico Hulkenberg,Haas,89.82,27.808,30.979,31.034,13,6.07,4.36,9,1,False,False,Clean Air
Silverstone,High-Speed,10,HUL,Nico Hulkenberg,Haas,90.322,28.371,31.783,30.168,13,0.29,8.86,10,1,False,False,Battle Offensive
Silverstone,High-Speed,11,HUL,Nico Hulkenberg,Haas,90.297,27.24,31.169,31.888,13,7.53,0.81,11,1,False,False,Battle Defensive
Silverstone,High-Speed,12,HUL,Nico Hulkenberg,Haas,90.039,27.586,31.535,30.917,13,2.44,0.3,12,1,False,False,Battle Defensive
Silverstone,High-Speed,13,HUL,Nico Hulkenberg,Haas,90.707,30.171,33.097,27.439,13,0.25,1.38,13,1,False,False,Battle Offensive
Silverstone,High-Speed,14,HUL,Nico Hulkenberg,Haas,90.182,27.71,32.237,30.235,13,9.0,3.6,14,1,False,False,Clean Air
Silverstone,High-Speed,15,HUL,Nico Hulkenberg,Haas,90.542,28.727,31.365,30.45,13,13.22,1.57,15,1,False,False,Clean Air
Silverstone,High-Speed,16,HUL,Nico Hulkenberg,Haas,90.969,30.503,30.848,29.617,13,1.76,1.14,16,1,False,False,Battle Defensive
Silverstone,High-Speed,17,HUL,Nico Hulkenberg,Haas,118.735,39.047,40.735,38.953,13,0.93,3.24,17,1,False,True,Battle Offensive
Silverstone,High-Speed,18,HUL,Nico Hulkenberg,Haas,119.534,36.656,40.971,41.907,13,2.48,2.7,18,1,False,True,DRS Train
Silverstone,High-Speed,19,HUL,Nico Hulkenberg,Haas,123.704,41.128,44.698,37.878,13,0.1,0.95,19,1,False,True,Battle Offensive
Silverstone,High-Speed,20,HUL,Nico Hulkenberg,Haas,91.056,28.055,31.115,31.886,13,2.87,1.45,20,1,False,False,Battle Defensive
Silverstone,High-Speed,21,HUL,Nico Hulkenberg,Haas,90.895,29.669,31.195,30.031,13,0.49,0.21,21,1,False,False,Battle Offensive
Silverstone,High-Speed,22,HUL,Nico Hulkenberg,Haas,90.882,27.504,32.738,30.641,13,5.24,0.28,22,1,False,False,Battle Defensive
Silverstone,High-Speed,23,HUL,Nico Hulkenberg,Haas,91.272,30.188,32.886,28.197,13,0.64,0.69,23,1,False,False,Battle Offensive
Silverstone,High-Speed,24,HUL,Nico Hulkenberg,Haas,91.425,31.049,33.167,27.21,13,2.78,1.49,24,1,False,False,Battle Defensive
Silverstone,High-Speed,25,HUL,Nico Hulkenberg,Haas,91.265,28.411,30.789,32.065,13,2.12,3.2,25,1,False,False,DRS Train
Silverstone,High-Speed,26,HUL,Nico Hulkenberg,Haas,91.331,29.641,30.33,31.36,13,0.14,2.13,26,1,False,False,Battle Offensive
Silverstone,High-Speed,27,HUL,Nico Hulkenberg,Haas,111.972,34.363,39.129,38.481,13,1.15,2.78,1,2,True,False,Battle Offensive
Silverstone,High-Speed,28,HUL,Nico Hulkenberg,Haas,89.766,27.621,31.741,30.404,13,3.31,3.72,2,2,False,False,Clean Air
Silverstone,High-Speed,29,HUL,Nico Hulkenberg,Haas,90.064,28.099,30.321,31.645,13,3.38,0.96,3,2,False,False,Battle Defensive
Silverstone,High-Speed,30,HUL,Nico Hulkenberg,Haas,90.231,27.425,31.8,31.006,13,2.25,1.11,4,2,False,False,Battle Defensive
Silverstone,High-Speed,31,HUL,Nico Hulkenberg,Haas,90.596,30.19,30.255,30.151,13,0.32,0.59,5,2,False,False,Battle Offensive
Silverstone,High-Speed,32,HUL,Nico Hulkenberg,Haas,89.748,27.212,32.989,29.546,13,3.63,0.91,6,2,False,False,Battle Defensive
Silverstone,High-Speed,33,HUL,Nico Hulkenberg,Haas,90.548,27.489,32.209,30.85,13,1.99,3.88,7,2,False,False,DRS Train
Silverstone,High-Speed,34,HUL,Nico Hulkenberg,Haas,90.199,27.597,31.014,31.587,13,2.48,3.81,8,2,False,False,DRS Train
Silverstone,High-Speed,35,HUL,Nico Hulkenberg,Haas,90.223,30.159,31.766,28.299,13,0.11,3.18,9,2,False,False,Battle Offensive
Silverstone,High-Speed,36,HUL,Nico Hulkenberg,Haas,90.359,30.124,32.202,28.033,13,6.37,1.5,10,2,False,False,Battle Defensive
Silverstone,High-Speed,37,HUL,Nico Hulkenberg,Haas,90.474,29.444,30.535,30.495,12,0.15,7.9,11,2,False,False,Battle Offensive
Silverstone,High-Speed,38,HUL,Nico Hulkenberg,Haas,90.954,29.03,31.061,30.864,13,1.36,2.66,12,2,False,False,Battle Offensive
Silverstone,High-Speed,39,HUL,Nico Hulkenberg,Haas,90.301,30.466,32.677,27.158,13,1.13,4.9,13,2,False,False,Battle Offensive
Silverstone,High-Speed,40,HUL,Nico Hulkenberg,Haas,90.619,28.117,31.017,31.484,13,0.68,2.95,14,2,False,False,Battle Offensive
Silverstone,High-Speed,41,HUL,Nico Hulkenberg,Haas,90.637,30.016,31.726,28.895,13,2.28,0.47,15,2,False,False,Battle Defensive
Silverstone,High-Speed,42,HUL,Nico Hulkenberg,Haas,90.234,28.457,31.741,30.036,13,1.23,8.05,16,2,False,False,Battle Offensive
Silverstone,High-Speed,43,HUL,Nico Hulkenberg,Haas,90.929,29.116,33.114,28.699,13,2.37,1.58,17,2,False,False,DRS Train
Silverstone,High-Speed,44,HUL,Nico Hulkenberg,Haas,91.143,30.158,33.455,27.53,13,7.83,0.77,18,2,False,False,Battle Defensive
Silverstone,High-Speed,45,HUL,Nico Hulkenberg,Haas,90.67,27.766,30.385,32.518,13,0.16,2.47,19,2,False,False,Battle Offensive
Silverstone,High-Speed,46,HUL,Nico Hulkenberg,Haas,90.887,28.48,33.046,29.361,13,0.97,0.46,20,2,False,False,Battle Offensive
Silverstone,High-Speed,47,HUL,Nico Hulkenberg,Haas,91.043,28.067,33.646,29.33,13,2.61,3.1,21,2,False,False,DRS Train
Silverstone,High-Speed,48,HUL,Nico Hulkenberg,Haas,91.213,28.744,32.88,29.588,13,2.71,2.62,22,2,False,False,DRS Train
Silverstone,High-Speed,49,HUL,Nico Hulkenberg,Haas,91.514,28.059,33.702,29.754,13,1.86,0.1,23,2,False,False,Battle Defensive
Silverstone,High-Speed,50,HUL,Nico Hulkenberg,Haas,90.546,30.159,29.915,30.472,13,0.3,2.31,24,2,False,False,Battle Offensive
Silverstone,High-Speed,51,HUL,Nico Hulkenberg,Haas,91.058,27.519,30.234,33.305,13,4.0,2.12,25,2,False,False,Clean Air
Silverstone,High-Speed,52,HUL,Nico Hulkenberg,Haas,91.334,29.189,33.674,28.472,13,5.37,4.6,26,2,False,False,Clean Air
Spa,High-Speed,1,VER,Max Verstappen,Red Bull,106.73,34.445,35.685,36.6,1,,4.16,1,1,False,False,Clean Air
Spa,High-Speed,2,VER,Max Verstappen,Red Bull,106.831,35.653,37.118,34.059,1,,1.82,2,1,False,False,Clean Air
Spa,High-Speed,3,VER,Max Verstappen,Red Bull,106.961,34.511,36.418,36.032,1,,2.15,3,1,False,False,Clean Air
Spa,High-Speed,4,VER,Max Verstappen,Red Bull,107.425,34.213,36.245,36.967,1,,1.26,4,1,False,False,Battle Defensive
Spa,High-Speed,5,VER,Max Verstappen,Red Bull,107.355,35.995,36.062,35.297,1,,0.91,5,1,False,False,Battle Defensive
Spa,High-Speed,6,VER,Max Verstappen,Red Bull,107.139,35.284,37.094,34.761,2,1.82,5.5,6,1,False,False,DRS Train
Spa,High-Speed,7,VER,Max Verstappen,Red Bull,107.257,34.492,35.773,36.992,1,,2.47,7,1,False,False,Clean Air
Spa,High-Speed,8,VER,Max Verstappen,Red Bull,107.409,36.093,39.34,31.976,1,,1.32,8,1,False,False,Battle Defensive
Spa,High-Speed,9,VER,Max Verstappen,Red Bull,107.493,33.948,36.473,37.073,1,,3.16,9,1,False,False,Clean Air
Spa,High-Speed,10,VER,Max Verstappen,Red Bull,107.547,33.612,39.373,34.562,1,,1.01,10,1,False,False,Battle Defensive
Spa,High-Speed,11,VER,Max Verstappen,Red Bull,107.399,35.109,35.632,36.658,1,,0.65,11,1,False,False,Battle Defensive
Spa,High-Speed,12,VER,Max Verstappen,Red Bull,107.431,32.918,39.296,35.216,1,,1.0,12,1,False,False,Battle Defensive
Spa,High-Speed,13,VER,Max Verstappen,Red Bull,107.888,36.523,37.754,33.611,1,,0.87,13,1,False,False,Battle Defensive
Spa,High-Speed,14,VER,Max Verstappen,Red Bull,107.788,34.334,37.457,35.997,1,,2.83,14,1,False,False,Clean Air
Spa,High-Speed,15,VER,Max Verstappen,Red Bull,129.458,43.676,46.761,39.021,1,,1.12,1,2,True,False,Battle Defensive
Spa,High-Speed,16,VER,Max Verstappen,Red Bull,135.827,45.536,48.896,41.396,1,,2.58,2,2,False,True,Clean Air
Spa,High-Speed,17,VER,Max Verstappen,Red Bull,136.149,42.64,45.675,47.834,1,,3.54,3,2,False,True,Clean Air
Spa,High-Speed,18,VER,Max Verstappen,Red Bull,141.676,43.269,48.537,49.87,2,3.23,0.44,4,2,False,True,Battle Defensive
Spa,High-Speed,19,VER,Max Verstappen,Red Bull,107.123,32.935,38.432,35.756,1,,0.3,5,2,False,False,Battle Defensive
Spa,High-Speed,20,VER,Max Verstappen,Red Bull,107.059,32.793,36.342,37.924,1,,2.76,6,2,False,False,Clean Air
Spa,High-Speed,21,VER,Max Verstappen,Red Bull,107.513,36.234,35.731,35.548,1,,1.14,7,2,False,False,Battle Defensive
Spa,High-Speed,22,VER,Max Verstappen,Red Bull,107.114,32.573,38.101,36.44,1,,1.98,8,2,False,False,Clean Air
Spa,High-Speed,23,VER,Max Verstappen,Red Bull,107.145,32.877,39.347,34.921,1,,4.49,9,2,False,False,Clean Air
Spa,High-Speed,24,VER,Max Verstappen,Red Bull,107.318,35.519,38.016,33.783,1,,0.58,10,2,False,False,Battle Defensive
Spa,High-Speed,25,VER,Max Verstappen,Red Bull,107.43,33.174,38.065,36.191,1,,1.71,11,2,False,False,Clean Air
Spa,High-Speed,26,VER,Max Verstappen,Red Bull,128.776,43.576,46.27,38.93,1,,2.45,1,3,True,False,Clean Air
Spa,High-Speed,27,VER,Max Verstappen,Red Bull,107.104,33.433,38.523,35.149,1,,0.29,2,3,False,False,Battle Defensive
Spa,High-Speed,28,VER,Max Verstappen,Red Bull,107.121,34.825,37.411,34.885,1,,2.0,3,3,False,False,Clean Air
Spa,High-Speed,29,VER,Max Verstappen,Red Bull,107.09,35.568,37.43,34.091,1,,4.75,4,3,False,False,Clean Air
Spa,High-Speed,30,VER,Max Verstappen,Red Bull,107.046,33.169,37.498,36.38,1,,1.68,5,3,False,False,Clean Air
Spa,High-Speed,31,VER,Max Verstappen,Red Bull,107.237,34.847,38.988,33.403,1,,1.02,6,3,False,False,Battle Defensive
Spa,High-Speed,32,VER,Max Verstappen,Red Bull,107.284,33.007,39.452,34.824,1,,3.56,7,3,False,False,Clean Air
Spa,High-Speed,33,VER,Max Verstappen,Red Bull,107.248,34.491,38.014,34.743,1,,1.28,8,3,False,False,Battle Defensive
Spa,High-Speed,34,VER,Max Verstappen,Red Bull,107.376,34.169,39.093,34.114,1,,11.85,9,3,False,False,Clean Air
Spa,High-Speed,35,VER,Max Verstappen,Red Bull,107.197,36.22,38.307,32.67,1,,8.45,10,3,False,False,Clean Air
Spa,High-Speed,36,VER,Max Verstappen,Red Bull,107.526,34.916,35.877,36.732,1,,3.2,11,3,False,False,Clean Air
Spa,High-Speed,37,VER,Max Verstappen,Red Bull,107.579,33.81,37.87,35.899,1,,1.58,12,3,False,False,Clean Air
Spa,High-Speed,38,VER,Max Verstappen,Red Bull,107.735,34.321,37.267,36.146,1,,1.81,13,3,False,False,Clean Air
Spa,High-Speed,39,VER,Max Verstappen,Red Bull,107.761,35.979,36.974,34.807,1,,0.75,14,3,False,False,Battle Defensive
Spa,High-Speed,40,VER,Max Verstappen,Red Bull,107.683,33.783,39.053,34.847,1,,3.03,15,3,False,False,Clean Air
Spa,High-Speed,41,VER,Max Verstappen,Red Bull,107.935,35.401,39.795,32.738,1,,8.53,16,3,False,False,Clean Air
Spa,High-Speed,42,VER,Max Verstappen,Red Bull,107.849,34.665,35.661,37.523,1,,4.17,17,3,False,False,Clean Air
Spa,High-Speed,43,VER,Max Verstappen,Red Bull,107.94,34.556,39.279,34.104,1,,0.72,18,3,False,False,Battle Defensive
Spa,High-Speed,44,VER,Max Verstappen,Red Bull,108.075,34.584,39.508,33.983,1,,6.58,19,3,False,False,Clean Air
Spa,High-Speed,1,NOR,Lando Norris,McLaren,106.647,34.822,39.438,32.387,5,6.2,1.23,1,1,False,False,Battle Defensive
Spa,High-Speed,2,NOR,Lando Norris,McLaren,107.191,32.374,37.746,37.07,5,0.1,5.75,2,1,False,False,Battle Offensive
Spa,High-Speed,3,NOR,Lando Norris,McLaren,107.076,34.636,38.16,34.279,5,3.69,0.61,3,1,False,False,Battle Defensive
Spa,High-Speed,4,NOR,Lando Norris,McLaren,106.88,35.844,38.638,32.398,5,0.1,0.69,4,1,False,False,Battle Offensive
Spa,High-Speed,5,NOR,Lando Norris,McLaren,107.448,34.791,38.829,33.828,5,3.02,4.64,5,1,False,False,Clean Air
Spa,High-Speed,6,NOR,Lando Norris,McLaren,107.917,35.848,39.161,32.907,5,0.94,3.42,6,1,False,False,Battle Offensive
Spa,High-Speed,7,NOR,Lando Norris,McLaren,107.502,36.062,38.274,33.166,5,1.6,0.53,7,1,False,False,Battle Defensive
Spa,High-Speed,8,NOR,Lando Norris,McLaren,107.573,35.249,39.329,32.995,5,2.26,3.75,8,1,False,False,DRS Train
Spa,High-Speed,9,NOR,Lando Norris,McLaren,107.71,34.154,37.364,36.192,5,5.18,9.54,9,1,False,False,Clean Air
Spa,High-Speed,10,NOR,Lando Norris,McLaren,107.842,33.441,35.894,38.507,5,0.73,4.26,10,1,False,False,Battle Offensive
Spa,High-Speed,11,NOR,Lando Norris,McLaren,107.72,36.426,36.748,34.546,5,0.76,0.34,11,1,False,False,Battle Offensive
Spa,High-Speed,12,NOR,Lando Norris,McLaren,108.4,35.579,39.366,33.455,5,1.47,5.72,12,1,False,False,Battle Offensive
Spa,High-Speed,13,NOR,Lando Norris,McLaren,107.878,33.56,39.397,34.921,5,5.52,1.92,13,1,False,False,Clean Air
Spa,High-Speed,14,NOR,Lando Norris,McLaren,108.035,35.206,39.41,33.419,5,0.1,1.27,14,1,False,False,Battle Offensive
Spa,High-Speed,15,NOR,Lando Norris,McLaren,128.984,40.681,46.603,41.7,5,3.74,2.49,1,2,True,False,Clean Air
Spa,High-Speed,16,NOR,Lando Norris,McLaren,137.792,44.531,45.795,47.467,5,0.44,9.33,2,2,False,True,Battle Offensive
Spa,High-Speed,17,NOR,Lando Norris,McLaren,139.468,45.74,46.527,47.201,5,0.52,0.67,3,2,False,True,Battle Offensive
Spa,High-Speed,18,NOR,Lando Norris,McLaren,133.962,42.378,47.582,44.002,5,5.48,6.01,4,2,False,True,Clean Air
Spa,High-Speed,19,NOR,Lando Norris,McLaren,107.597,35.439,39.555,32.603,5,1.01,4.53,5,2,False,False,Battle Offensive
Spa,High-Speed,20,NOR,Lando Norris,McLaren,107.022,34.963,38.079,33.98,5,1.56,1.72,6,2,False,False,DRS Train
Spa,High-Speed,21,NOR,Lando Norris,McLaren,107.101,34.234,39.293,33.575,5,2.16,0.3,7,2,False,False,Battle Defensive
Spa,High-Speed,22,NOR,Lando Norris,McLaren,107.635,33.366,37.522,36.747,5,1.44,4.3,8,2,False,False,Battle Offensive
Spa,High-Speed,23,NOR,Lando Norris,McLaren,107.945,34.505,37.152,36.287,5,2.07,22.4,9,2,False,False,DRS Train
Spa,High-Speed,24,NOR,Lando Norris,McLaren,107.784,32.628,38.512,36.644,5,13.1,1.53,10,2,False,False,Clean Air
Spa,High-Speed,25,NOR,Lando Norris,McLaren,107.347,36.162,37.569,33.615,5,1.7,0.1,11,2,False,False,Battle Defensive
Spa,High-Speed,26,NOR,Lando Norris,McLaren,129.56,43.553,42.93,43.077,5,3.09,0.62,1,3,True,False,Battle Defensive
Spa,High-Speed,27,NOR,Lando Norris,McLaren,107.142,36.366,35.6,35.176,5,0.25,1.32,2,3,False,False,Battle Offensive
Spa,High-Speed,28,NOR,Lando Norris,McLaren,107.214,32.72,39.223,35.271,5,3.16,2.17,3,3,False,False,Clean Air
Spa,High-Speed,29,NOR,Lando Norris,McLaren,107.564,35.773,37.169,34.623,5,2.94,0.75,4,3,False,False,Battle Defensive
Spa,High-Speed,30,NOR,Lando Norris,McLaren,107.523,32.989,35.577,38.956,5,0.38,2.62,5,3,False,False,Battle Offensive
Spa,High-Speed,31,NOR,Lando Norris,McLaren,106.691,33.064,38.132,35.494,5,0.6,1.92,6,3,False,False,Battle Offensive
Spa,High-Speed,32,NOR,Lando Norris,McLaren,107.605,35.35,36.703,35.551,5,5.33,2.58,7,3,False,False,Clean Air
Spa,High-Speed,33,NOR,Lando Norris,McLaren,107.857,32.962,37.448,37.447,5,1.17,2.71,8,3,False,False,Battle Offensive
Spa,High-Speed,34,NOR,Lando Norris,McLaren,107.905,32.63,36.59,38.684,5,0.26,1.23,9,3,False,False,Battle Offensive
Spa,High-Speed,35,NOR,Lando Norris,McLaren,107.521,34.169,38.605,34.746,5,4.06,1.22,10,3,False,False,Battle Defensive
Spa,High-Speed,36,NOR,Lando Norris,McLaren,107.732,35.428,37.181,35.124,5,2.87,0.36,11,3,False,False,Battle Defensive
Spa,High-Speed,37,NOR,Lando Norris,McLaren,107.658,36.321,37.016,34.32,5,0.32,0.28,12,3,False,False,Battle Offensive
Spa,High-Speed,38,NOR,Lando Norris,McLaren,107.829,32.358,39.601,35.87,5,2.83,0.57,13,3,False,False,Battle Defensive
Spa,High-Speed,39,NOR,Lando Norris,McLaren,108.375,34.965,39.775,33.635,5,1.02,0.99,14,3,False,False,Battle Offensive
Spa,High-Speed,40,NOR,Lando Norris,McLaren,107.742,34.522,37.731,35.488,5,0.1,3.08,15,3,False,False,Battle Offensive
Spa,High-Speed,41,NOR,Lando Norris,McLaren,107.83,32.368,39.769,35.694,5,1.31,1.31,16,3,False,False,Battle Offensive
Spa,High-Speed,42,NOR,Lando Norris,McLaren,108.008,36.045,39.523,32.439,5,7.18,1.65,17,3,False,False,Clean Air
Spa,High-Speed,43,NOR,Lando Norris,McLaren,107.857,32.867,36.312,38.678,5,1.49,0.12,18,3,False,False,Battle Offensive
Spa,High-Speed,44,NOR,Lando Norris,McLaren,108.295,32.956,36.167,39.172,5,1.58,1.4,19,3,False,False,Battle Defensive
Spa,High-Speed,1,LEC,Charles Leclerc,Ferrari,106.909,35.617,39.231,32.061,2,4.79,1.77,1,1,False,False,Clean Air
Spa,High-Speed,2,LEC,Charles Leclerc,Ferrari,107.392,35.443,35.597,36.352,2,2.52,0.28,2,1,False,False,Battle Defensive
Spa,High-Speed,3,LEC,Charles Leclerc,Ferrari,107.65,34.913,35.99,36.747,2,0.63,2.15,3,1,False,False,Battle Offensive
Spa,High-Speed,4,LEC,Charles Leclerc,Ferrari,107.184,33.621,37.341,36.222,2,2.67,6.44,4,1,False,False,DRS Train
Spa,High-Speed,5,LEC,Charles Leclerc,Ferrari,107.252,33.822,37.707,35.723,2,0.1,9.98,5,1,False,False,Battle Offensive
Spa,High-Speed,6,LEC,Charles Leclerc,Ferrari,107.16,32.92,37.749,36.492,3,1.2,1.12,6,1,False,False,Battle Offensive
Spa,High-Speed,7,LEC,Charles Leclerc,Ferrari,107.833,34.271,39.826,33.736,2,0.1,0.71,7,1,False,False,Battle Offensive
Spa,High-Speed,8,LEC,Charles Leclerc,Ferrari,107.825,35.049,36.898,35.878,2,0.88,0.69,8,1,False,False,Battle Offensive
Spa,High-Speed,9,LEC,Charles Leclerc,Ferrari,108.123,34.855,36.225,37.043,2,0.13,6.08,9,1,False,False,Battle Offensive
Spa,High-Speed,10,LEC,Charles Leclerc,Ferrari,108.012,35.495,36.12,36.396,2,0.52,0.85,10,1,False,False,Battle Offensive
Spa,High-Speed,11,LEC,Charles Leclerc,Ferrari,107.838,34.315,37.975,35.547,2,0.55,0.35,11,1,False,False,Battle Offensive
Spa,High-Speed,12,LEC,Charles Leclerc,Ferrari,107.747,35.738,38.734,33.275,2,0.33,4.05,12,1,False,False,Battle Offensive
Spa,High-Speed,13,LEC,Charles Leclerc,Ferrari,108.133,32.671,38.776,36.687,2,1.52,0.51,13,1,False,False,Battle Defensive
Spa,High-Speed,14,LEC,Charles Leclerc,Ferrari,107.723,36.209,39.852,31.662,1,,1.96,14,1,False,False,Clean Air
Spa,High-Speed,15,LEC,Charles Leclerc,Ferrari,107.935,33.201,38.542,36.192,2,6.29,3.76,15,1,False,False,Clean Air
Spa,High-Speed,16,LEC,Charles Leclerc,Ferrari,145.575,49.375,49.072,47.128,2,3.12,10.56,16,1,False,True,Clean Air
Spa,High-Speed,17,LEC,Charles Leclerc,Ferrari,136.036,43.145,49.039,43.852,2,0.99,1.95,17,1,False,True,Battle Offensive
Spa,High-Speed,18,LEC,Charles Leclerc,Ferrari,143.103,43.673,52.213,47.218,2,0.1,3.43,18,1,False,True,Battle Offensive
Spa,High-Speed,19,LEC,Charles Leclerc,Ferrari,108.125,36.728,38.938,32.459,2,1.11,2.46,19,1,False,False,Battle Offensive
Spa,High-Speed,20,LEC,Charles Leclerc,Ferrari,107.953,33.191,37.058,37.704,2,1.71,0.48,20,1,False,False,Battle Defensive
Spa,High-Speed,21,LEC,Charles Leclerc,Ferrari,129.31,39.512,47.404,42.395,2,2.07,3.24,1,2,True,False,DRS Train
Spa,High-Speed,22,LEC,Charles Leclerc,Ferrari,107.724,34.072,36.926,36.726,2,0.1,1.93,2,2,False,False,Battle Offensive
Spa,High-Speed,23,LEC,Charles Leclerc,Ferrari,107.441,32.395,36.104,38.942,2,1.56,0.4,3,2,False,False,Battle Defensive
Spa,High-Speed,24,LEC,Charles Leclerc,Ferrari,107.454,35.536,37.585,34.333,2,14.51,0.48,4,2,False,False,Battle Defensive
Spa,High-Speed,25,LEC,Charles Leclerc,Ferrari,107.025,34.033,39.263,33.729,2,11.88,0.11,5,2,False,False,Battle Defensive
Spa,High-Speed,26,LEC,Charles Leclerc,Ferrari,107.588,35.012,38.574,34.003,2,1.31,1.35,6,2,False,False,Battle Offensive
Spa,High-Speed,27,LEC,Charles Leclerc,Ferrari,107.488,35.394,38.661,33.433,2,3.67,2.52,7,2,False,False,Clean Air
Spa,High-Speed,28,LEC,Charles Leclerc,Ferrari,107.459,34.733,36.877,35.849,2,14.18,4.06,8,2,False,False,Clean Air
Spa,High-Speed,29,LEC,Charles Leclerc,Ferrari,107.678,34.678,36.882,36.118,2,4.57,3.59,9,2,False,False,Clean Air
Spa,High-Speed,30,LEC,Charles Leclerc,Ferrari,108.098,34.787,36.623,36.687,2,0.44,5.66,10,2,False,False,Battle Offensive
Spa,High-Speed,31,LEC,Charles Leclerc,Ferrari,107.57,36.418,37.2,33.952,2,9.02,0.1,11,2,False,False,Battle Defensive
Spa,High-Speed,32,LEC,Charles Leclerc,Ferrari,107.79,33.572,35.951,38.268,2,0.1,0.64,12,2,False,False,Battle Offensive
Spa,High-Speed,33,LEC,Charles Leclerc,Ferrari,107.951,36.578,37.825,33.547,2,5.81,2.91,13,2,False,False,Clean Air
Spa,High-Speed,34,LEC,Charles Leclerc,Ferrari,108.423,35.937,36.608,35.877,2,1.66,4.68,14,2,False,False,DRS Train
Spa,High-Speed,35,LEC,Charles Leclerc,Ferrari,108.621,36.919,35.978,35.724,2,2.63,0.56,15,2,False,False,Battle Defensive
Spa,High-Speed,36,LEC,Charles Leclerc,Ferrari,107.872,36.231,36.991,34.65,2,4.65,3.34,16,2,False,False,Clean Air
Spa,High-Speed,37,LEC,Charles Leclerc,Ferrari,108.453,32.813,39.146,36.494,2,3.0,1.04,17,2,False,False,Battle Defensive
Spa,High-Speed,38,LEC,Charles Leclerc,Ferrari,108.433,35.662,38.852,33.919,2,0.93,0.1,18,2,False,False,Battle Offensive
Spa,High-Speed,39,LEC,Charles Leclerc,Ferrari,108.519,32.611,39.725,36.183,2,2.17,0.84,19,2,False,False,Battle Defensive
Spa,High-Speed,40,LEC,Charles Leclerc,Ferrari,108.396,34.72,37.573,36.103,2,1.97,5.07,20,2,False,False,DRS Train
Spa,High-Speed,41,LEC,Charles Leclerc,Ferrari,108.782,35.981,37.423,35.379,2,3.88,0.34,21,2,False,False,Battle Defensive
Spa,High-Speed,42,LEC,Charles Leclerc,Ferrari,109.014,35.813,39.365,33.836,2,1.16,3.22,22,2,False,False,Battle Offensive
Spa,High-Speed,43,LEC,Charles Leclerc,Ferrari,108.704,32.844,38.089,37.772,2,0.86,1.77,23,2,False,False,Battle Offensive
Spa,High-Speed,44,LEC,Charles Leclerc,Ferrari,108.174,36.364,36.497,35.313,2,1.15,1.91,24,2,False,False,Battle Offensive
Spa,High-Speed,1,SAI,Carlos Sainz,Ferrari,107.221,34.127,35.418,37.677,3,1.93,5.23,1,1,False,False,DRS Train
Spa,High-Speed,2,SAI,Carlos Sainz,Ferrari,107.478,32.612,36.876,37.99,3,1.46,1.15,2,1,False,False,Battle Offensive
Spa,High-Speed,3,SAI,Carlos Sainz,Ferrari,107.007,34.589,36.01,36.408,3,3.73,1.46,3,1,False,False,Battle Defensive
Spa,High-Speed,4,SAI,Carlos Sainz,Ferrari,107.584,34.521,36.329,36.734,3,0.62,0.67,4,1,False,False,Battle Offensive
Spa,High-Speed,5,SAI,Carlos Sainz,Ferrari,107.53,33.299,35.824,38.406,3,2.44,1.45,5,1,False,False,Battle Defensive
Spa,High-Speed,6,SAI,Carlos Sainz,Ferrari,107.39,35.537,38.516,33.337,2,0.1,0.72,6,1,False,False,Battle Offensive
Spa,High-Speed,7,SAI,Carlos Sainz,Ferrari,107.358,33.948,35.849,37.56,3,0.83,5.41,7,1,False,False,Battle Offensive
Spa,High-Speed,8,SAI,Carlos Sainz,Ferrari,107.213,32.484,36.033,38.696,3,9.27,0.37,8,1,False,False,Battle Defensive
Spa,High-Speed,9,SAI,Carlos Sainz,Ferrari,107.944,33.418,39.647,34.879,3,0.33,2.59,9,1,False,False,Battle Offensive
Spa,High-Speed,10,SAI,Carlos Sainz,Ferrari,107.487,33.288,39.3,34.899,3,9.98,4.21,10,1,False,False,Clean Air
Spa,High-Speed,11,SAI,Carlos Sainz,Ferrari,107.807,34.218,38.299,35.29,3,6.15,1.36,11,1,False,False,Battle Defensive
Spa,High-Speed,12,SAI,Carlos Sainz,Ferrari,107.8,33.501,39.883,34.416,3,0.1,4.08,12,1,False,False,Battle Offensive
Spa,High-Speed,13,SAI,Carlos Sainz,Ferrari,108.131,32.481,36.636,39.014,3,2.23,2.86,13,1,False,False,DRS Train
Spa,High-Speed,14,SAI,Carlos Sainz,Ferrari,108.428,35.743,38.414,34.271,3,2.89,1.33,14,1,False,False,Battle Defensive
Spa,High-Speed,15,SAI,Carlos Sainz,Ferrari,108.458,33.467,37.284,37.707,3,0.86,6.48,15,1,False,False,Battle Offensive
Spa,High-Speed,16,SAI,Carlos Sainz,Ferrari,138.582,47.111,46.816,44.654,2,3.48,0.83,16,1,False,True,Battle Defensive
Spa,High-Speed,17,SAI,Carlos Sainz,Ferrari,145.224,43.63,53.035,48.56,3,2.36,1.36,17,1,False,True,Battle Defensive
Spa,High-Speed,18,SAI,Carlos Sainz,Ferrari,140.731,44.197,47.109,49.425,3,1.71,2.96,18,1,False,True,DRS Train
Spa,High-Speed,19,SAI,Carlos Sainz,Ferrari,108.435,34.128,38.926,35.382,3,0.4,0.51,19,1,False,False,Battle Offensive
Spa,High-Speed,20,SAI,Carlos Sainz,Ferrari,108.154,35.8,36.526,35.829,3,1.64,9.54,20,1,False,False,DRS Train
Spa,High-Speed,21,SAI,Carlos Sainz,Ferrari,108.115,35.543,37.797,34.774,3,2.07,0.19,21,1,False,False,Battle Defensive
Spa,High-Speed,22,SAI,Carlos Sainz,Ferrari,129.949,42.894,43.693,43.362,3,0.23,3.32,1,2,True,False,Battle Offensive
Spa,High-Speed,23,SAI,Carlos Sainz,Ferrari,106.847,36.319,37.102,33.427,3,0.45,0.18,2,2,False,False,Battle Offensive
Spa,High-Speed,24,SAI,Carlos Sainz,Ferrari,108.03,36.723,37.2,34.108,3,0.57,0.15,3,2,False,False,Battle Offensive
Spa,High-Speed,25,SAI,Carlos Sainz,Ferrari,107.999,32.629,35.978,39.392,3,5.67,1.2,4,2,False,False,Battle Defensive
Spa,High-Speed,26,SAI,Carlos Sainz,Ferrari,107.15,35.561,38.782,32.808,3,3.42,0.47,5,2,False,False,Battle Defensive
Spa,High-Speed,27,SAI,Carlos Sainz,Ferrari,107.575,33.073,36.747,37.755,3,3.73,1.86,6,2,False,False,Clean Air
Spa,High-Speed,28,SAI,Carlos Sainz,Ferrari,108.152,34.244,36.124,37.785,3,0.51,2.8,7,2,False,False,Battle Offensive
Spa,High-Speed,29,SAI,Carlos Sainz,Ferrari,107.805,34.09,36.556,37.159,3,1.31,2.22,8,2,False,False,Battle Offensive
Spa,High-Speed,30,SAI,Carlos Sainz,Ferrari,108.125,35.419,39.797,32.909,3,0.7,5.58,9,2,False,False,Battle Offensive
Spa,High-Speed,31,SAI,Carlos Sainz,Ferrari,107.638,34.594,38.469,34.575,3,0.88,1.65,10,2,False,False,Battle Offensive
Spa,High-Speed,32,SAI,Carlos Sainz,Ferrari,108.119,36.643,36.006,35.47,3,1.49,4.97,11,2,False,False,Battle Offensive
Spa,High-Speed,33,SAI,Carlos Sainz,Ferrari,108.258,36.236,38.643,33.379,3,1.62,0.33,12,2,False,False,Battle Defensive
Spa,High-Speed,34,SAI,Carlos Sainz,Ferrari,107.656,35.293,37.84,34.522,3,2.73,2.28,13,2,False,False,DRS Train
Spa,High-Speed,35,SAI,Carlos Sainz,Ferrari,108.093,34.4,37.444,36.248,3,2.4,6.42,14,2,False,False,DRS Train
Spa,High-Speed,36,SAI,Carlos Sainz,Ferrari,107.994,35.501,36.518,35.974,3,4.51,1.2,15,2,False,False,Battle Defensive
Spa,High-Speed,37,SAI,Carlos Sainz,Ferrari,108.312,33.952,38.425,35.934,3,0.74,2.29,16,2,False,False,Battle Offensive
Spa,High-Speed,38,SAI,Carlos Sainz,Ferrari,107.586,32.604,37.884,37.098,3,9.52,1.39,17,2,False,False,Battle Defensive
Spa,High-Speed,39,SAI,Carlos Sainz,Ferrari,108.044,32.518,39.218,36.308,3,1.57,0.1,18,2,False,False,Battle Defensive
Spa,High-Speed,40,SAI,Carlos Sainz,Ferrari,108.108,34.567,37.564,35.977,3,6.2,0.58,19,2,False,False,Battle Defensive
Spa,High-Speed,41,SAI,Carlos Sainz,Ferrari,108.391,34.679,37.797,35.915,3,0.34,0.14,20,2,False,False,Battle Offensive
Spa,High-Speed,42,SAI,Carlos Sainz,Ferrari,107.93,34.661,38.604,34.665,3,1.72,1.44,21,2,False,False,Battle Defensive
Spa,High-Speed,43,SAI,Carlos Sainz,Ferrari,108.31,36.347,38.759,33.204,3,1.33,1.17,22,2,False,False,Battle Offensive
Spa,High-Speed,44,SAI,Carlos Sainz,Ferrari,108.445,36.713,36.473,35.259,3,5.72,3.09,23,2,False,False,Clean Air
Spa,High-Speed,1,HAM,Lewis Hamilton,Mercedes,107.328,33.109,37.657,36.562,6,0.13,2.16,1,1,False,False,Battle Offensive
Spa,High-Speed,2,HAM,Lewis Hamilton,Mercedes,107.376,36.065,36.686,34.624,6,3.14,9.23,2,1,False,False,Clean Air
Spa,High-Speed,3,HAM,Lewis Hamilton,Mercedes,107.09,35.896,39.31,31.884,6,1.25,0.26,3,1,False,False,Battle Offensive
Spa,High-Speed,4,HAM,Lewis Hamilton,Mercedes,107.796,34.018,37.809,35.969,6,0.1,11.16,4,1,False,False,Battle Offensive
Spa,High-Speed,5,HAM,Lewis Hamilton,Mercedes,107.661,34.135,35.839,37.686,6,0.24,2.43,5,1,False,False,Battle Offensive
Spa,High-Speed,6,HAM,Lewis Hamilton,Mercedes,107.464,34.377,35.723,37.365,6,5.6,2.36,6,1,False,False,Clean Air
Spa,High-Speed,7,HAM,Lewis Hamilton,Mercedes,107.524,35.966,36.956,34.602,6,2.33,4.13,7,1,False,False,DRS Train
Spa,High-Speed,8,HAM,Lewis Hamilton,Mercedes,107.64,34.911,37.637,35.091,7,0.71,3.69,8,1,False,False,Battle Offensive
Spa,High-Speed,9,HAM,Lewis Hamilton,Mercedes,107.821,34.68,36.946,36.195,6,0.55,13.65,9,1,False,False,Battle Offensive
Spa,High-Speed,10,HAM,Lewis Hamilton,Mercedes,107.757,34.342,38.458,34.957,6,1.72,1.26,10,1,False,False,Battle Defensive
Spa,High-Speed,11,HAM,Lewis Hamilton,Mercedes,107.996,35.97,36.81,35.217,6,0.76,0.98,11,1,False,False,Battle Offensive
Spa,High-Speed,12,HAM,Lewis Hamilton,Mercedes,107.561,32.955,39.318,35.288,6,0.96,0.44,12,1,False,False,Battle Offensive
Spa,High-Speed,13,HAM,Lewis Hamilton,Mercedes,107.953,35.413,35.815,36.725,6,11.7,2.1,13,1,False,False,Clean Air
Spa,High-Speed,14,HAM,Lewis Hamilton,Mercedes,107.773,32.61,37.849,37.313,6,0.43,0.18,14,1,False,False,Battle Offensive
Spa,High-Speed,15,HAM,Lewis Hamilton,Mercedes,108.07,33.325,39.963,34.783,6,0.1,4.62,15,1,False,False,Battle Offensive
Spa,High-Speed,16,HAM,Lewis Hamilton,Mercedes,145.809,47.361,52.229,46.22,6,3.71,3.24,16,1,False,True,Clean Air
Spa,High-Speed,17,HAM,Lewis Hamilton,Mercedes,137.727,42.083,47.468,48.175,5,0.21,1.1,17,1,False,True,Battle Offensive
Spa,High-Speed,18,HAM,Lewis Hamilton,Mercedes,175.607,53.896,62.192,59.519,6,7.32,3.62,1,2,True,True,Clean Air
Spa,High-Speed,19,HAM,Lewis Hamilton,Mercedes,107.223,35.816,36.049,35.358,6,3.44,2.14,2,2,False,False,Clean Air
Spa,High-Speed,20,HAM,Lewis Hamilton,Mercedes,107.362,32.666,35.99,38.706,6,2.48,6.23,3,2,False,False,DRS Train
Spa,High-Speed,21,HAM,Lewis Hamilton,Mercedes,107.093,35.155,39.069,32.87,6,0.16,0.23,4,2,False,False,Battle Offensive
Spa,High-Speed,22,HAM,Lewis Hamilton,Mercedes,107.63,35.916,36.974,34.74,6,0.27,3.09,5,2,False,False,Battle Offensive
Spa,High-Speed,23,HAM,Lewis Hamilton,Mercedes,107.664,33.827,38.025,35.811,6,0.62,5.13,6,2,False,False,Battle Offensive
Spa,High-Speed,24,HAM,Lewis Hamilton,Mercedes,107.625,36.378,36.675,34.572,6,2.25,7.63,7,2,False,False,DRS Train
Spa,High-Speed,25,HAM,Lewis Hamilton,Mercedes,107.933,33.447,38.709,35.777,6,3.51,0.68,8,2,False,False,Battle Defensive
Spa,High-Speed,26,HAM,Lewis Hamilton,Mercedes,107.989,35.952,37.519,34.519,6,0.46,0.24,9,2,False,False,Battle Offensive
Spa,High-Speed,27,HAM,Lewis Hamilton,Mercedes,107.617,34.28,37.76,35.576,6,1.92,0.82,10,2,False,False,Battle Defensive
Spa,High-Speed,28,HAM,Lewis Hamilton,Mercedes,107.93,34.547,37.871,35.512,6,2.33,0.34,11,2,False,False,Battle Defensive
Spa,High-Speed,29,HAM,Lewis Hamilton,Mercedes,107.92,33.555,38.307,36.058,6,0.54,2.92,12,2,False,False,Battle Offensive
Spa,High-Speed,30,HAM,Lewis Hamilton,Mercedes,108.05,36.171,38.955,32.924,6,4.22,2.0,13,2,False,False,Clean Air
Spa,High-Speed,31,HAM,Lewis Hamilton,Mercedes,108.234,33.887,37.187,37.16,6,1.46,5.52,14,2,False,False,Battle Offensive
Spa,High-Speed,32,HAM,Lewis Hamilton,Mercedes,108.153,36.551,38.176,33.426,6,5.65,1.39,15,2,False,False,Battle Defensive
Spa,High-Speed,33,HAM,Lewis Hamilton,Mercedes,108.087,33.171,38.825,36.091,6,1.7,5.78,16,2,False,False,DRS Train
Spa,High-Speed,34,HAM,Lewis Hamilton,Mercedes,108.558,35.774,39.998,32.785,6,0.51,1.06,17,2,False,False,Battle Offensive
Spa,High-Speed,35,HAM,Lewis Hamilton,Mercedes,108.034,36.297,38.857,32.879,6,0.65,1.34,18,2,False,False,Battle Offensive
Spa,High-Speed,36,HAM,Lewis Hamilton,Mercedes,108.13,33.822,37.095,37.212,6,8.96,2.28,19,2,False,False,Clean Air
Spa,High-Speed,37,HAM,Lewis Hamilton,Mercedes,108.168,32.546,36.642,38.979,6,2.79,1.89,20,2,False,False,DRS Train
Spa,High-Speed,38,HAM,Lewis Hamilton,Mercedes,108.339,36.024,38.264,34.052,6,0.3,3.22,21,2,False,False,Battle Offensive
Spa,High-Speed,39,HAM,Lewis Hamilton,Mercedes,108.832,33.909,36.185,38.739,6,0.67,5.63,22,2,False,False,Battle Offensive
Spa,High-Speed,40,HAM,Lewis Hamilton,Mercedes,108.794,34.49,39.14,35.164,6,0.54,1.81,23,2,False,False,Battle Offensive
Spa,High-Speed,41,HAM,Lewis Hamilton,Mercedes,108.878,35.16,39.177,34.541,6,8.44,0.65,24,2,False,False,Battle Defensive
Spa,High-Speed,42,HAM,Lewis Hamilton,Mercedes,108.395,33.182,37.806,37.407,6,2.55,1.34,25,2,False,False,Battle Defensive
Spa,High-Speed,43,HAM,Lewis Hamilton,Mercedes,108.527,34.358,39.227,34.941,6,2.94,4.01,26,2,False,False,DRS Train
Spa,High-Speed,44,HAM,Lewis Hamilton,Mercedes,108.505,32.843,37.99,37.673,6,1.77,0.69,27,2,False,False,Battle Defensive
Spa,High-Speed,1,RUS,George Russell,Mercedes,107.552,34.027,38.21,35.315,8,1.73,3.07,1,1,False,False,DRS Train
Spa,High-Speed,2,RUS,George Russell,Mercedes,107.604,33.521,38.205,35.877,8,2.27,7.36,2,1,False,False,DRS Train
Spa,High-Speed,3,RUS,George Russell,Mercedes,107.842,34.33,39.612,33.9,8,0.35,5.35,3,1,False,False,Battle Offensive
Spa,High-Speed,4,RUS,George Russell,Mercedes,107.587,34.806,36.928,35.853,8,3.03,2.09,4,1,False,False,Clean Air
Spa,High-Speed,5,RUS,George Russell,Mercedes,108.136,33.244,38.692,36.199,8,1.11,2.98,5,1,False,False,Battle Offensive
Spa,High-Speed,6,RUS,George Russell,Mercedes,107.736,32.536,39.138,36.063,8,0.18,0.84,6,1,False,False,Battle Offensive
Spa,High-Speed,7,RUS,George Russell,Mercedes,107.842,33.74,39.059,35.043,8,0.19,0.73,7,1,False,False,Battle Offensive
Spa,High-Speed,8,RUS,George Russell,Mercedes,108.32,35.101,39.753,33.467,8,0.48,1.7,8,1,False,False,Battle Offensive
Spa,High-Speed,9,RUS,George Russell,Mercedes,107.246,32.99,37.359,36.897,8,5.39,0.2,9,1,False,False,Battle Defensive
Spa,High-Speed,10,RUS,George Russell,Mercedes,107.691,36.381,38.444,32.865,8,2.38,0.71,10,1,False,False,Battle Defensive
Spa,High-Speed,11,RUS,George Russell,Mercedes,108.15,36.108,39.967,32.075,8,0.79,1.51,11,1,False,False,Battle Offensive
Spa,High-Speed,12,RUS,George Russell,Mercedes,129.057,39.394,47.084,42.58,8,0.19,0.12,1,2,True,False,Battle Offensive
Spa,High-Speed,13,RUS,George Russell,Mercedes,107.286,33.191,36.236,37.859,8,8.97,1.72,2,2,False,False,Clean Air
Spa,High-Speed,14,RUS,George Russell,Mercedes,107.733,35.187,37.155,35.392,8,0.1,0.13,3,2,False,False,Battle Offensive
Spa,High-Speed,15,RUS,George Russell,Mercedes,107.384,36.309,35.694,35.38,8,4.1,1.91,4,2,False,False,Clean Air
Spa,High-Speed,16,RUS,George Russell,Mercedes,145.339,47.078,49.079,49.182,8,1.24,1.67,5,2,False,True,Battle Offensive
Spa,High-Speed,17,RUS,George Russell,Mercedes,146.855,49.791,49.871,47.193,8,4.48,1.14,6,2,False,True,Battle Defensive
Spa,High-Speed,18,RUS,George Russell,Mercedes,141.382,43.705,47.052,50.626,8,4.96,2.43,7,2,False,True,Clean Air
Spa,High-Speed,19,RUS,George Russell,Mercedes,107.706,35.876,38.856,32.974,8,1.92,11.6,8,2,False,False,DRS Train
Spa,High-Speed,20,RUS,George Russell,Mercedes,107.653,34.56,36.531,36.562,8,0.84,3.94,9,2,False,False,Battle Offensive
Spa,High-Speed,21,RUS,George Russell,Mercedes,108.128,36.003,37.124,35.001,8,4.13,1.22,10,2,False,False,Battle Defensive
Spa,High-Speed,22,RUS,George Russell,Mercedes,107.865,35.981,39.331,32.553,9,0.18,7.4,11,2,False,False,Battle Offensive
Spa,High-Speed,23,RUS,George Russell,Mercedes,107.789,34.338,36.985,36.466,9,1.85,6.55,12,2,False,False,DRS Train
Spa,High-Speed,24,RUS,George Russell,Mercedes,107.813,33.484,37.027,37.302,8,2.25,14.83,13,2,False,False,DRS Train
Spa,High-Speed,25,RUS,George Russell,Mercedes,108.163,35.217,36.675,36.27,8,4.63,0.1,14,2,False,False,Battle Defensive
Spa,High-Speed,26,RUS,George Russell,Mercedes,108.454,35.881,39.321,33.252,8,5.61,0.74,15,2,False,False,Battle Defensive
Spa,High-Speed,27,RUS,George Russell,Mercedes,107.93,35.439,37.945,34.546,8,1.83,6.06,16,2,False,False,DRS Train
Spa,High-Speed,28,RUS,George Russell,Mercedes,108.861,34.264,36.862,37.735,8,2.66,0.1,17,2,False,False,Battle Defensive
Spa,High-Speed,29,RUS,George Russell,Mercedes,107.955,33.591,39.724,34.64,8,1.93,4.48,18,2,False,False,DRS Train
Spa,High-Speed,30,RUS,George Russell,Mercedes,108.64,34.253,39.756,34.631,8,0.34,10.48,19,2,False,False,Battle Offensive
Spa,High-Speed,31,RUS,George Russell,Mercedes,129.317,41.876,45.825,41.616,9,0.7,0.84,1,3,True,False,Battle Offensive
Spa,High-Speed,32,RUS,George Russell,Mercedes,107.091,35.375,35.485,36.232,8,3.63,1.11,2,3,False,False,Battle Defensive
Spa,High-Speed,33,RUS,George Russell,Mercedes,107.242,35.919,37.829,33.494,8,2.0,8.73,3,3,False,False,DRS Train
Spa,High-Speed,34,RUS,George Russell,Mercedes,107.314,33.409,36.917,36.988,8,7.33,1.89,4,3,False,False,Clean Air
Spa,High-Speed,35,RUS,George Russell,Mercedes,107.152,34.119,38.903,34.131,8,6.65,4.86,5,3,False,False,Clean Air
Spa,High-Speed,36,RUS,George Russell,Mercedes,107.69,36.338,37.742,33.61,8,10.25,0.91,6,3,False,False,Battle Defensive
Spa,High-Speed,37,RUS,George Russell,Mercedes,107.47,35.637,37.351,34.482,8,0.1,1.18,7,3,False,False,Battle Offensive
Spa,High-Speed,38,RUS,George Russell,Mercedes,107.462,34.671,36.754,36.037,8,2.18,4.85,8,3,False,False,DRS Train
Spa,High-Speed,39,RUS,George Russell,Mercedes,107.778,36.301,38.045,33.432,8,0.87,1.12,9,3,False,False,Battle Offensive
Spa,High-Speed,40,RUS,George Russell,Mercedes,107.793,35.955,38.258,33.58,8,0.1,1.43,10,3,False,False,Battle Offensive
Spa,High-Speed,41,RUS,George Russell,Mercedes,108.06,34.241,37.503,36.316,8,3.34,1.07,11,3,False,False,Battle Defensive
Spa,High-Speed,42,RUS,George Russell,Mercedes,108.363,35.144,37.933,35.287,8,3.06,1.35,12,3,False,False,Battle Defensive
Spa,High-Speed,43,RUS,George Russell,Mercedes,108.22,34.223,39.212,34.784,8,2.45,0.58,13,3,False,False,Battle Defensive
Spa,High-Speed,44,RUS,George Russell,Mercedes,108.352,34.737,35.938,37.676,8,6.53,1.92,14,3,False,False,Clean Air
Spa,High-Speed,1,PER,Sergio Perez,Red Bull,107.923,33.657,39.215,35.052,9,1.58,4.67,1,1,False,False,DRS Train
Spa,High-Speed,2,PER,Sergio Perez,Red Bull,107.228,33.379,38.261,35.588,9,0.45,0.14,2,1,False,False,Battle Offensive
Spa,High-Speed,3,PER,Sergio Perez,Red Bull,107.755,36.031,39.735,31.989,9,0.24,0.4,3,1,False,False,Battle Offensive
Spa,High-Speed,4,PER,Sergio Perez,Red Bull,108.232,33.106,38.07,37.055,9,2.63,2.82,4,1,False,False,DRS Train
Spa,High-Speed,5,PER,Sergio Perez,Red Bull,107.165,36.349,35.872,34.943,9,1.85,0.34,5,1,False,False,Battle Defensive
Spa,High-Speed,6,PER,Sergio Perez,Red Bull,107.619,33.94,36.013,37.666,9,0.75,5.55,6,1,False,False,Battle Offensive
Spa,High-Speed,7,PER,Sergio Perez,Red Bull,107.599,35.918,35.886,35.796,9,2.2,2.33,7,1,False,False,DRS Train
Spa,High-Speed,8,PER,Sergio Perez,Red Bull,107.62,33.745,38.75,35.125,9,4.88,1.65,8,1,False,False,Clean Air
Spa,High-Speed,9,PER,Sergio Perez,Red Bull,107.864,35.478,39.741,32.646,9,3.84,0.65,9,1,False,False,Battle Defensive
Spa,High-Speed,10,PER,Sergio Perez,Red Bull,107.947,32.663,37.721,37.563,9,2.31,0.86,10,1,False,False,Battle Defensive
Spa,High-Speed,11,PER,Sergio Perez,Red Bull,108.121,33.328,36.765,38.028,8,1.39,3.12,11,1,False,False,Battle Offensive
Spa,High-Speed,12,PER,Sergio Perez,Red Bull,107.736,34.935,37.319,35.481,9,12.98,2.64,12,1,False,False,Clean Air
Spa,High-Speed,13,PER,Sergio Perez,Red Bull,107.971,33.644,38.956,35.37,9,8.68,1.72,13,1,False,False,Clean Air
Spa,High-Speed,14,PER,Sergio Perez,Red Bull,108.254,33.542,38.244,36.468,9,4.27,0.33,14,1,False,False,Battle Defensive
Spa,High-Speed,15,PER,Sergio Perez,Red Bull,108.543,32.871,37.267,38.406,9,1.36,0.58,15,1,False,False,Battle Offensive
Spa,High-Speed,16,PER,Sergio Perez,Red Bull,149.16,44.953,54.631,49.577,9,8.36,0.1,16,1,False,True,Battle Defensive
Spa,High-Speed,17,PER,Sergio Perez,Red Bull,144.281,45.647,52.073,46.561,9,6.27,2.06,17,1,False,True,Clean Air
Spa,High-Speed,18,PER,Sergio Perez,Red Bull,146.233,47.233,52.238,46.762,9,1.29,2.88,18,1,False,True,Battle Offensive
Spa,High-Speed,19,PER,Sergio Perez,Red Bull,129.489,42.003,46.787,40.699,9,0.94,3.11,1,2,True,False,Battle Offensive
Spa,High-Speed,20,PER,Sergio Perez,Red Bull,107.784,33.304,37.018,37.462,9,2.79,1.72,2,2,False,False,DRS Train
Spa,High-Speed,21,PER,Sergio Perez,Red Bull,107.716,34.535,37.853,35.327,9,5.41,1.06,3,2,False,False,Battle Defensive
Spa,High-Speed,22,PER,Sergio Perez,Red Bull,107.36,32.975,37.165,37.219,9,4.93,1.69,4,2,False,False,Clean Air
Spa,High-Speed,23,PER,Sergio Perez,Red Bull,107.672,35.27,37.224,35.177,9,1.71,8.43,5,2,False,False,DRS Train
Spa,High-Speed,24,PER,Sergio Perez,Red Bull,108.151,35.178,37.412,35.561,9,2.59,1.13,6,2,False,False,Battle Defensive
Spa,High-Speed,25,PER,Sergio Perez,Red Bull,108.07,34.461,37.819,35.791,9,0.32,0.87,7,2,False,False,Battle Offensive
Spa,High-Speed,26,PER,Sergio Perez,Red Bull,108.524,35.164,36.396,36.964,9,2.96,1.23,8,2,False,False,Battle Defensive
Spa,High-Speed,27,PER,Sergio Perez,Red Bull,108.144,32.847,37.133,38.165,9,1.24,8.88,9,2,False,False,Battle Offensive
Spa,High-Speed,28,PER,Sergio Perez,Red Bull,108.42,35.323,37.402,35.695,9,0.32,0.54,10,2,False,False,Battle Offensive
Spa,High-Speed,29,PER,Sergio Perez,Red Bull,108.215,34.572,36.788,36.856,9,0.58,3.19,11,2,False,False,Battle Offensive
Spa,High-Speed,30,PER,Sergio Perez,Red Bull,108.855,34.297,36.261,38.298,9,1.93,0.61,12,2,False,False,Battle Defensive
Spa,High-Speed,31,PER,Sergio Perez,Red Bull,108.318,33.15,37.336,37.832,9,1.28,2.25,13,2,False,False,Battle Offensive
Spa,High-Speed,32,PER,Sergio Perez,Red Bull,107.959,34.736,36.814,36.41,9,0.1,0.8,14,2,False,False,Battle Offensive
Spa,High-Speed,33,PER,Sergio Perez,Red Bull,108.362,34.874,37.2,36.289,8,1.85,1.78,15,2,False,False,DRS Train
Spa,High-Speed,34,PER,Sergio Perez,Red Bull,108.326,33.924,37.511,36.891,9,2.72,9.88,16,2,False,False,DRS Train
Spa,High-Speed,35,PER,Sergio Perez,Red Bull,108.608,36.495,38.237,33.876,9,5.92,3.54,17,2,False,False,Clean Air
Spa,High-Speed,36,PER,Sergio Perez,Red Bull,108.415,35.75,36.251,36.414,8,0.74,1.43,18,2,False,False,Battle Offensive
Spa,High-Speed,37,PER,Sergio Perez,Red Bull,108.483,33.454,35.966,39.064,9,1.58,4.61,19,2,False,False,DRS Train
Spa,High-Speed,38,PER,Sergio Perez,Red Bull,108.594,34.772,37.886,35.936,9,5.15,3.49,20,2,False,False,Clean Air
Spa,High-Speed,39,PER,Sergio Perez,Red Bull,108.846,32.814,37.053,38.979,9,1.49,1.02,21,2,False,False,Battle Offensive
Spa,High-Speed,40,PER,Sergio Perez,Red Bull,108.635,36.86,37.204,34.57,9,2.28,3.61,22,2,False,False,DRS Train
Spa,High-Speed,41,PER,Sergio Perez,Red Bull,109.101,35.174,37.279,36.649,9,0.52,1.29,23,2,False,False,Battle Offensive
Spa,High-Speed,42,PER,Sergio Perez,Red Bull,108.726,32.996,37.922,37.808,9,0.44,2.15,24,2,False,False,Battle Offensive
Spa,High-Speed,43,PER,Sergio Perez,Red Bull,109.52,33.455,36.776,39.288,9,3.49,1.12,25,2,False,False,Battle Defensive
Spa,High-Speed,44,PER,Sergio Perez,Red Bull,109.527,36.964,40.061,32.502,9,0.31,4.62,26,2,False,False,Battle Offensive
Spa,High-Speed,1,PIA,Oscar Piastri,McLaren,107.614,32.858,37.674,37.082,4,0.15,0.46,1,1,False,False,Battle Offensive
Spa,High-Speed,2,PIA,Oscar Piastri,McLaren,107.536,33.616,38.588,35.331,4,5.13,0.14,2,1,False,False,Battle Defensive
Spa,High-Speed,3,PIA,Oscar Piastri,McLaren,107.439,34.822,37.712,34.906,4,3.81,6.79,3,1,False,False,Clean Air
Spa,High-Speed,4,PIA,Oscar Piastri,McLaren,107.104,32.895,39.234,34.975,4,5.53,0.1,4,1,False,False,Battle Defensive
Spa,High-Speed,5,PIA,Oscar Piastri,McLaren,107.647,35.264,37.586,34.797,4,4.21,1.5,5,1,False,False,Battle Defensive
Spa,High-Speed,6,PIA,Oscar Piastri,McLaren,107.993,33.705,39.813,34.474,4,0.9,1.58,6,1,False,False,Battle Offensive
Spa,High-Speed,7,PIA,Oscar Piastri,McLaren,107.174,34.451,39.613,33.109,4,12.56,5.32,7,1,False,False,Clean Air
Spa,High-Speed,8,PIA,Oscar Piastri,McLaren,108.038,34.936,35.817,37.285,4,1.3,1.02,8,1,False,False,Battle Offensive
Spa,High-Speed,9,PIA,Oscar Piastri,McLaren,107.439,33.196,36.571,37.672,4,5.25,0.88,9,1,False,False,Battle Defensive
Spa,High-Speed,10,PIA,Oscar Piastri,McLaren,107.639,33.931,37.74,35.968,4,8.72,6.27,10,1,False,False,Clean Air
Spa,High-Speed,11,PIA,Oscar Piastri,McLaren,107.388,36.337,36.191,34.86,4,2.92,0.81,11,1,False,False,Battle Defensive
Spa,High-Speed,12,PIA,Oscar Piastri,McLaren,108.294,34.928,36.038,37.327,4,0.23,5.31,12,1,False,False,Battle Offensive
Spa,High-Speed,13,PIA,Oscar Piastri,McLaren,108.051,33.496,37.016,37.538,4,0.98,6.73,13,1,False,False,Battle Offensive
Spa,High-Speed,14,PIA,Oscar Piastri,McLaren,108.1,32.604,39.661,35.836,4,2.47,3.58,14,1,False,False,DRS Train
Spa,High-Speed,15,PIA,Oscar Piastri,McLaren,107.851,36.316,36.65,34.885,4,1.28,4.47,15,1,False,False,Battle Offensive
Spa,High-Speed,16,PIA,Oscar Piastri,McLaren,143.223,47.725,48.108,47.39,4,0.7,4.21,16,1,False,True,Battle Offensive
Spa,High-Speed,17,PIA,Oscar Piastri,McLaren,147.857,48.218,51.357,48.282,4,4.93,6.86,17,1,False,True,Clean Air
Spa,High-Speed,18,PIA,Oscar Piastri,McLaren,161.544,51.67,57.281,52.593,4,12.31,3.34,1,2,True,True,Clean Air
Spa,High-Speed,19,PIA,Oscar Piastri,McLaren,107.501,33.269,36.861,37.371,4,2.04,0.63,2,2,False,False,Battle Defensive
Spa,High-Speed,20,PIA,Oscar Piastri,McLaren,107.121,32.344,36.567,38.21,4,6.38,5.46,3,2,False,False,Clean Air
Spa,High-Speed,21,PIA,Oscar Piastri,McLaren,107.669,32.383,35.983,39.303,4,2.48,2.19,4,2,False,False,DRS Train
Spa,High-Speed,22,PIA,Oscar Piastri,McLaren,107.545,35.778,38.354,33.413,4,0.2,2.56,5,2,False,False,Battle Offensive
Spa,High-Speed,23,PIA,Oscar Piastri,McLaren,107.235,36.354,39.627,31.254,4,3.32,0.79,6,2,False,False,Battle Defensive
Spa,High-Speed,24,PIA,Oscar Piastri,McLaren,107.749,33.689,36.996,37.064,4,1.84,8.82,7,2,False,False,DRS Train
Spa,High-Speed,25,PIA,Oscar Piastri,McLaren,107.816,36.34,37.032,34.444,4,4.82,0.41,8,2,False,False,Battle Defensive
Spa,High-Speed,26,PIA,Oscar Piastri,McLaren,107.975,33.662,37.237,37.076,4,2.46,1.75,9,2,False,False,DRS Train
Spa,High-Speed,27,PIA,Oscar Piastri,McLaren,107.439,36.187,38.917,32.336,4,0.27,5.76,10,2,False,False,Battle Offensive
Spa,High-Speed,28,PIA,Oscar Piastri,McLaren,107.803,35.226,37.7,34.876,4,6.11,0.2,11,2,False,False,Battle Defensive
Spa,High-Speed,29,PIA,Oscar Piastri,McLaren,107.683,35.852,36.887,34.944,4,2.99,0.1,12,2,False,False,Battle Defensive
Spa,High-Speed,30,PIA,Oscar Piastri,McLaren,107.561,35.663,35.811,36.087,3,3.7,1.64,13,2,False,False,Clean Air
Spa,High-Speed,31,PIA,Oscar Piastri,McLaren,107.552,35.817,35.802,35.933,4,7.35,0.19,14,2,False,False,Battle Defensive
Spa,High-Speed,32,PIA,Oscar Piastri,McLaren,108.55,33.104,39.919,35.526,4,0.55,0.89,15,2,False,False,Battle Offensive
Spa,High-Speed,33,PIA,Oscar Piastri,McLaren,108.064,34.131,38.205,35.727,4,1.86,0.63,16,2,False,False,Battle Defensive
Spa,High-Speed,34,PIA,Oscar Piastri,McLaren,108.251,33.417,35.787,39.047,4,0.75,2.93,17,2,False,False,Battle Offensive
Spa,High-Speed,35,PIA,Oscar Piastri,McLaren,108.005,35.456,38.141,34.408,4,1.77,0.57,18,2,False,False,Battle Defensive
Spa,High-Speed,36,PIA,Oscar Piastri,McLaren,108.221,34.139,38.974,35.108,4,10.72,23.05,19,2,False,False,Clean Air
Spa,High-Speed,37,PIA,Oscar Piastri,McLaren,108.186,34.87,37.72,35.596,4,7.85,0.1,20,2,False,False,Battle Defensive
Spa,High-Speed,38,PIA,Oscar Piastri,McLaren,108.638,36.269,37.24,35.129,4,8.05,2.01,21,2,False,False,Clean Air
Spa,High-Speed,39,PIA,Oscar Piastri,McLaren,108.403,35.281,37.298,35.824,4,0.82,1.19,22,2,False,False,Battle Offensive
Spa,High-Speed,40,PIA,Oscar Piastri,McLaren,108.382,32.697,36.081,39.604,4,0.95,2.36,23,2,False,False,Battle Offensive
Spa,High-Speed,41,PIA,Oscar Piastri,McLaren,108.527,33.989,36.129,38.409,4,0.16,1.44,24,2,False,False,Battle Offensive
Spa,High-Speed,42,PIA,Oscar Piastri,McLaren,108.857,35.58,36.77,36.508,4,12.81,5.1,25,2,False,False,Clean Air
Spa,High-Speed,43,PIA,Oscar Piastri,McLaren,109.045,35.709,36.24,37.096,4,0.56,1.59,26,2,False,False,Battle Offensive
Spa,High-Speed,44,PIA,Oscar Piastri,McLaren,108.59,33.28,38.16,37.151,4,0.17,0.36,27,2,False,False,Battle Offensive
Spa,High-Speed,1,ALO,Fernando Alonso,Aston Martin,107.457,32.265,36.108,39.084,8,6.1,0.1,1,1,False,False,Battle Defensive
Spa,High-Speed,2,ALO,Fernando Alonso,Aston Martin,107.331,34.407,38.843,34.081,7,0.83,2.46,2,1,False,False,Battle Offensive
Spa,High-Speed,3,ALO,Fernando Alonso,Aston Martin,107.694,33.222,38.72,35.752,7,4.47,4.69,3,1,False,False,Clean Air
Spa,High-Speed,4,ALO,Fernando Alonso,Aston Martin,107.883,35.393,36.361,36.128,7,7.41,0.1,4,1,False,False,Battle Defensive
Spa,High-Speed,5,ALO,Fernando Alonso,Aston Martin,107.839,34.955,38.55,34.334,7,0.45,0.1,5,1,False,False,Battle Offensive
Spa,High-Speed,6,ALO,Fernando Alonso,Aston Martin,107.909,35.335,38.55,34.024,7,1.25,3.72,6,1,False,False,Battle Offensive
Spa,High-Speed,7,ALO,Fernando Alonso,Aston Martin,107.54,34.939,36.885,35.716,7,2.07,3.01,7,1,False,False,DRS Train
Spa,High-Speed,8,ALO,Fernando Alonso,Aston Martin,108.119,36.521,38.164,33.434,7,1.53,0.61,8,1,False,False,Battle Defensive
Spa,High-Speed,9,ALO,Fernando Alonso,Aston Martin,107.885,32.578,38.639,36.668,7,11.29,3.23,9,1,False,False,Clean Air
Spa,High-Speed,10,ALO,Fernando Alonso,Aston Martin,107.925,33.7,36.31,37.915,7,0.42,4.58,10,1,False,False,Battle Offensive
Spa,High-Speed,11,ALO,Fernando Alonso,Aston Martin,108.153,33.789,37.25,37.114,7,1.77,0.1,11,1,False,False,Battle Defensive
Spa,High-Speed,12,ALO,Fernando Alonso,Aston Martin,108.063,35.543,36.036,36.484,8,4.13,0.53,12,1,False,False,Battle Defensive
Spa,High-Speed,13,ALO,Fernando Alonso,Aston Martin,108.421,33.451,36.172,38.799,7,0.1,2.25,13,1,False,False,Battle Offensive
Spa,High-Speed,14,ALO,Fernando Alonso,Aston Martin,108.66,35.666,39.378,33.615,7,0.47,0.1,14,1,False,False,Battle Offensive
Spa,High-Speed,15,ALO,Fernando Alonso,Aston Martin,108.401,36.211,38.714,33.477,7,2.36,0.29,15,1,False,False,Battle Defensive
Spa,High-Speed,16,ALO,Fernando Alonso,Aston Martin,147.372,48.924,52.909,45.54,7,0.29,2.61,16,1,False,True,Battle Offensive
Spa,High-Speed,17,ALO,Fernando Alonso,Aston Martin,142.111,42.697,48.9,50.514,7,0.56,2.93,17,1,False,True,Battle Offensive
Spa,High-Speed,18,ALO,Fernando Alonso,Aston Martin,177.148,53.187,59.36,64.601,7,7.08,0.5,1,2,True,True,Battle Defensive
Spa,High-Speed,19,ALO,Fernando Alonso,Aston Martin,107.443,33.411,37.653,36.379,7,1.93,0.71,2,2,False,False,Battle Defensive
Spa,High-Speed,20,ALO,Fernando Alonso,Aston Martin,107.539,35.327,39.673,32.54,7,5.24,1.25,3,2,False,False,Battle Defensive
Spa,High-Speed,21,ALO,Fernando Alonso,Aston Martin,107.612,34.825,38.318,34.469,7,1.93,1.73,4,2,False,False,DRS Train
Spa,High-Speed,22,ALO,Fernando Alonso,Aston Martin,107.603,35.344,38.118,34.14,7,2.26,0.58,5,2,False,False,Battle Defensive
Spa,High-Speed,23,ALO,Fernando Alonso,Aston Martin,107.901,34.075,36.018,37.807,7,4.67,0.88,6,2,False,False,Battle Defensive
Spa,High-Speed,24,ALO,Fernando Alonso,Aston Martin,107.574,34.055,37.366,36.153,7,0.53,4.11,7,2,False,False,Battle Offensive
Spa,High-Speed,25,ALO,Fernando Alonso,Aston Martin,108.073,35.873,36.101,36.099,7,1.32,1.75,8,2,False,False,Battle Offensive
Spa,High-Speed,26,ALO,Fernando Alonso,Aston Martin,108.063,36.201,39.937,31.925,7,0.33,7.38,9,2,False,False,Battle Offensive
Spa,High-Speed,27,ALO,Fernando Alonso,Aston Martin,107.939,33.103,38.899,35.936,7,2.36,2.37,10,2,False,False,DRS Train
Spa,High-Speed,28,ALO,Fernando Alonso,Aston Martin,108.133,36.346,37.898,33.888,7,0.95,1.11,11,2,False,False,Battle Offensive
Spa,High-Speed,29,ALO,Fernando Alonso,Aston Martin,107.968,35.251,37.794,34.924,7,5.9,1.3,12,2,False,False,Battle Defensive
Spa,High-Speed,30,ALO,Fernando Alonso,Aston Martin,108.213,35.202,38.101,34.911,7,0.1,0.14,13,2,False,False,Battle Offensive
Spa,High-Speed,31,ALO,Fernando Alonso,Aston Martin,108.519,36.888,39.451,32.18,7,2.2,0.9,14,2,False,False,Battle Defensive
Spa,High-Speed,32,ALO,Fernando Alonso,Aston Martin,108.275,33.128,38.921,36.226,7,2.86,6.94,15,2,False,False,DRS Train
Spa,High-Speed,33,ALO,Fernando Alonso,Aston Martin,108.586,34.014,37.328,37.245,7,1.3,0.16,16,2,False,False,Battle Offensive
Spa,High-Speed,34,ALO,Fernando Alonso,Aston Martin,108.312,33.769,38.034,36.509,7,1.03,1.98,17,2,False,False,Battle Offensive
Spa,High-Speed,35,ALO,Fernando Alonso,Aston Martin,108.446,35.306,36.704,36.436,7,4.58,0.18,18,2,False,False,Battle Defensive
Spa,High-Speed,36,ALO,Fernando Alonso,Aston Martin,108.751,35.084,38.288,35.378,7,6.42,0.46,19,2,False,False,Battle Defensive
Spa,High-Speed,37,ALO,Fernando Alonso,Aston Martin,108.637,33.535,39.081,36.021,7,1.23,4.65,20,2,False,False,Battle Offensive
Spa,High-Speed,38,ALO,Fernando Alonso,Aston Martin,108.802,35.82,36.315,36.667,7,0.41,2.49,21,2,False,False,Battle Offensive
Spa,High-Speed,39,ALO,Fernando Alonso,Aston Martin,108.828,34.158,39.835,34.835,7,1.88,0.86,22,2,False,False,Battle Defensive
Spa,High-Speed,40,ALO,Fernando Alonso,Aston Martin,108.908,33.549,38.053,37.306,7,3.33,0.1,23,2,False,False,Battle Defensive
Spa,High-Speed,41,ALO,Fernando Alonso,Aston Martin,108.931,33.599,38.38,36.952,7,2.34,0.44,24,2,False,False,Battle Defensive
Spa,High-Speed,42,ALO,Fernando Alonso,Aston Martin,108.826,34.212,37.33,37.285,7,5.3,1.65,25,2,False,False,Clean Air
Spa,High-Speed,43,ALO,Fernando Alonso,Aston Martin,108.754,32.927,38.94,36.888,7,4.09,0.93,26,2,False,False,Battle Defensive
Spa,High-Speed,44,ALO,Fernando Alonso,Aston Martin,109.075,33.117,39.79,36.168,7,1.83,1.71,27,2,False,False,DRS Train
Spa,High-Speed,1,STR,Lance Stroll,Aston Martin,108.116,32.575,36.257,39.285,10,3.26,0.28,1,1,False,False,Battle Defensive
Spa,High-Speed,2,STR,Lance Stroll,Aston Martin,108.295,35.345,39.057,33.893,10,2.52,2.72,2,1,False,False,DRS Train
Spa,High-Speed,3,STR,Lance Stroll,Aston Martin,108.736,34.479,35.991,38.266,10,6.09,0.1,3,1,False,False,Battle Defensive
Spa,High-Speed,4,STR,Lance Stroll,Aston Martin,108.379,34.711,37.145,36.524,10,0.17,2.61,4,1,False,False,Battle Offensive
Spa,High-Speed,5,STR,Lance Stroll,Aston Martin,108.045,36.462,38.326,33.257,10,0.55,0.23,5,1,False,False,Battle Offensive
Spa,High-Speed,6,STR,Lance Stroll,Aston Martin,108.108,35.803,38.814,33.491,10,0.14,3.38,6,1,False,False,Battle Offensive
Spa,High-Speed,7,STR,Lance Stroll,Aston Martin,108.463,33.104,39.379,35.98,10,6.47,0.49,7,1,False,False,Battle Defensive
Spa,High-Speed,8,STR,Lance Stroll,Aston Martin,108.425,35.527,38.67,34.229,10,0.1,4.46,8,1,False,False,Battle Offensive
Spa,High-Speed,9,STR,Lance Stroll,Aston Martin,108.916,34.776,36.808,37.332,10,4.43,0.47,9,1,False,False,Battle Defensive
Spa,High-Speed,10,STR,Lance Stroll,Aston Martin,108.242,32.819,38.328,37.095,10,0.38,0.33,10,1,False,False,Battle Offensive
Spa,High-Speed,11,STR,Lance Stroll,Aston Martin,108.945,32.854,37.976,38.115,10,0.43,0.48,11,1,False,False,Battle Offensive
Spa,High-Speed,12,STR,Lance Stroll,Aston Martin,108.638,33.114,39.805,35.719,10,4.25,3.24,12,1,False,False,Clean Air
Spa,High-Speed,13,STR,Lance Stroll,Aston Martin,108.473,35.471,38.228,34.773,10,4.68,3.08,13,1,False,False,Clean Air
Spa,High-Speed,14,STR,Lance Stroll,Aston Martin,108.1,33.644,36.204,38.252,10,1.1,2.1,14,1,False,False,Battle Offensive
Spa,High-Speed,15,STR,Lance Stroll,Aston Martin,108.633,33.089,36.451,39.093,10,1.2,3.45,15,1,False,False,Battle Offensive
Spa,High-Speed,16,STR,Lance Stroll,Aston Martin,149.5,45.892,49.45,54.158,10,2.4,2.34,16,1,False,True,DRS Train
Spa,High-Speed,17,STR,Lance Stroll,Aston Martin,143.553,45.535,50.663,47.355,10,9.77,2.35,17,1,False,True,Clean Air
Spa,High-Speed,18,STR,Lance Stroll,Aston Martin,147.029,47.542,49.599,49.889,10,2.07,0.36,18,1,False,True,Battle Defensive
Spa,High-Speed,19,STR,Lance Stroll,Aston Martin,110.099,35.915,40.276,33.907,10,2.31,0.15,19,1,False,False,Battle Defensive
Spa,High-Speed,20,STR,Lance Stroll,Aston Martin,109.676,34.275,37.937,37.463,10,0.13,4.54,20,1,False,False,Battle Offensive
Spa,High-Speed,21,STR,Lance Stroll,Aston Martin,129.559,40.709,42.995,45.855,10,3.01,6.17,1,2,True,False,Clean Air
Spa,High-Speed,22,STR,Lance Stroll,Aston Martin,108.533,35.311,36.63,36.592,10,0.1,1.62,2,2,False,False,Battle Offensive
Spa,High-Speed,23,STR,Lance Stroll,Aston Martin,108.086,35.6,36.124,36.363,10,1.85,6.09,3,2,False,False,DRS Train
Spa,High-Speed,24,STR,Lance Stroll,Aston Martin,108.275,36.684,38.318,33.273,10,0.79,0.17,4,2,False,False,Battle Offensive
Spa,High-Speed,25,STR,Lance Stroll,Aston Martin,107.876,32.718,38.493,36.665,10,0.62,10.33,5,2,False,False,Battle Offensive
Spa,High-Speed,26,STR,Lance Stroll,Aston Martin,108.298,34.61,35.781,37.907,10,2.6,0.62,6,2,False,False,Battle Defensive
Spa,High-Speed,27,STR,Lance Stroll,Aston Martin,108.193,33.38,37.262,37.551,10,0.44,3.64,7,2,False,False,Battle Offensive
Spa,High-Speed,28,STR,Lance Stroll,Aston Martin,108.814,34.173,39.786,34.854,10,1.62,2.32,8,2,False,False,DRS Train
Spa,High-Speed,29,STR,Lance Stroll,Aston Martin,108.605,35.452,35.896,37.257,10,3.74,0.16,9,2,False,False,Battle Defensive
Spa,High-Speed,30,STR,Lance Stroll,Aston Martin,108.588,36.615,39.051,32.923,10,0.5,1.05,10,2,False,False,Battle Offensive
Spa,High-Speed,31,STR,Lance Stroll,Aston Martin,108.606,34.087,39.58,34.939,10,0.56,8.86,11,2,False,False,Battle Offensive
Spa,High-Speed,32,STR,Lance Stroll,Aston Martin,108.863,36.032,39.201,33.63,10,0.14,10.06,12,2,False,False,Battle Offensive
Spa,High-Speed,33,STR,Lance Stroll,Aston Martin,108.578,36.247,36.035,36.297,10,1.57,5.01,13,2,False,False,DRS Train
Spa,High-Speed,34,STR,Lance Stroll,Aston Martin,108.099,34.374,37.924,35.801,10,3.81,0.58,14,2,False,False,Battle Defensive
Spa,High-Speed,35,STR,Lance Stroll,Aston Martin,109.017,35.516,39.942,33.558,10,0.48,3.66,15,2,False,False,Battle Offensive
Spa,High-Speed,36,STR,Lance Stroll,Aston Martin,109.005,35.088,37.976,35.941,9,3.07,0.12,16,2,False,False,Battle Defensive
Spa,High-Speed,37,STR,Lance Stroll,Aston Martin,109.05,33.992,40.279,34.779,10,0.65,0.28,17,2,False,False,Battle Offensive
Spa,High-Speed,38,STR,Lance Stroll,Aston Martin,108.782,32.845,38.333,37.604,9,0.86,1.45,18,2,False,False,Battle Offensive
Spa,High-Speed,39,STR,Lance Stroll,Aston Martin,109.39,33.094,37.695,38.601,10,1.15,0.1,19,2,False,False,Battle Offensive
Spa,High-Speed,40,STR,Lance Stroll,Aston Martin,108.773,35.226,40.151,33.397,10,7.77,1.24,20,2,False,False,Battle Defensive
Spa,High-Speed,41,STR,Lance Stroll,Aston Martin,108.44,32.585,38.043,37.813,10,1.1,10.6,21,2,False,False,Battle Offensive
Spa,High-Speed,42,STR,Lance Stroll,Aston Martin,109.124,37.087,40.137,31.9,10,10.33,1.85,22,2,False,False,Clean Air
Spa,High-Speed,43,STR,Lance Stroll,Aston Martin,109.265,35.87,37.888,35.507,10,3.27,2.04,23,2,False,False,Clean Air
Spa,High-Speed,44,STR,Lance Stroll,Aston Martin,109.366,36.763,38.449,34.154,11,2.77,0.32,24,2,False,False,Battle Defensive
Spa,High-Speed,1,GAS,Pierre Gasly,Alpine,108.651,33.295,36.305,39.05,13,2.28,1.4,1,1,False,False,Battle Defensive
Spa,High-Speed,2,GAS,Pierre Gasly,Alpine,107.867,32.409,36.576,38.882,13,0.1,0.94,2,1,False,False,Battle Offensive
Spa,High-Speed,3,GAS,Pierre Gasly,Alpine,108.041,36.728,39.735,31.578,13,2.34,2.1,3,1,False,False,DRS Train
Spa,High-Speed,4,GAS,Pierre Gasly,Alpine,108.047,33.693,37.046,37.308,13,0.1,3.97,4,1,False,False,Battle Offensive
Spa,High-Speed,5,GAS,Pierre Gasly,Alpine,108.009,33.97,39.962,34.077,14,3.46,0.71,5,1,False,False,Battle Defensive
Spa,High-Speed,6,GAS,Pierre Gasly,Alpine,107.944,34.066,37.731,36.147,13,3.76,9.22,6,1,False,False,Clean Air
Spa,High-Speed,7,GAS,Pierre Gasly,Alpine,107.92,35.721,39.302,32.897,13,1.35,4.41,7,1,False,False,Battle Offensive
Spa,High-Speed,8,GAS,Pierre Gasly,Alpine,107.849,35.558,39.456,32.835,13,0.15,1.88,8,1,False,False,Battle Offensive
Spa,High-Speed,9,GAS,Pierre Gasly,Alpine,108.312,35.317,38.384,34.612,13,0.38,3.22,9,1,False,False,Battle Offensive
Spa,High-Speed,10,GAS,Pierre Gasly,Alpine,108.275,34.52,36.52,37.234,13,1.84,11.65,10,1,False,False,DRS Train
Spa,High-Speed,11,GAS,Pierre Gasly,Alpine,108.295,34.519,36.09,37.686,13,2.27,2.95,11,1,False,False,DRS Train
Spa,High-Speed,12,GAS,Pierre Gasly,Alpine,109.508,36.893,38.885,33.73,13,8.2,0.4,12,1,False,False,Battle Defensive
Spa,High-Speed,13,GAS,Pierre Gasly,Alpine,109.298,36.563,36.857,35.878,13,0.39,1.43,13,1,False,False,Battle Offensive
Spa,High-Speed,14,GAS,Pierre Gasly,Alpine,108.583,36.311,37.768,34.503,13,0.19,0.11,14,1,False,False,Battle Offensive
Spa,High-Speed,15,GAS,Pierre Gasly,Alpine,108.377,33.998,39.218,35.161,13,2.97,2.65,15,1,False,False,DRS Train
Spa,High-Speed,16,GAS,Pierre Gasly,Alpine,148.057,49.91,53.301,44.846,13,4.26,0.14,16,1,False,True,Battle Defensive
Spa,High-Speed,17,GAS,Pierre Gasly,Alpine,137.9,45.336,47.117,45.447,13,1.46,0.41,17,1,False,True,Battle Offensive
Spa,High-Speed,18,GAS,Pierre Gasly,Alpine,136.006,44.544,49.055,42.408,13,3.15,5.43,18,1,False,True,Clean Air
Spa,High-Speed,19,GAS,Pierre Gasly,Alpine,108.957,34.199,38.964,35.794,13,0.23,3.43,19,1,False,False,Battle Offensive
Spa,High-Speed,20,GAS,Pierre Gasly,Alpine,109.859,35.878,38.72,35.26,13,0.1,6.71,20,1,False,False,Battle Offensive
Spa,High-Speed,21,GAS,Pierre Gasly,Alpine,109.224,33.515,40.035,35.674,13,5.96,2.18,21,1,False,False,Clean Air
Spa,High-Speed,22,GAS,Pierre Gasly,Alpine,109.093,35.479,39.522,34.093,13,10.58,0.2,22,1,False,False,Battle Defensive
Spa,High-Speed,23,GAS,Pierre Gasly,Alpine,129.582,42.025,47.789,39.767,13,8.48,1.52,1,2,True,False,Clean Air
Spa,High-Speed,24,GAS,Pierre Gasly,Alpine,107.833,33.411,39.695,34.727,13,10.97,2.57,2,2,False,False,Clean Air
Spa,High-Speed,25,GAS,Pierre Gasly,Alpine,108.084,35.036,36.93,36.118,13,0.36,0.53,3,2,False,False,Battle Offensive
Spa,High-Speed,26,GAS,Pierre Gasly,Alpine,107.575,33.918,37.282,36.375,13,3.03,2.72,4,2,False,False,Clean Air
Spa,High-Speed,27,GAS,Pierre Gasly,Alpine,108.13,34.06,38.99,35.08,13,1.53,2.9,5,2,False,False,DRS Train
Spa,High-Speed,28,GAS,Pierre Gasly,Alpine,108.776,34.695,38.701,35.38,13,0.1,1.62,6,2,False,False,Battle Offensive
Spa,High-Speed,29,GAS,Pierre Gasly,Alpine,108.349,35.563,38.24,34.547,13,4.02,9.87,7,2,False,False,Clean Air
Spa,High-Speed,30,GAS,Pierre Gasly,Alpine,108.325,33.675,38.973,35.676,13,2.08,3.99,8,2,False,False,DRS Train
Spa,High-Speed,31,GAS,Pierre Gasly,Alpine,108.636,33.012,38.111,37.514,13,1.36,1.66,9,2,False,False,Battle Offensive
Spa,High-Speed,32,GAS,Pierre Gasly,Alpine,109.064,37.02,40.103,31.941,13,8.63,0.14,10,2,False,False,Battle Defensive
Spa,High-Speed,33,GAS,Pierre Gasly,Alpine,108.332,35.035,38.892,34.405,13,3.12,1.84,11,2,False,False,Clean Air
Spa,High-Speed,34,GAS,Pierre Gasly,Alpine,108.814,33.27,36.616,38.928,13,2.52,3.13,12,2,False,False,DRS Train
Spa,High-Speed,35,GAS,Pierre Gasly,Alpine,108.206,33.371,36.937,37.897,13,6.19,2.2,13,2,False,False,Clean Air
Spa,High-Speed,36,GAS,Pierre Gasly,Alpine,108.626,35.569,38.967,34.089,13,2.21,1.54,14,2,False,False,DRS Train
Spa,High-Speed,37,GAS,Pierre Gasly,Alpine,108.532,36.295,36.677,35.56,13,0.8,3.89,15,2,False,False,Battle Offensive
Spa,High-Speed,38,GAS,Pierre Gasly,Alpine,108.774,35.316,38.19,35.268,13,1.48,4.71,16,2,False,False,Battle Offensive
Spa,High-Speed,39,GAS,Pierre Gasly,Alpine,109.382,36.798,38.247,34.337,13,0.98,0.7,17,2,False,False,Battle Offensive
Spa,High-Speed,40,GAS,Pierre Gasly,Alpine,109.309,35.402,38.658,35.248,12,3.89,1.38,18,2,False,False,Battle Defensive
Spa,High-Speed,41,GAS,Pierre Gasly,Alpine,108.959,35.834,36.315,36.81,13,2.36,3.17,19,2,False,False,DRS Train
Spa,High-Speed,42,GAS,Pierre Gasly,Alpine,108.932,36.733,37.875,34.324,13,1.85,2.65,20,2,False,False,DRS Train
Spa,High-Speed,43,GAS,Pierre Gasly,Alpine,109.038,36.255,39.634,33.15,13,4.06,6.55,21,2,False,False,Clean Air
Spa,High-Speed,44,GAS,Pierre Gasly,Alpine,109.637,33.249,37.2,39.188,13,0.1,7.71,22,2,False,False,Battle Offensive
Spa,High-Speed,1,OCO,Esteban Ocon,Alpine,108.164,34.075,37.208,36.882,11,1.27,4.58,1,1,False,False,Battle Offensive
Spa,High-Speed,2,OCO,Esteban Ocon,Alpine,107.941,36.352,37.818,33.772,11,0.92,0.59,2,1,False,False,Battle Offensive
Spa,High-Speed,3,OCO,Esteban Ocon,Alpine,107.874,33.869,36.854,37.151,11,4.43,8.89,3,1,False,False,Clean Air
Spa,High-Speed,4,OCO,Esteban Ocon,Alpine,108.501,35.035,37.918,35.549,11,1.52,2.49,4,1,False,False,DRS Train
Spa,High-Speed,5,OCO,Esteban Ocon,Alpine,108.013,34.659,36.517,36.838,11,2.99,1.26,5,1,False,False,Battle Defensive
Spa,High-Speed,6,OCO,Esteban Ocon,Alpine,107.883,32.597,38.964,36.322,11,1.92,0.92,6,1,False,False,Battle Defensive
Spa,High-Speed,7,OCO,Esteban Ocon,Alpine,107.913,35.576,39.396,32.941,11,2.56,1.04,7,1,False,False,Battle Defensive
Spa,High-Speed,8,OCO,Esteban Ocon,Alpine,107.826,33.146,36.576,38.104,11,1.42,6.39,8,1,False,False,Battle Offensive
Spa,High-Speed,9,OCO,Esteban Ocon,Alpine,108.493,34.229,38.515,35.749,11,0.76,0.65,9,1,False,False,Battle Offensive
Spa,High-Speed,10,OCO,Esteban Ocon,Alpine,108.728,32.899,37.581,38.248,11,0.21,0.34,10,1,False,False,Battle Offensive
Spa,High-Speed,11,OCO,Esteban Ocon,Alpine,108.972,34.062,36.561,38.348,11,0.82,2.16,11,1,False,False,Battle Offensive
Spa,High-Speed,12,OCO,Esteban Ocon,Alpine,109.079,36.856,37.1,35.123,11,7.21,0.15,12,1,False,False,Battle Defensive
Spa,High-Speed,13,OCO,Esteban Ocon,Alpine,108.863,36.007,39.684,33.172,11,3.39,0.14,13,1,False,False,Battle Defensive
Spa,High-Speed,14,OCO,Esteban Ocon,Alpine,108.069,36.287,36.303,35.479,11,0.31,1.35,14,1,False,False,Battle Offensive
Spa,High-Speed,15,OCO,Esteban Ocon,Alpine,108.81,33.847,39.922,35.041,11,2.52,5.52,15,1,False,False,DRS Train
Spa,High-Speed,16,OCO,Esteban Ocon,Alpine,136.993,46.244,45.445,45.303,11,0.22,2.19,16,1,False,True,Battle Offensive
Spa,High-Speed,17,OCO,Esteban Ocon,Alpine,138.029,45.62,50.238,42.172,11,2.38,2.96,17,1,False,True,DRS Train
Spa,High-Speed,18,OCO,Esteban Ocon,Alpine,150.586,47.791,50.444,52.351,11,0.1,3.02,18,1,False,True,Battle Offensive
Spa,High-Speed,19,OCO,Esteban Ocon,Alpine,129.998,43.843,45.874,40.28,11,7.03,1.97,1,2,True,False,Clean Air
Spa,High-Speed,20,OCO,Esteban Ocon,Alpine,108.452,34.964,37.593,35.895,11,0.88,14.62,2,2,False,False,Battle Offensive
Spa,High-Speed,21,OCO,Esteban Ocon,Alpine,108.197,36.027,38.83,33.34,11,4.34,4.58,3,2,False,False,Clean Air
Spa,High-Speed,22,OCO,Esteban Ocon,Alpine,108.182,32.954,36.389,38.839,11,0.3,4.62,4,2,False,False,Battle Offensive
Spa,High-Speed,23,OCO,Esteban Ocon,Alpine,108.2,33.677,39.138,35.384,11,3.48,3.1,5,2,False,False,Clean Air
Spa,High-Speed,24,OCO,Esteban Ocon,Alpine,107.713,35.939,35.698,36.077,11,1.68,3.29,6,2,False,False,DRS Train
Spa,High-Speed,25,OCO,Esteban Ocon,Alpine,108.492,36.822,36.823,34.846,11,1.42,2.47,7,2,False,False,Battle Offensive
Spa,High-Speed,26,OCO,Esteban Ocon,Alpine,108.433,34.571,40.034,33.829,11,3.2,1.43,8,2,False,False,Battle Defensive
Spa,High-Speed,27,OCO,Esteban Ocon,Alpine,108.19,32.53,39.598,36.062,11,2.14,2.08,9,2,False,False,DRS Train
Spa,High-Speed,28,OCO,Esteban Ocon,Alpine,108.807,36.908,40.046,31.854,12,4.39,0.48,10,2,False,False,Battle Defensive
Spa,High-Speed,29,OCO,Esteban Ocon,Alpine,108.172,33.672,39.005,35.495,11,1.54,2.67,11,2,False,False,DRS Train
Spa,High-Speed,30,OCO,Esteban Ocon,Alpine,108.73,34.525,36.452,37.753,11,0.28,6.24,12,2,False,False,Battle Offensive
Spa,High-Speed,31,OCO,Esteban Ocon,Alpine,108.673,35.534,37.888,35.251,11,6.33,3.52,13,2,False,False,Clean Air
Spa,High-Speed,32,OCO,Esteban Ocon,Alpine,108.686,32.78,39.865,36.04,11,5.38,1.96,14,2,False,False,Clean Air
Spa,High-Speed,33,OCO,Esteban Ocon,Alpine,108.693,32.875,36.943,38.875,11,4.86,4.23,15,2,False,False,Clean Air
Spa,High-Speed,34,OCO,Esteban Ocon,Alpine,108.473,35.409,36.85,36.214,10,0.48,8.64,16,2,False,False,Battle Offensive
Spa,High-Speed,35,OCO,Esteban Ocon,Alpine,108.989,34.824,36.678,37.486,11,6.98,0.1,17,2,False,False,Battle Defensive
Spa,High-Speed,36,OCO,Esteban Ocon,Alpine,109.093,33.39,36.205,39.498,10,5.53,0.1,18,2,False,False,Battle Defensive
Spa,High-Speed,37,OCO,Esteban Ocon,Alpine,108.711,35.441,38.282,34.989,11,1.93,0.67,19,2,False,False,Battle Defensive
Spa,High-Speed,38,OCO,Esteban Ocon,Alpine,109.108,36.881,36.652,35.575,11,3.92,0.21,20,2,False,False,Battle Defensive
Spa,High-Speed,39,OCO,Esteban Ocon,Alpine,109.194,32.862,40.138,36.194,11,12.62,2.58,21,2,False,False,Clean Air
Spa,High-Speed,40,OCO,Esteban Ocon,Alpine,110.112,35.234,37.688,37.189,12,2.58,0.24,22,2,False,False,Battle Defensive
Spa,High-Speed,41,OCO,Esteban Ocon,Alpine,110.237,35.73,38.376,36.13,11,0.1,0.83,23,2,False,False,Battle Offensive
Spa,High-Speed,42,OCO,Esteban Ocon,Alpine,109.515,33.623,39.19,36.702,11,0.63,3.35,24,2,False,False,Battle Offensive
Spa,High-Speed,43,OCO,Esteban Ocon,Alpine,109.307,33.994,40.172,35.14,11,1.21,4.78,25,2,False,False,Battle Offensive
Spa,High-Speed,44,OCO,Esteban Ocon,Alpine,109.775,36.503,37.707,35.565,11,2.65,8.81,26,2,False,False,DRS Train
Spa,High-Speed,1,HUL,Nico Hulkenberg,Haas,107.805,35.86,36.922,35.023,12,2.07,3.58,1,1,False,False,DRS Train
Spa,High-Speed,2,HUL,Nico Hulkenberg,Haas,108.13,35.382,37.387,35.361,12,0.65,1.41,2,1,False,False,Battle Offensive
Spa,High-Speed,3,HUL,Nico Hulkenberg,Haas,108.344,35.954,39.674,32.716,12,7.07,3.12,3,1,False,False,Clean Air
Spa,High-Speed,4,HUL,Nico Hulkenberg,Haas,108.337,34.34,38.83,35.166,12,5.1,3.44,4,1,False,False,Clean Air
Spa,High-Speed,5,HUL,Nico Hulkenberg,Haas,108.556,34.134,38.518,35.904,12,1.37,0.29,5,1,False,False,Battle Offensive
Spa,High-Speed,6,HUL,Nico Hulkenberg,Haas,108.095,34.367,37.249,36.479,12,2.74,3.81,6,1,False,False,DRS Train
Spa,High-Speed,7,HUL,Nico Hulkenberg,Haas,108.648,34.578,36.321,37.749,12,1.07,3.85,7,1,False,False,Battle Offensive
Spa,High-Speed,8,HUL,Nico Hulkenberg,Haas,108.548,35.428,38.93,34.19,12,0.8,1.29,8,1,False,False,Battle Offensive
Spa,High-Speed,9,HUL,Nico Hulkenberg,Haas,108.796,35.299,39.108,34.389,12,0.49,2.21,9,1,False,False,Battle Offensive
Spa,High-Speed,10,HUL,Nico Hulkenberg,Haas,108.712,34.596,39.581,34.534,12,1.01,3.01,10,1,False,False,Battle Offensive
Spa,High-Speed,11,HUL,Nico Hulkenberg,Haas,108.678,35.834,38.044,34.801,12,2.67,1.24,11,1,False,False,Battle Defensive
Spa,High-Speed,12,HUL,Nico Hulkenberg,Haas,108.628,34.485,37.831,36.311,12,4.21,3.42,12,1,False,False,Clean Air
Spa,High-Speed,13,HUL,Nico Hulkenberg,Haas,108.748,35.029,39.169,34.55,12,4.26,1.98,13,1,False,False,Clean Air
Spa,High-Speed,14,HUL,Nico Hulkenberg,Haas,129.932,40.203,47.993,41.736,12,0.1,0.1,1,2,True,False,Battle Offensive
Spa,High-Speed,15,HUL,Nico Hulkenberg,Haas,108.586,34.633,38.082,35.871,13,0.82,0.97,2,2,False,False,Battle Offensive
Spa,High-Speed,16,HUL,Nico Hulkenberg,Haas,144.327,47.161,49.519,47.647,12,2.24,3.66,3,2,False,True,DRS Train
Spa,High-Speed,17,HUL,Nico Hulkenberg,Haas,151.199,48.322,51.225,51.652,12,9.69,1.72,4,2,False,True,Clean Air
Spa,High-Speed,18,HUL,Nico Hulkenberg,Haas,147.033,47.696,51.931,47.405,12,5.88,4.27,5,2,False,True,Clean Air
Spa,High-Speed,19,HUL,Nico Hulkenberg,Haas,108.539,36.897,38.372,33.27,12,9.31,4.4,6,2,False,False,Clean Air
Spa,High-Speed,20,HUL,Nico Hulkenberg,Haas,108.033,32.412,37.833,37.788,12,3.1,3.72,7,2,False,False,Clean Air
Spa,High-Speed,21,HUL,Nico Hulkenberg,Haas,108.311,36.568,36.784,34.958,12,0.41,2.74,8,2,False,False,Battle Offensive
Spa,High-Speed,22,HUL,Nico Hulkenberg,Haas,109.081,34.152,39.008,35.92,12,0.25,0.18,9,2,False,False,Battle Offensive
Spa,High-Speed,23,HUL,Nico Hulkenberg,Haas,108.699,33.125,37.848,37.725,12,1.27,3.43,10,2,False,False,Battle Offensive
Spa,High-Speed,24,HUL,Nico Hulkenberg,Haas,108.616,34.474,36.103,38.04,12,2.01,0.59,11,2,False,False,Battle Defensive
Spa,High-Speed,25,HUL,Nico Hulkenberg,Haas,108.059,32.761,36.564,38.735,12,4.82,3.3,12,2,False,False,Clean Air
Spa,High-Speed,26,HUL,Nico Hulkenberg,Haas,108.912,35.649,39.644,33.62,12,1.53,10.39,13,2,False,False,DRS Train
Spa,High-Speed,27,HUL,Nico Hulkenberg,Haas,108.945,36.086,37.183,35.676,12,0.61,3.5,14,2,False,False,Battle Offensive
Spa,High-Speed,28,HUL,Nico Hulkenberg,Haas,109.458,36.246,39.948,33.264,11,1.68,1.1,15,2,False,False,Battle Defensive
Spa,High-Speed,29,HUL,Nico Hulkenberg,Haas,129.695,43.585,45.157,40.953,12,0.42,4.33,1,3,True,False,Battle Offensive
Spa,High-Speed,30,HUL,Nico Hulkenberg,Haas,108.059,36.288,35.989,35.782,12,1.6,3.6,2,3,False,False,DRS Train
Spa,High-Speed,31,HUL,Nico Hulkenberg,Haas,108.659,36.931,39.199,32.529,12,6.65,1.26,3,3,False,False,Battle Defensive
Spa,High-Speed,32,HUL,Nico Hulkenberg,Haas,107.729,34.683,39.455,33.59,12,1.14,0.55,4,3,False,False,Battle Offensive
Spa,High-Speed,33,HUL,Nico Hulkenberg,Haas,108.302,33.596,36.151,38.556,12,6.1,0.14,5,3,False,False,Battle Defensive
Spa,High-Speed,34,HUL,Nico Hulkenberg,Haas,108.154,36.022,37.189,34.943,12,2.16,1.96,6,3,False,False,DRS Train
Spa,High-Speed,35,HUL,Nico Hulkenberg,Haas,108.228,33.143,37.719,37.365,12,0.22,0.88,7,3,False,False,Battle Offensive
Spa,High-Speed,36,HUL,Nico Hulkenberg,Haas,108.479,32.973,38.68,36.826,12,0.1,2.02,8,3,False,False,Battle Offensive
Spa,High-Speed,37,HUL,Nico Hulkenberg,Haas,108.673,33.668,37.594,37.412,12,2.36,1.6,9,3,False,False,DRS Train
Spa,High-Speed,38,HUL,Nico Hulkenberg,Haas,108.359,35.965,40.036,32.358,12,6.21,4.74,10,3,False,False,Clean Air
Spa,High-Speed,39,HUL,Nico Hulkenberg,Haas,109.208,36.772,39.9,32.537,12,10.16,0.1,11,3,False,False,Battle Defensive
Spa,High-Speed,40,HUL,Nico Hulkenberg,Haas,108.578,32.622,38.196,37.761,12,4.61,7.29,12,3,False,False,Clean Air
Spa,High-Speed,41,HUL,Nico Hulkenberg,Haas,108.97,34.256,39.692,35.021,12,1.43,1.5,13,3,False,False,Battle Offensive
Spa,High-Speed,42,HUL,Nico Hulkenberg,Haas,108.879,33.11,37.084,38.685,12,1.48,3.58,14,3,False,False,Battle Offensive
Spa,High-Speed,43,HUL,Nico Hulkenberg,Haas,108.832,36.805,38.9,33.127,12,0.35,0.87,15,3,False,False,Battle Offensive
Spa,High-Speed,44,HUL,Nico Hulkenberg,Haas,109.33,32.839,39.545,36.947,12,0.98,4.68,16,3,False,False,Battle Offensive
Monza,High-Speed,1,VER,Max Verstappen,Red Bull,82.101,26.465,27.39,28.246,2,4.1,0.48,1,1,False,False,Battle Defensive
Monza,High-Speed,2,VER,Max Verstappen,Red Bull,82.081,24.746,29.226,28.109,2,0.84,0.76,2,1,False,False,Battle Offensive
Monza,High-Speed,3,VER,Max Verstappen,Red Bull,82.215,25.393,28.498,28.324,2,2.12,4.69,3,1,False,False,DRS Train
Monza,High-Speed,4,VER,Max Verstappen,Red Bull,82.093,26.598,30.16,25.336,2,1.06,0.1,4,1,False,False,Battle Offensive
Monza,High-Speed,5,VER,Max Verstappen,Red Bull,82.239,26.277,27.518,28.444,2,5.09,7.11,5,1,False,False,Clean Air
Monza,High-Speed,6,VER,Max Verstappen,Red Bull,82.335,25.495,30.091,26.75,2,5.37,3.08,6,1,False,False,Clean Air
Monza,High-Speed,7,VER,Max Verstappen,Red Bull,82.514,27.909,30.511,24.094,2,9.84,0.1,7,1,False,False,Battle Defensive
Monza,High-Speed,8,VER,Max Verstappen,Red Bull,82.508,26.706,29.039,26.763,2,2.09,0.48,8,1,False,False,Battle Defensive
Monza,High-Speed,9,VER,Max Verstappen,Red Bull,82.609,27.805,28.411,26.392,2,4.88,0.9,9,1,False,False,Battle Defensive
Monza,High-Speed,10,VER,Max Verstappen,Red Bull,82.47,26.71,28.141,27.619,2,0.8,0.64,10,1,False,False,Battle Offensive
Monza,High-Speed,11,VER,Max Verstappen,Red Bull,82.447,27.462,27.824,27.161,2,0.31,1.92,11,1,False,False,Battle Offensive
Monza,High-Speed,12,VER,Max Verstappen,Red Bull,82.779,26.154,29.236,27.389,2,1.12,2.03,12,1,False,False,Battle Offensive
Monza,High-Speed,13,VER,Max Verstappen,Red Bull,82.677,26.117,28.097,28.463,2,0.71,4.33,13,1,False,False,Battle Offensive
Monza,High-Speed,14,VER,Max Verstappen,Red Bull,82.456,25.387,30.381,26.688,2,0.64,4.75,14,1,False,False,Battle Offensive
Monza,High-Speed,15,VER,Max Verstappen,Red Bull,82.59,25.599,30.111,26.879,2,7.2,5.78,15,1,False,False,Clean Air
Monza,High-Speed,16,VER,Max Verstappen,Red Bull,104.116,32.462,34.734,36.92,2,4.29,3.69,1,2,True,False,Clean Air
Monza,High-Speed,17,VER,Max Verstappen,Red Bull,82.118,26.868,27.373,27.877,2,8.36,0.75,2,2,False,False,Battle Defensive
Monza,High-Speed,18,VER,Max Verstappen,Red Bull,82.344,26.015,29.942,26.386,2,2.2,0.78,3,2,False,False,Battle Defensive
Monza,High-Speed,19,VER,Max Verstappen,Red Bull,82.171,25.911,30.254,26.007,2,1.98,4.58,4,2,False,False,DRS Train
Monza,High-Speed,20,VER,Max Verstappen,Red Bull,82.342,25.839,30.271,26.233,2,0.19,1.31,5,2,False,False,Battle Offensive
Monza,High-Speed,21,VER,Max Verstappen,Red Bull,82.489,25.447,29.272,27.771,2,0.6,6.16,6,2,False,False,Battle Offensive
Monza,High-Speed,22,VER,Max Verstappen,Red Bull,82.539,27.672,29.419,25.447,2,1.36,1.75,7,2,False,False,Battle Offensive
Monza,High-Speed,23,VER,Max Verstappen,Red Bull,82.507,26.738,30.422,25.346,2,1.84,0.64,8,2,False,False,Battle Defensive
Monza,High-Speed,24,VER,Max Verstappen,Red Bull,82.48,26.714,27.861,27.905,2,4.82,0.58,9,2,False,False,Battle Defensive
Monza,High-Speed,25,VER,Max Verstappen,Red Bull,82.721,27.37,29.743,25.608,2,1.03,7.14,10,2,False,False,Battle Offensive
Monza,High-Speed,26,VER,Max Verstappen,Red Bull,82.294,25.822,29.748,26.725,2,0.21,0.93,11,2,False,False,Battle Offensive
Monza,High-Speed,27,VER,Max Verstappen,Red Bull,82.458,27.56,29.928,24.971,2,0.32,0.18,12,2,False,False,Battle Offensive
Monza,High-Speed,28,VER,Max Verstappen,Red Bull,82.528,25.208,28.837,28.483,2,5.6,0.12,13,2,False,False,Battle Defensive
Monza,High-Speed,29,VER,Max Verstappen,Red Bull,83.017,25.002,29.165,28.85,2,2.53,0.66,14,2,False,False,Battle Defensive
Monza,High-Speed,30,VER,Max Verstappen,Red Bull,82.86,25.298,27.865,29.697,2,5.15,0.33,15,2,False,False,Battle Defensive
Monza,High-Speed,31,VER,Max Verstappen,Red Bull,82.741,26.327,27.616,28.799,2,2.56,6.6,16,2,False,False,DRS Train
Monza,High-Speed,32,VER,Max Verstappen,Red Bull,104.175,35.099,34.398,34.678,2,0.83,2.5,1,3,True,False,Battle Offensive
Monza,High-Speed,33,VER,Max Verstappen,Red Bull,82.35,25.013,28.936,28.401,2,0.12,3.9,2,3,False,False,Battle Offensive
Monza,High-Speed,34,VER,Max Verstappen,Red Bull,82.324,27.583,28.947,25.794,2,1.72,1.07,3,3,False,False,Battle Defensive
Monza,High-Speed,35,VER,Max Verstappen,Red Bull,82.327,27.106,28.675,26.546,2,5.07,0.25,4,3,False,False,Battle Defensive
Monza,High-Speed,36,VER,Max Verstappen,Red Bull,82.723,25.516,29.931,27.276,2,0.13,2.93,5,3,False,False,Battle Offensive
Monza,High-Speed,37,VER,Max Verstappen,Red Bull,82.184,27.097,27.34,27.747,3,1.97,0.85,6,3,False,False,Battle Defensive
Monza,High-Speed,38,VER,Max Verstappen,Red Bull,82.276,24.842,29.301,28.134,1,,6.44,7,3,False,False,Clean Air
Monza,High-Speed,39,VER,Max Verstappen,Red Bull,82.256,27.066,29.47,25.72,2,3.09,6.61,8,3,False,False,Clean Air
Monza,High-Speed,40,VER,Max Verstappen,Red Bull,82.532,26.345,27.63,28.557,2,6.92,0.57,9,3,False,False,Battle Defensive
Monza,High-Speed,41,VER,Max Verstappen,Red Bull,103.786,32.46,37.54,33.787,2,0.13,0.96,10,3,False,True,Battle Offensive
Monza,High-Speed,42,VER,Max Verstappen,Red Bull,115.263,36.393,41.301,37.569,2,1.12,0.98,11,3,False,True,Battle Offensive
Monza,High-Speed,43,VER,Max Verstappen,Red Bull,104.847,33.131,35.509,36.207,2,0.37,7.28,12,3,False,True,Battle Offensive
Monza,High-Speed,44,VER,Max Verstappen,Red Bull,108.951,35.781,37.957,35.213,2,0.91,14.97,13,3,False,True,Battle Offensive
Monza,High-Speed,45,VER,Max Verstappen,Red Bull,82.656,27.001,28.862,26.792,2,1.39,9.85,14,3,False,False,Battle Offensive
Monza,High-Speed,46,VER,Max Verstappen,Red Bull,82.786,27.876,28.041,26.869,2,1.61,1.05,15,3,False,False,Battle Defensive
Monza,High-Speed,47,VER,Max Verstappen,Red Bull,82.876,25.02,27.694,30.162,1,,0.3,16,3,False,False,Battle Defensive
Monza,High-Speed,48,VER,Max Verstappen,Red Bull,82.772,27.545,27.955,27.272,2,0.38,0.1,17,3,False,False,Battle Offensive
Monza,High-Speed,49,VER,Max Verstappen,Red Bull,82.826,25.246,28.152,29.428,2,0.1,3.31,18,3,False,False,Battle Offensive
Monza,High-Speed,50,VER,Max Verstappen,Red Bull,82.833,25.018,29.989,27.827,2,4.0,0.36,19,3,False,False,Battle Defensive
Monza,High-Speed,51,VER,Max Verstappen,Red Bull,83.11,25.922,30.528,26.66,2,0.48,2.57,20,3,False,False,Battle Offensive
Monza,High-Speed,52,VER,Max Verstappen,Red Bull,82.692,24.999,30.421,27.271,2,8.13,5.06,21,3,False,False,Clean Air
Monza,High-Speed,53,VER,Max Verstappen,Red Bull,83.155,25.215,28.095,29.845,2,7.58,0.1,22,3,False,False,Battle Defensive
Monza,High-Speed,1,NOR,Lando Norris,McLaren,82.066,25.109,28.672,28.285,3,1.74,0.89,1,1,False,False,Battle Defensive
Monza,High-Speed,2,NOR,Lando Norris,McLaren,82.669,25.78,29.135,27.754,3,0.36,1.6,2,1,False,False,Battle Offensive
Monza,High-Speed,3,NOR,Lando Norris,McLaren,82.626,27.768,28.077,26.781,3,7.7,2.31,3,1,False,False,Clean Air
Monza,High-Speed,4,NOR,Lando Norris,McLaren,83.059,25.661,29.533,27.865,3,11.38,0.57,4,1,False,False,Battle Defensive
Monza,High-Speed,5,NOR,Lando Norris,McLaren,82.343,26.55,29.106,26.687,3,8.98,7.32,5,1,False,False,Clean Air
Monza,High-Speed,6,NOR,Lando Norris,McLaren,82.444,27.339,27.469,27.636,3,2.71,3.38,6,1,False,False,DRS Train
Monza,High-Speed,7,NOR,Lando Norris,McLaren,83.041,25.662,29.688,27.691,3,1.21,0.1,7,1,False,False,Battle Offensive
Monza,High-Speed,8,NOR,Lando Norris,McLaren,82.629,25.796,28.858,27.975,3,3.95,1.51,8,1,False,False,Clean Air
Monza,High-Speed,9,NOR,Lando Norris,McLaren,83.252,25.295,29.329,28.628,3,3.1,0.59,9,1,False,False,Battle Defensive
Monza,High-Speed,10,NOR,Lando Norris,McLaren,82.711,27.28,30.019,25.412,3,1.96,0.82,10,1,False,False,Battle Defensive
Monza,High-Speed,11,NOR,Lando Norris,McLaren,83.169,25.377,27.777,30.015,3,4.84,0.28,11,1,False,False,Battle Defensive
Monza,High-Speed,12,NOR,Lando Norris,McLaren,82.43,26.439,28.652,27.339,3,1.49,0.29,12,1,False,False,Battle Offensive
Monza,High-Speed,13,NOR,Lando Norris,McLaren,83.129,25.6,28.753,28.776,3,2.1,3.25,13,1,False,False,DRS Train
Monza,High-Speed,14,NOR,Lando Norris,McLaren,82.68,25.315,28.172,29.192,3,8.79,2.57,14,1,False,False,Clean Air
Monza,High-Speed,15,NOR,Lando Norris,McLaren,83.185,27.759,28.061,27.365,2,0.57,0.4,15,1,False,False,Battle Offensive
Monza,High-Speed,16,NOR,Lando Norris,McLaren,82.734,26.112,28.825,27.797,3,4.71,2.16,16,1,False,False,Clean Air
Monza,High-Speed,17,NOR,Lando Norris,McLaren,82.862,26.128,29.042,27.692,3,0.22,4.61,17,1,False,False,Battle Offensive
Monza,High-Speed,18,NOR,Lando Norris,McLaren,82.925,27.674,30.572,24.68,3,4.25,0.99,18,1,False,False,Battle Defensive
Monza,High-Speed,19,NOR,Lando Norris,McLaren,83.337,27.634,29.682,26.022,3,3.12,1.36,19,1,False,False,Battle Defensive
Monza,High-Speed,20,NOR,Lando Norris,McLaren,82.825,27.705,27.845,27.275,3,3.44,5.66,20,1,False,False,Clean Air
Monza,High-Speed,21,NOR,Lando Norris,McLaren,83.162,28.014,28.963,26.184,2,5.73,0.1,21,1,False,False,Battle Defensive
Monza,High-Speed,22,NOR,Lando Norris,McLaren,83.193,25.515,30.187,27.49,3,2.68,9.01,22,1,False,False,DRS Train
Monza,High-Speed,23,NOR,Lando Norris,McLaren,82.999,26.46,29.839,26.7,3,3.01,12.67,23,1,False,False,Clean Air
Monza,High-Speed,24,NOR,Lando Norris,McLaren,83.18,26.013,29.787,27.38,3,0.52,4.59,24,1,False,False,Battle Offensive
Monza,High-Speed,25,NOR,Lando Norris,McLaren,82.948,26.865,30.086,25.998,3,3.35,2.68,25,1,False,False,Clean Air
Monza,High-Speed,26,NOR,Lando Norris,McLaren,83.47,26.323,27.889,29.258,3,1.61,3.35,26,1,False,False,DRS Train
Monza,High-Speed,27,NOR,Lando Norris,McLaren,83.564,25.958,29.027,28.579,3,2.49,0.27,27,1,False,False,Battle Defensive
Monza,High-Speed,28,NOR,Lando Norris,McLaren,104.684,33.017,37.443,34.223,3,0.64,1.08,1,2,True,False,Battle Offensive
Monza,High-Speed,29,NOR,Lando Norris,McLaren,82.181,26.407,29.354,26.42,3,6.37,0.1,2,2,False,False,Battle Defensive
Monza,High-Speed,30,NOR,Lando Norris,McLaren,82.794,26.372,30.45,25.973,3,0.15,0.18,3,2,False,False,Battle Offensive
Monza,High-Speed,31,NOR,Lando Norris,McLaren,83.257,27.862,28.487,26.908,3,9.15,0.69,4,2,False,False,Battle Defensive
Monza,High-Speed,32,NOR,Lando Norris,McLaren,82.544,25.307,29.592,27.645,3,4.0,8.85,5,2,False,False,Clean Air
Monza,High-Speed,33,NOR,Lando Norris,McLaren,82.549,24.936,28.504,29.109,3,3.29,1.45,6,2,False,False,Battle Defensive
Monza,High-Speed,34,NOR,Lando Norris,McLaren,83.148,27.639,29.973,25.537,3,0.14,1.89,7,2,False,False,Battle Offensive
Monza,High-Speed,35,NOR,Lando Norris,McLaren,83.169,25.174,30.407,27.589,3,3.58,1.42,8,2,False,False,Battle Defensive
Monza,High-Speed,36,NOR,Lando Norris,McLaren,82.732,26.146,28.399,28.188,3,6.13,3.55,9,2,False,False,Clean Air
Monza,High-Speed,37,NOR,Lando Norris,McLaren,82.584,26.938,30.251,25.395,3,2.12,1.86,10,2,False,False,DRS Train
Monza,High-Speed,38,NOR,Lando Norris,McLaren,82.754,25.061,28.401,29.293,4,12.5,3.09,11,2,False,False,Clean Air
Monza,High-Speed,39,NOR,Lando Norris,McLaren,83.079,25.571,30.68,26.829,3,2.55,1.87,12,2,False,False,DRS Train
Monza,High-Speed,40,NOR,Lando Norris,McLaren,83.404,25.634,28.86,28.91,3,1.21,2.3,13,2,False,False,Battle Offensive
Monza,High-Speed,41,NOR,Lando Norris,McLaren,106.864,33.226,36.127,37.511,3,0.18,2.28,14,2,False,True,Battle Offensive
Monza,High-Speed,42,NOR,Lando Norris,McLaren,113.823,36.729,39.045,38.049,3,1.16,1.15,15,2,False,True,Battle Offensive
Monza,High-Speed,43,NOR,Lando Norris,McLaren,107.581,34.249,38.321,35.011,3,1.32,0.96,16,2,False,True,Battle Offensive
Monza,High-Speed,44,NOR,Lando Norris,McLaren,114.845,38.688,37.957,38.2,3,0.82,5.41,17,2,False,True,Battle Offensive
Monza,High-Speed,45,NOR,Lando Norris,McLaren,83.733,28.468,29.349,25.915,3,1.15,0.74,18,2,False,False,Battle Offensive
Monza,High-Speed,46,NOR,Lando Norris,McLaren,83.602,26.906,28.579,28.117,2,0.4,0.9,19,2,False,False,Battle Offensive
Monza,High-Speed,47,NOR,Lando Norris,McLaren,83.228,28.114,27.732,27.383,3,1.68,0.62,20,2,False,False,Battle Defensive
Monza,High-Speed,48,NOR,Lando Norris,McLaren,83.404,25.135,28.595,29.674,3,1.23,2.92,21,2,False,False,Battle Offensive
Monza,High-Speed,49,NOR,Lando Norris,McLaren,82.946,25.649,30.329,26.968,3,1.61,3.33,22,2,False,False,DRS Train
Monza,High-Speed,50,NOR,Lando Norris,McLaren,83.029,26.732,29.352,26.946,3,1.48,6.81,23,2,False,False,Battle Offensive
Monza,High-Speed,51,NOR,Lando Norris,McLaren,83.307,28.101,30.682,24.524,3,2.52,1.33,24,2,False,False,Battle Defensive
Monza,High-Speed,52,NOR,Lando Norris,McLaren,83.707,27.874,29.597,26.236,3,0.28,4.49,25,2,False,False,Battle Offensive
Monza,High-Speed,53,NOR,Lando Norris,McLaren,83.587,25.618,30.071,27.898,3,3.83,0.34,26,2,False,False,Battle Defensive
Monza,High-Speed,1,LEC,Charles Leclerc,Ferrari,82.196,24.695,29.732,27.77,8,2.99,6.52,1,1,False,False,DRS Train
Monza,High-Speed,2,LEC,Charles Leclerc,Ferrari,82.682,27.143,27.687,27.852,8,1.31,2.78,2,1,False,False,Battle Offensive
Monza,High-Speed,3,LEC,Charles Leclerc,Ferrari,82.997,25.672,29.1,28.225,8,4.02,1.35,3,1,False,False,Battle Defensive
Monza,High-Speed,4,LEC,Charles Leclerc,Ferrari,82.51,26.643,29.069,26.797,8,3.26,2.58,4,1,False,False,Clean Air
Monza,High-Speed,5,LEC,Charles Leclerc,Ferrari,83.044,27.314,29.085,26.645,8,4.37,0.51,5,1,False,False,Battle Defensive
Monza,High-Speed,6,LEC,Charles Leclerc,Ferrari,82.241,25.785,29.197,27.258,8,3.31,1.72,6,1,False,False,Clean Air
Monza,High-Speed,7,LEC,Charles Leclerc,Ferrari,82.567,27.12,29.438,26.009,9,0.37,6.18,7,1,False,False,Battle Offensive
Monza,High-Speed,8,LEC,Charles Leclerc,Ferrari,82.77,27.258,29.358,26.154,8,8.23,1.46,8,1,False,False,Battle Defensive
Monza,High-Speed,9,LEC,Charles Leclerc,Ferrari,82.53,25.755,28.251,28.524,8,0.54,0.96,9,1,False,False,Battle Offensive
Monza,High-Speed,10,LEC,Charles Leclerc,Ferrari,82.601,25.43,29.974,27.197,8,0.1,1.09,10,1,False,False,Battle Offensive
Monza,High-Speed,11,LEC,Charles Leclerc,Ferrari,83.439,28.129,30.706,24.605,8,1.99,1.18,11,1,False,False,Battle Defensive
Monza,High-Speed,12,LEC,Charles Leclerc,Ferrari,83.275,27.724,28.729,26.823,8,2.78,1.32,12,1,False,False,Battle Defensive
Monza,High-Speed,13,LEC,Charles Leclerc,Ferrari,83.015,25.982,28.122,28.91,8,1.89,8.13,13,1,False,False,DRS Train
Monza,High-Speed,14,LEC,Charles Leclerc,Ferrari,83.585,26.655,29.198,27.732,8,0.21,3.08,14,1,False,False,Battle Offensive
Monza,High-Speed,15,LEC,Charles Leclerc,Ferrari,83.494,28.216,28.576,26.702,8,0.1,4.04,15,1,False,False,Battle Offensive
Monza,High-Speed,16,LEC,Charles Leclerc,Ferrari,83.042,25.118,27.573,30.351,8,0.23,0.66,16,1,False,False,Battle Offensive
Monza,High-Speed,17,LEC,Charles Leclerc,Ferrari,83.371,26.856,30.262,26.253,8,1.35,2.14,17,1,False,False,Battle Offensive
Monza,High-Speed,18,LEC,Charles Leclerc,Ferrari,83.363,27.177,29.902,26.284,8,1.13,3.6,18,1,False,False,Battle Offensive
Monza,High-Speed,19,LEC,Charles Leclerc,Ferrari,83.139,26.144,29.063,27.932,8,1.5,0.43,19,1,False,False,Battle Defensive
Monza,High-Speed,20,LEC,Charles Leclerc,Ferrari,83.055,26.691,27.82,28.544,8,7.99,8.01,20,1,False,False,Clean Air
Monza,High-Speed,21,LEC,Charles Leclerc,Ferrari,83.167,26.695,29.431,27.041,8,4.13,0.4,21,1,False,False,Battle Defensive
Monza,High-Speed,22,LEC,Charles Leclerc,Ferrari,83.344,25.229,27.629,30.486,8,2.23,3.31,22,1,False,False,DRS Train
Monza,High-Speed,23,LEC,Charles Leclerc,Ferrari,83.293,27.541,29.482,26.271,8,3.65,1.22,23,1,False,False,Battle Defensive
Monza,High-Speed,24,LEC,Charles Leclerc,Ferrari,83.066,27.792,29.344,25.93,9,0.37,0.96,24,1,False,False,Battle Offensive
Monza,High-Speed,25,LEC,Charles Leclerc,Ferrari,83.141,27.23,28.597,27.313,8,3.27,0.68,25,1,False,False,Battle Defensive
Monza,High-Speed,26,LEC,Charles Leclerc,Ferrari,104.186,33.691,36.842,33.654,8,8.92,0.44,1,2,True,False,Battle Defensive
Monza,High-Speed,27,LEC,Charles Leclerc,Ferrari,82.244,25.28,28.86,28.104,8,0.87,0.18,2,2,False,False,Battle Offensive
Monza,High-Speed,28,LEC,Charles Leclerc,Ferrari,82.918,27.552,28.59,26.776,8,2.16,0.71,3,2,False,False,Battle Defensive
Monza,High-Speed,29,LEC,Charles Leclerc,Ferrari,82.453,27.495,28.438,26.521,8,2.09,3.95,4,2,False,False,DRS Train
Monza,High-Speed,30,LEC,Charles Leclerc,Ferrari,82.502,25.402,29.214,27.886,8,0.18,1.22,5,2,False,False,Battle Offensive
Monza,High-Speed,31,LEC,Charles Leclerc,Ferrari,82.29,26.952,28.168,27.17,8,1.49,0.1,6,2,False,False,Battle Offensive
Monza,High-Speed,32,LEC,Charles Leclerc,Ferrari,82.435,27.992,30.172,24.271,8,1.64,2.03,7,2,False,False,DRS Train
Monza,High-Speed,33,LEC,Charles Leclerc,Ferrari,83.322,25.008,29.078,29.236,8,0.84,5.59,8,2,False,False,Battle Offensive
Monza,High-Speed,34,LEC,Charles Leclerc,Ferrari,82.453,24.76,28.863,28.829,8,9.64,0.22,9,2,False,False,Battle Defensive
Monza,High-Speed,35,LEC,Charles Leclerc,Ferrari,82.643,24.899,28.362,29.381,8,0.44,8.41,10,2,False,False,Battle Offensive
Monza,High-Speed,36,LEC,Charles Leclerc,Ferrari,83.021,26.442,28.84,27.738,8,1.76,0.14,11,2,False,False,Battle Defensive
Monza,High-Speed,37,LEC,Charles Leclerc,Ferrari,83.041,25.684,27.624,29.733,8,3.0,3.14,12,2,False,False,DRS Train
Monza,High-Speed,38,LEC,Charles Leclerc,Ferrari,82.902,25.717,28.44,28.746,8,0.2,2.14,13,2,False,False,Battle Offensive
Monza,High-Speed,39,LEC,Charles Leclerc,Ferrari,83.306,27.18,29.064,27.062,8,0.19,0.87,14,2,False,False,Battle Offensive
Monza,High-Speed,40,LEC,Charles Leclerc,Ferrari,82.735,26.236,29.374,27.125,8,8.07,1.41,15,2,False,False,Battle Defensive
Monza,High-Speed,41,LEC,Charles Leclerc,Ferrari,115.263,37.857,40.004,37.402,7,3.31,3.84,16,2,False,True,Clean Air
Monza,High-Speed,42,LEC,Charles Leclerc,Ferrari,106.83,35.634,37.486,33.71,8,1.48,4.26,17,2,False,True,Battle Offensive
Monza,High-Speed,43,LEC,Charles Leclerc,Ferrari,104.596,33.234,35.953,35.408,8,6.33,4.35,18,2,False,True,Clean Air
Monza,High-Speed,44,LEC,Charles Leclerc,Ferrari,105.466,31.696,36.654,37.116,8,5.52,1.57,19,2,False,True,Clean Air
Monza,High-Speed,45,LEC,Charles Leclerc,Ferrari,83.005,27.755,28.966,26.283,8,2.34,5.73,20,2,False,False,DRS Train
Monza,High-Speed,46,LEC,Charles Leclerc,Ferrari,83.635,28.021,27.997,27.617,8,0.15,0.29,21,2,False,False,Battle Offensive
Monza,High-Speed,47,LEC,Charles Leclerc,Ferrari,83.815,28.025,28.776,27.015,8,0.66,9.11,22,2,False,False,Battle Offensive
Monza,High-Speed,48,LEC,Charles Leclerc,Ferrari,83.964,27.825,27.748,28.391,8,1.92,1.41,23,2,False,False,Battle Defensive
Monza,High-Speed,49,LEC,Charles Leclerc,Ferrari,83.623,25.768,29.0,28.855,8,0.63,4.04,24,2,False,False,Battle Offensive
Monza,High-Speed,50,LEC,Charles Leclerc,Ferrari,83.616,26.546,28.289,28.781,8,0.97,3.19,25,2,False,False,Battle Offensive
Monza,High-Speed,51,LEC,Charles Leclerc,Ferrari,84.125,25.323,28.629,30.173,8,0.36,0.34,26,2,False,False,Battle Offensive
Monza,High-Speed,52,LEC,Charles Leclerc,Ferrari,83.592,25.771,30.454,27.366,8,0.44,7.84,27,2,False,False,Battle Offensive
Monza,High-Speed,53,LEC,Charles Leclerc,Ferrari,83.729,27.858,29.351,26.52,8,2.94,2.35,28,2,False,False,DRS Train
Monza,High-Speed,1,SAI,Carlos Sainz,Ferrari,82.615,26.042,28.21,28.363,4,0.8,0.59,1,1,False,False,Battle Offensive
Monza,High-Speed,2,SAI,Carlos Sainz,Ferrari,83.067,26.637,27.438,28.993,4,1.32,0.78,2,1,False,False,Battle Offensive
Monza,High-Speed,3,SAI,Carlos Sainz,Ferrari,82.797,26.99,29.249,26.558,4,0.2,3.19,3,1,False,False,Battle Offensive
Monza,High-Speed,4,SAI,Carlos Sainz,Ferrari,82.694,25.193,28.793,28.708,4,0.17,2.59,4,1,False,False,Battle Offensive
Monza,High-Speed,5,SAI,Carlos Sainz,Ferrari,83.119,25.365,28.687,29.068,4,1.4,1.03,5,1,False,False,Battle Offensive
Monza,High-Speed,6,SAI,Carlos Sainz,Ferrari,83.072,26.07,28.648,28.353,4,2.31,6.11,6,1,False,False,DRS Train
Monza,High-Speed,7,SAI,Carlos Sainz,Ferrari,82.59,25.326,28.756,28.508,4,2.89,0.97,7,1,False,False,Battle Defensive
Monza,High-Speed,8,SAI,Carlos Sainz,Ferrari,82.616,25.943,30.29,26.382,4,0.9,2.27,8,1,False,False,Battle Offensive
Monza,High-Speed,9,SAI,Carlos Sainz,Ferrari,83.266,26.657,28.384,28.224,4,1.24,4.3,9,1,False,False,Battle Offensive
Monza,High-Speed,10,SAI,Carlos Sainz,Ferrari,82.744,26.585,27.526,28.634,4,5.05,0.32,10,1,False,False,Battle Defensive
Monza,High-Speed,11,SAI,Carlos Sainz,Ferrari,83.365,25.311,30.609,27.444,4,1.38,0.34,11,1,False,False,Battle Offensive
Monza,High-Speed,12,SAI,Carlos Sainz,Ferrari,82.917,26.618,30.196,26.104,4,0.1,0.89,12,1,False,False,Battle Offensive
Monza,High-Speed,13,SAI,Carlos Sainz,Ferrari,82.773,25.595,28.948,28.231,4,2.33,3.23,13,1,False,False,DRS Train
Monza,High-Speed,14,SAI,Carlos Sainz,Ferrari,83.259,28.152,27.605,27.502,4,2.08,4.08,14,1,False,False,DRS Train
Monza,High-Speed,15,SAI,Carlos Sainz,Ferrari,83.137,27.354,28.903,26.88,4,0.15,0.24,15,1,False,False,Battle Offensive
Monza,High-Speed,16,SAI,Carlos Sainz,Ferrari,83.016,28.108,30.154,24.754,4,8.03,0.72,16,1,False,False,Battle Defensive
Monza,High-Speed,17,SAI,Carlos Sainz,Ferrari,83.191,27.645,28.631,26.915,3,0.46,4.0,17,1,False,False,Battle Offensive
Monza,High-Speed,18,SAI,Carlos Sainz,Ferrari,82.881,25.345,30.15,27.386,4,3.03,1.75,18,1,False,False,Clean Air
Monza,High-Speed,19,SAI,Carlos Sainz,Ferrari,83.177,28.142,30.623,24.411,4,6.76,4.1,19,1,False,False,Clean Air
Monza,High-Speed,20,SAI,Carlos Sainz,Ferrari,83.293,25.052,28.672,29.568,4,3.01,2.43,20,1,False,False,Clean Air
Monza,High-Speed,21,SAI,Carlos Sainz,Ferrari,82.954,26.827,28.027,28.101,4,0.18,6.32,21,1,False,False,Battle Offensive
Monza,High-Speed,22,SAI,Carlos Sainz,Ferrari,83.47,26.908,30.507,26.054,4,4.08,0.91,22,1,False,False,Battle Defensive
Monza,High-Speed,23,SAI,Carlos Sainz,Ferrari,83.167,27.667,29.886,25.614,4,1.76,0.16,23,1,False,False,Battle Defensive
Monza,High-Speed,24,SAI,Carlos Sainz,Ferrari,84.342,27.751,28.715,27.876,4,0.54,0.81,24,1,False,False,Battle Offensive
Monza,High-Speed,25,SAI,Carlos Sainz,Ferrari,83.405,28.118,28.107,27.18,4,0.84,1.03,25,1,False,False,Battle Offensive
Monza,High-Speed,26,SAI,Carlos Sainz,Ferrari,83.269,26.661,29.708,26.901,4,5.36,1.3,26,1,False,False,Battle Defensive
Monza,High-Speed,27,SAI,Carlos Sainz,Ferrari,104.638,34.461,37.844,32.333,4,1.65,0.1,1,2,True,False,Battle Defensive
Monza,High-Speed,28,SAI,Carlos Sainz,Ferrari,82.633,26.243,27.35,29.041,4,1.95,1.29,2,2,False,False,Battle Defensive
Monza,High-Speed,29,SAI,Carlos Sainz,Ferrari,82.585,27.747,27.744,27.093,4,1.67,4.5,3,2,False,False,DRS Train
Monza,High-Speed,30,SAI,Carlos Sainz,Ferrari,82.774,26.188,29.183,27.402,4,1.5,1.62,4,2,False,False,Battle Offensive
Monza,High-Speed,31,SAI,Carlos Sainz,Ferrari,82.297,26.609,28.751,26.937,4,5.4,0.15,5,2,False,False,Battle Defensive
Monza,High-Speed,32,SAI,Carlos Sainz,Ferrari,82.619,25.302,30.51,26.807,4,1.01,0.25,6,2,False,False,Battle Offensive
Monza,High-Speed,33,SAI,Carlos Sainz,Ferrari,82.289,26.689,30.019,25.581,4,0.79,5.02,7,2,False,False,Battle Offensive
Monza,High-Speed,34,SAI,Carlos Sainz,Ferrari,83.145,28.236,30.549,24.361,4,4.23,0.77,8,2,False,False,Battle Defensive
Monza,High-Speed,35,SAI,Carlos Sainz,Ferrari,82.929,28.025,29.688,25.216,4,2.11,2.26,9,2,False,False,DRS Train
Monza,High-Speed,36,SAI,Carlos Sainz,Ferrari,83.227,26.962,28.723,27.542,4,0.81,6.99,10,2,False,False,Battle Offensive
Monza,High-Speed,37,SAI,Carlos Sainz,Ferrari,83.138,27.514,30.081,25.543,4,0.8,0.62,11,2,False,False,Battle Offensive
Monza,High-Speed,38,SAI,Carlos Sainz,Ferrari,83.299,27.307,27.596,28.397,4,1.49,0.97,12,2,False,False,Battle Offensive
Monza,High-Speed,39,SAI,Carlos Sainz,Ferrari,83.337,25.995,29.352,27.99,4,0.55,2.96,13,2,False,False,Battle Offensive
Monza,High-Speed,40,SAI,Carlos Sainz,Ferrari,83.37,28.082,28.599,26.689,4,4.4,1.29,14,2,False,False,Battle Defensive
Monza,High-Speed,41,SAI,Carlos Sainz,Ferrari,105.855,33.2,35.018,37.637,4,3.85,1.5,15,2,False,True,Battle Defensive
Monza,High-Speed,42,SAI,Carlos Sainz,Ferrari,106.347,33.769,37.594,34.984,4,3.2,5.31,16,2,False,True,Clean Air
Monza,High-Speed,43,SAI,Carlos Sainz,Ferrari,108.871,35.214,39.295,34.363,4,1.71,6.19,17,2,False,True,DRS Train
Monza,High-Speed,44,SAI,Carlos Sainz,Ferrari,106.502,35.226,35.483,35.793,4,2.35,9.89,18,2,False,True,DRS Train
Monza,High-Speed,45,SAI,Carlos Sainz,Ferrari,83.183,28.263,28.609,26.311,4,2.67,0.14,19,2,False,False,Battle Defensive
Monza,High-Speed,46,SAI,Carlos Sainz,Ferrari,83.228,27.997,28.956,26.274,4,1.52,0.51,20,2,False,False,Battle Defensive
Monza,High-Speed,47,SAI,Carlos Sainz,Ferrari,83.315,25.445,30.26,27.609,4,4.56,9.71,21,2,False,False,Clean Air
Monza,High-Speed,48,SAI,Carlos Sainz,Ferrari,83.609,28.129,27.899,27.58,4,0.79,1.6,22,2,False,False,Battle Offensive
Monza,High-Speed,49,SAI,Carlos Sainz,Ferrari,83.629,27.556,28.975,27.097,4,3.04,0.1,23,2,False,False,Battle Defensive
Monza,High-Speed,50,SAI,Carlos Sainz,Ferrari,83.342,26.339,30.38,26.624,4,3.32,2.0,24,2,False,False,Clean Air
Monza,High-Speed,51,SAI,Carlos Sainz,Ferrari,83.63,25.927,29.923,27.78,4,0.13,5.77,25,2,False,False,Battle Offensive
Monza,High-Speed,52,SAI,Carlos Sainz,Ferrari,83.371,27.463,28.775,27.133,4,0.59,0.81,26,2,False,False,Battle Offensive
Monza,High-Speed,53,SAI,Carlos Sainz,Ferrari,84.193,27.086,30.444,26.663,5,4.91,1.41,27,2,False,False,Battle Defensive
Monza,High-Speed,1,HAM,Lewis Hamilton,Mercedes,82.464,26.849,27.464,28.15,5,1.74,2.19,1,1,False,False,DRS Train
Monza,High-Speed,2,HAM,Lewis Hamilton,Mercedes,82.427,27.01,28.32,27.097,5,2.52,4.13,2,1,False,False,DRS Train
Monza,High-Speed,3,HAM,Lewis Hamilton,Mercedes,82.363,26.328,29.158,26.877,5,8.73,3.42,3,1,False,False,Clean Air
Monza,High-Speed,4,HAM,Lewis Hamilton,Mercedes,82.427,27.212,28.095,27.12,5,2.32,8.44,4,1,False,False,DRS Train
Monza,High-Speed,5,HAM,Lewis Hamilton,Mercedes,82.822,25.626,29.909,27.287,5,2.48,0.1,5,1,False,False,Battle Defensive
Monza,High-Speed,6,HAM,Lewis Hamilton,Mercedes,82.792,26.104,29.674,27.014,5,3.01,0.51,6,1,False,False,Battle Defensive
Monza,High-Speed,7,HAM,Lewis Hamilton,Mercedes,82.959,26.067,27.922,28.97,5,2.81,0.74,7,1,False,False,Battle Defensive
Monza,High-Speed,8,HAM,Lewis Hamilton,Mercedes,82.715,26.536,30.56,25.62,5,2.44,3.25,8,1,False,False,DRS Train
Monza,High-Speed,9,HAM,Lewis Hamilton,Mercedes,82.874,25.368,29.895,27.61,5,8.61,1.34,9,1,False,False,Battle Defensive
Monza,High-Speed,10,HAM,Lewis Hamilton,Mercedes,82.764,27.919,29.286,25.559,5,3.56,6.17,10,1,False,False,Clean Air
Monza,High-Speed,11,HAM,Lewis Hamilton,Mercedes,82.831,27.796,29.825,25.21,5,3.94,7.27,11,1,False,False,Clean Air
Monza,High-Speed,12,HAM,Lewis Hamilton,Mercedes,83.044,27.545,29.537,25.962,5,0.17,1.89,12,1,False,False,Battle Offensive
Monza,High-Speed,13,HAM,Lewis Hamilton,Mercedes,82.855,28.028,28.297,26.53,5,3.96,2.34,13,1,False,False,Clean Air
Monza,High-Speed,14,HAM,Lewis Hamilton,Mercedes,82.658,26.65,30.558,25.45,5,0.16,1.21,14,1,False,False,Battle Offensive
Monza,High-Speed,15,HAM,Lewis Hamilton,Mercedes,83.354,27.599,29.294,26.461,5,5.65,1.38,15,1,False,False,Battle Defensive
Monza,High-Speed,16,HAM,Lewis Hamilton,Mercedes,82.769,26.36,28.437,27.972,5,0.31,2.64,16,1,False,False,Battle Offensive
Monza,High-Speed,17,HAM,Lewis Hamilton,Mercedes,82.813,25.658,30.088,27.066,5,0.6,0.87,17,1,False,False,Battle Offensive
Monza,High-Speed,18,HAM,Lewis Hamilton,Mercedes,83.304,25.84,29.545,27.919,5,1.99,4.86,18,1,False,False,DRS Train
Monza,High-Speed,19,HAM,Lewis Hamilton,Mercedes,83.574,28.037,30.912,24.625,5,1.36,4.82,19,1,False,False,Battle Offensive
Monza,High-Speed,20,HAM,Lewis Hamilton,Mercedes,82.997,25.224,27.567,30.206,5,3.28,0.94,20,1,False,False,Battle Defensive
Monza,High-Speed,21,HAM,Lewis Hamilton,Mercedes,83.553,25.552,29.456,28.546,5,0.1,2.09,21,1,False,False,Battle Offensive
Monza,High-Speed,22,HAM,Lewis Hamilton,Mercedes,83.542,25.685,30.886,26.972,5,8.84,1.06,22,1,False,False,Battle Defensive
Monza,High-Speed,23,HAM,Lewis Hamilton,Mercedes,83.464,27.48,28.447,27.537,5,0.93,2.45,23,1,False,False,Battle Offensive
Monza,High-Speed,24,HAM,Lewis Hamilton,Mercedes,83.671,28.035,28.905,26.732,5,4.09,2.88,24,1,False,False,Clean Air
Monza,High-Speed,25,HAM,Lewis Hamilton,Mercedes,83.815,26.63,30.319,26.866,5,3.67,0.43,25,1,False,False,Battle Defensive
Monza,High-Speed,26,HAM,Lewis Hamilton,Mercedes,83.625,26.664,30.821,26.14,5,0.3,0.35,26,1,False,False,Battle Offensive
Monza,High-Speed,27,HAM,Lewis Hamilton,Mercedes,83.342,26.484,30.772,26.087,5,2.84,10.16,27,1,False,False,DRS Train
Monza,High-Speed,28,HAM,Lewis Hamilton,Mercedes,104.919,34.27,34.945,35.704,5,3.99,1.46,1,2,True,False,Battle Defensive
Monza,High-Speed,29,HAM,Lewis Hamilton,Mercedes,82.507,26.175,29.098,27.234,5,6.78,2.27,2,2,False,False,Clean Air
Monza,High-Speed,30,HAM,Lewis Hamilton,Mercedes,82.74,27.987,30.219,24.534,5,4.42,0.99,3,2,False,False,Battle Defensive
Monza,High-Speed,31,HAM,Lewis Hamilton,Mercedes,83.0,27.525,29.093,26.382,5,2.21,4.55,4,2,False,False,DRS Train
Monza,High-Speed,32,HAM,Lewis Hamilton,Mercedes,82.745,27.605,27.339,27.801,5,1.92,0.55,5,2,False,False,Battle Defensive
Monza,High-Speed,33,HAM,Lewis Hamilton,Mercedes,82.63,26.808,28.564,27.258,5,8.67,8.97,6,2,False,False,Clean Air
Monza,High-Speed,34,HAM,Lewis Hamilton,Mercedes,82.714,24.92,28.974,28.82,5,0.63,1.46,7,2,False,False,Battle Offensive
Monza,High-Speed,35,HAM,Lewis Hamilton,Mercedes,82.727,26.307,28.102,28.318,5,3.34,9.41,8,2,False,False,Clean Air
Monza,High-Speed,36,HAM,Lewis Hamilton,Mercedes,82.908,26.399,30.655,25.854,5,2.54,0.45,9,2,False,False,Battle Defensive
Monza,High-Speed,37,HAM,Lewis Hamilton,Mercedes,82.625,25.889,29.58,27.155,5,0.89,0.67,10,2,False,False,Battle Offensive
Monza,High-Speed,38,HAM,Lewis Hamilton,Mercedes,82.747,27.703,27.9,27.144,5,8.44,0.19,11,2,False,False,Battle Defensive
Monza,High-Speed,39,HAM,Lewis Hamilton,Mercedes,82.747,28.02,28.291,26.437,5,2.43,4.13,12,2,False,False,DRS Train
Monza,High-Speed,40,HAM,Lewis Hamilton,Mercedes,83.218,25.674,30.055,27.489,4,0.71,3.1,13,2,False,False,Battle Offensive
Monza,High-Speed,41,HAM,Lewis Hamilton,Mercedes,114.614,37.916,40.435,36.263,5,4.65,0.57,14,2,False,True,Battle Defensive
Monza,High-Speed,42,HAM,Lewis Hamilton,Mercedes,114.077,36.349,38.665,39.064,5,2.57,0.27,15,2,False,True,Battle Defensive
Monza,High-Speed,43,HAM,Lewis Hamilton,Mercedes,109.687,34.103,40.146,35.438,5,4.23,1.51,16,2,False,True,Clean Air
Monza,High-Speed,44,HAM,Lewis Hamilton,Mercedes,110.273,34.498,37.941,37.835,5,0.25,3.31,17,2,False,True,Battle Offensive
Monza,High-Speed,45,HAM,Lewis Hamilton,Mercedes,83.118,26.487,29.288,27.344,5,2.81,0.17,18,2,False,False,Battle Defensive
Monza,High-Speed,46,HAM,Lewis Hamilton,Mercedes,83.552,27.311,29.108,27.134,5,0.64,0.21,19,2,False,False,Battle Offensive
Monza,High-Speed,47,HAM,Lewis Hamilton,Mercedes,83.191,26.493,29.77,26.928,6,4.36,6.32,20,2,False,False,Clean Air
Monza,High-Speed,48,HAM,Lewis Hamilton,Mercedes,82.98,25.633,29.653,27.693,5,1.09,4.3,21,2,False,False,Battle Offensive
Monza,High-Speed,49,HAM,Lewis Hamilton,Mercedes,83.35,25.904,29.673,27.773,5,0.78,0.65,22,2,False,False,Battle Offensive
Monza,High-Speed,50,HAM,Lewis Hamilton,Mercedes,83.727,28.31,28.833,26.583,4,1.02,1.14,23,2,False,False,Battle Offensive
Monza,High-Speed,51,HAM,Lewis Hamilton,Mercedes,83.467,25.066,27.839,30.562,5,5.52,7.85,24,2,False,False,Clean Air
Monza,High-Speed,52,HAM,Lewis Hamilton,Mercedes,83.705,26.083,30.867,26.754,5,4.27,0.1,25,2,False,False,Battle Defensive
Monza,High-Speed,53,HAM,Lewis Hamilton,Mercedes,83.809,26.91,28.856,28.042,5,0.13,1.07,26,2,False,False,Battle Offensive
Monza,High-Speed,1,RUS,George Russell,Mercedes,82.552,25.256,27.76,29.537,7,0.65,0.37,1,1,False,False,Battle Offensive
Monza,High-Speed,2,RUS,George Russell,Mercedes,82.675,26.252,29.374,27.049,6,0.11,4.86,2,1,False,False,Battle Offensive
Monza,High-Speed,3,RUS,George Russell,Mercedes,82.659,25.597,28.665,28.397,6,0.86,0.25,3,1,False,False,Battle Offensive
Monza,High-Speed,4,RUS,George Russell,Mercedes,82.75,25.48,28.89,28.38,6,1.1,3.01,4,1,False,False,Battle Offensive
Monza,High-Speed,5,RUS,George Russell,Mercedes,82.123,25.862,29.983,26.278,6,3.14,2.86,5,1,False,False,Clean Air
Monza,High-Speed,6,RUS,George Russell,Mercedes,82.542,26.265,27.681,28.596,6,7.47,1.99,6,1,False,False,Clean Air
Monza,High-Speed,7,RUS,George Russell,Mercedes,83.094,25.863,30.324,26.906,6,3.02,0.55,7,1,False,False,Battle Defensive
Monza,High-Speed,8,RUS,George Russell,Mercedes,82.603,27.096,27.298,28.209,6,5.0,1.91,8,1,False,False,Clean Air
Monza,High-Speed,9,RUS,George Russell,Mercedes,83.068,27.517,29.643,25.907,6,2.87,4.65,9,1,False,False,DRS Train
Monza,High-Speed,10,RUS,George Russell,Mercedes,82.748,27.466,29.134,26.148,6,4.93,2.61,10,1,False,False,Clean Air
Monza,High-Speed,11,RUS,George Russell,Mercedes,82.633,27.292,29.896,25.445,6,1.45,6.36,11,1,False,False,Battle Offensive
Monza,High-Speed,12,RUS,George Russell,Mercedes,83.454,26.687,27.679,29.088,6,1.45,3.45,12,1,False,False,Battle Offensive
Monza,High-Speed,13,RUS,George Russell,Mercedes,83.139,25.855,30.268,27.016,6,1.21,1.32,13,1,False,False,Battle Offensive
Monza,High-Speed,14,RUS,George Russell,Mercedes,82.68,26.363,29.262,27.056,6,3.4,2.07,14,1,False,False,Clean Air
Monza,High-Speed,15,RUS,George Russell,Mercedes,83.395,26.697,29.548,27.15,6,3.12,0.46,15,1,False,False,Battle Defensive
Monza,High-Speed,16,RUS,George Russell,Mercedes,83.068,25.557,29.414,28.096,7,0.3,1.41,16,1,False,False,Battle Offensive
Monza,High-Speed,17,RUS,George Russell,Mercedes,83.487,27.68,30.573,25.234,6,0.55,0.5,17,1,False,False,Battle Offensive
Monza,High-Speed,18,RUS,George Russell,Mercedes,83.567,26.07,29.835,27.662,6,3.27,0.76,18,1,False,False,Battle Defensive
Monza,High-Speed,19,RUS,George Russell,Mercedes,83.618,26.616,30.729,26.273,6,2.0,0.37,19,1,False,False,Battle Defensive
Monza,High-Speed,20,RUS,George Russell,Mercedes,83.402,25.096,27.619,30.687,6,1.13,2.97,20,1,False,False,Battle Offensive
Monza,High-Speed,21,RUS,George Russell,Mercedes,82.978,27.497,27.769,27.713,6,1.0,3.8,21,1,False,False,Battle Offensive
Monza,High-Speed,22,RUS,George Russell,Mercedes,83.607,25.94,29.334,28.334,6,0.13,0.31,22,1,False,False,Battle Offensive
Monza,High-Speed,23,RUS,George Russell,Mercedes,83.588,25.452,29.422,28.714,6,2.87,0.96,23,1,False,False,Battle Defensive
Monza,High-Speed,24,RUS,George Russell,Mercedes,83.534,26.789,29.004,27.741,6,0.16,7.64,24,1,False,False,Battle Offensive
Monza,High-Speed,25,RUS,George Russell,Mercedes,83.515,26.544,30.896,26.076,6,0.82,4.6,25,1,False,False,Battle Offensive
Monza,High-Speed,26,RUS,George Russell,Mercedes,83.468,27.889,30.342,25.237,6,1.36,0.17,26,1,False,False,Battle Offensive
Monza,High-Speed,27,RUS,George Russell,Mercedes,104.266,31.37,37.535,35.361,6,0.1,1.9,1,2,True,False,Battle Offensive
Monza,High-Speed,28,RUS,George Russell,Mercedes,82.849,25.472,29.295,28.081,6,6.65,0.1,2,2,False,False,Battle Defensive
Monza,High-Speed,29,RUS,George Russell,Mercedes,82.857,26.504,29.884,26.47,6,0.13,4.21,3,2,False,False,Battle Offensive
Monza,High-Speed,30,RUS,George Russell,Mercedes,82.925,27.848,30.471,24.606,6,0.1,2.59,4,2,False,False,Battle Offensive
Monza,High-Speed,31,RUS,George Russell,Mercedes,82.885,26.959,30.632,25.294,6,1.69,0.29,5,2,False,False,Battle Defensive
Monza,High-Speed,32,RUS,George Russell,Mercedes,82.875,27.768,28.801,26.306,6,0.3,0.6,6,2,False,False,Battle Offensive
Monza,High-Speed,33,RUS,George Russell,Mercedes,83.085,27.496,27.688,27.901,6,2.09,0.49,7,2,False,False,Battle Defensive
Monza,High-Speed,34,RUS,George Russell,Mercedes,83.017,26.9,29.541,26.577,6,2.74,0.4,8,2,False,False,Battle Defensive
Monza,High-Speed,35,RUS,George Russell,Mercedes,83.037,27.075,27.961,28.001,6,0.7,6.91,9,2,False,False,Battle Offensive
Monza,High-Speed,36,RUS,George Russell,Mercedes,82.471,24.809,28.379,29.283,6,4.69,7.74,10,2,False,False,Clean Air
Monza,High-Speed,37,RUS,George Russell,Mercedes,83.895,25.899,30.121,27.875,6,7.16,0.1,11,2,False,False,Battle Defensive
Monza,High-Speed,38,RUS,George Russell,Mercedes,83.115,25.18,30.61,27.325,6,0.21,1.5,12,2,False,False,Battle Offensive
Monza,High-Speed,39,RUS,George Russell,Mercedes,82.943,25.47,27.81,29.663,6,2.51,6.57,13,2,False,False,DRS Train
Monza,High-Speed,40,RUS,George Russell,Mercedes,83.216,27.379,29.097,26.74,6,0.92,1.19,14,2,False,False,Battle Offensive
Monza,High-Speed,41,RUS,George Russell,Mercedes,107.432,34.34,39.533,33.559,6,0.33,1.76,15,2,False,True,Battle Offensive
Monza,High-Speed,42,RUS,George Russell,Mercedes,110.498,36.871,39.777,33.85,6,0.85,12.56,16,2,False,True,Battle Offensive
Monza,High-Speed,43,RUS,George Russell,Mercedes,115.924,35.708,41.62,38.597,6,0.1,0.44,17,2,False,True,Battle Offensive
Monza,High-Speed,44,RUS,George Russell,Mercedes,111.679,34.821,41.026,35.832,6,2.16,0.13,18,2,False,True,Battle Defensive
Monza,High-Speed,45,RUS,George Russell,Mercedes,83.655,26.075,28.7,28.881,6,0.95,3.48,19,2,False,False,Battle Offensive
Monza,High-Speed,46,RUS,George Russell,Mercedes,83.533,26.15,28.466,28.917,6,1.26,0.52,20,2,False,False,Battle Offensive
Monza,High-Speed,47,RUS,George Russell,Mercedes,83.214,27.032,28.394,27.788,6,4.51,4.08,21,2,False,False,Clean Air
Monza,High-Speed,48,RUS,George Russell,Mercedes,83.572,26.404,27.867,29.301,6,2.77,0.26,22,2,False,False,Battle Defensive
Monza,High-Speed,49,RUS,George Russell,Mercedes,83.635,27.176,28.15,28.309,6,1.12,2.11,23,2,False,False,Battle Offensive
Monza,High-Speed,50,RUS,George Russell,Mercedes,83.353,25.845,28.772,28.735,6,3.44,1.97,24,2,False,False,Clean Air
Monza,High-Speed,51,RUS,George Russell,Mercedes,83.598,28.305,30.383,24.91,6,0.41,3.97,25,2,False,False,Battle Offensive
Monza,High-Speed,52,RUS,George Russell,Mercedes,83.677,25.853,30.466,27.358,6,0.59,0.84,26,2,False,False,Battle Offensive
Monza,High-Speed,53,RUS,George Russell,Mercedes,83.305,25.85,28.432,29.023,6,8.6,3.05,27,2,False,False,Clean Air
Monza,High-Speed,1,PER,Sergio Perez,Red Bull,82.935,27.127,29.861,25.947,12,1.83,0.58,1,1,False,False,Battle Defensive
Monza,High-Speed,2,PER,Sergio Perez,Red Bull,82.534,27.564,27.301,27.669,12,2.85,3.54,2,1,False,False,DRS Train
Monza,High-Speed,3,PER,Sergio Perez,Red Bull,82.322,25.217,30.149,26.956,12,0.87,0.5,3,1,False,False,Battle Offensive
Monza,High-Speed,4,PER,Sergio Perez,Red Bull,83.02,27.533,27.983,27.505,12,2.97,0.71,4,1,False,False,Battle Defensive
Monza,High-Speed,5,PER,Sergio Perez,Red Bull,83.004,25.002,27.668,30.335,12,0.17,0.24,5,1,False,False,Battle Offensive
Monza,High-Speed,6,PER,Sergio Perez,Red Bull,83.748,28.335,30.651,24.761,12,7.21,0.22,6,1,False,False,Battle Defensive
Monza,High-Speed,7,PER,Sergio Perez,Red Bull,83.356,26.801,29.531,27.024,12,1.42,2.77,7,1,False,False,Battle Offensive
Monza,High-Speed,8,PER,Sergio Perez,Red Bull,83.076,25.467,28.559,29.05,12,2.87,0.48,8,1,False,False,Battle Defensive
Monza,High-Speed,9,PER,Sergio Perez,Red Bull,83.159,25.531,29.603,28.025,12,0.2,1.82,9,1,False,False,Battle Offensive
Monza,High-Speed,10,PER,Sergio Perez,Red Bull,83.747,26.074,29.39,28.283,12,3.55,0.71,10,1,False,False,Battle Defensive
Monza,High-Speed,11,PER,Sergio Perez,Red Bull,82.857,27.51,28.609,26.738,12,3.54,3.99,11,1,False,False,Clean Air
Monza,High-Speed,12,PER,Sergio Perez,Red Bull,83.432,26.331,30.663,26.439,12,1.0,3.45,12,1,False,False,Battle Offensive
Monza,High-Speed,13,PER,Sergio Perez,Red Bull,83.161,26.247,30.375,26.539,12,2.7,2.14,13,1,False,False,DRS Train
Monza,High-Speed,14,PER,Sergio Perez,Red Bull,83.431,27.559,29.483,26.389,12,1.3,1.1,14,1,False,False,Battle Offensive
Monza,High-Speed,15,PER,Sergio Perez,Red Bull,83.533,27.197,30.772,25.564,12,0.26,2.12,15,1,False,False,Battle Offensive
Monza,High-Speed,16,PER,Sergio Perez,Red Bull,83.527,26.262,29.304,27.961,12,8.86,0.47,16,1,False,False,Battle Defensive
Monza,High-Speed,17,PER,Sergio Perez,Red Bull,83.407,26.148,30.201,27.059,12,0.1,0.94,17,1,False,False,Battle Offensive
Monza,High-Speed,18,PER,Sergio Perez,Red Bull,82.803,27.097,29.532,26.175,12,3.45,0.69,18,1,False,False,Battle Defensive
Monza,High-Speed,19,PER,Sergio Perez,Red Bull,83.648,25.182,29.579,28.886,12,2.33,3.11,19,1,False,False,DRS Train
Monza,High-Speed,20,PER,Sergio Perez,Red Bull,83.451,26.391,30.531,26.529,12,7.3,6.19,20,1,False,False,Clean Air
Monza,High-Speed,21,PER,Sergio Perez,Red Bull,83.673,26.777,29.942,26.954,12,1.14,10.32,21,1,False,False,Battle Offensive
Monza,High-Speed,22,PER,Sergio Perez,Red Bull,83.457,25.105,29.395,28.957,13,7.73,1.14,22,1,False,False,Battle Defensive
Monza,High-Speed,23,PER,Sergio Perez,Red Bull,83.553,26.71,29.199,27.645,12,12.39,6.01,23,1,False,False,Clean Air
Monza,High-Speed,24,PER,Sergio Perez,Red Bull,83.873,26.203,29.717,27.953,12,2.34,1.56,24,1,False,False,DRS Train
Monza,High-Speed,25,PER,Sergio Perez,Red Bull,83.939,28.167,28.369,27.403,12,1.14,0.54,25,1,False,False,Battle Offensive
Monza,High-Speed,26,PER,Sergio Perez,Red Bull,83.888,25.548,29.747,28.592,12,0.55,1.45,26,1,False,False,Battle Offensive
Monza,High-Speed,27,PER,Sergio Perez,Red Bull,103.769,33.756,35.632,34.381,12,0.63,2.86,1,2,True,False,Battle Offensive
Monza,High-Speed,28,PER,Sergio Perez,Red Bull,82.735,25.894,27.844,28.997,12,0.33,2.11,2,2,False,False,Battle Offensive
Monza,High-Speed,29,PER,Sergio Perez,Red Bull,82.877,25.071,29.827,27.979,12,0.15,0.83,3,2,False,False,Battle Offensive
Monza,High-Speed,30,PER,Sergio Perez,Red Bull,82.572,25.494,29.376,27.702,12,0.14,6.34,4,2,False,False,Battle Offensive
Monza,High-Speed,31,PER,Sergio Perez,Red Bull,82.639,26.058,28.216,28.365,12,6.36,1.48,5,2,False,False,Battle Defensive
Monza,High-Speed,32,PER,Sergio Perez,Red Bull,82.904,26.184,29.784,26.937,12,2.86,1.0,6,2,False,False,Battle Defensive
Monza,High-Speed,33,PER,Sergio Perez,Red Bull,82.517,24.899,29.166,28.452,12,3.4,4.94,7,2,False,False,Clean Air
Monza,High-Speed,34,PER,Sergio Perez,Red Bull,82.657,25.709,30.168,26.781,12,1.25,1.13,8,2,False,False,Battle Offensive
Monza,High-Speed,35,PER,Sergio Perez,Red Bull,82.266,26.809,28.547,26.909,12,0.91,1.0,9,2,False,False,Battle Offensive
Monza,High-Speed,36,PER,Sergio Perez,Red Bull,83.1,27.586,30.71,24.804,12,2.78,2.32,10,2,False,False,DRS Train
Monza,High-Speed,37,PER,Sergio Perez,Red Bull,82.922,26.556,30.539,25.826,12,5.14,2.57,11,2,False,False,Clean Air
Monza,High-Speed,38,PER,Sergio Perez,Red Bull,83.269,28.263,30.191,24.814,12,1.11,4.25,12,2,False,False,Battle Offensive
Monza,High-Speed,39,PER,Sergio Perez,Red Bull,83.137,25.97,29.954,27.213,12,7.02,2.26,13,2,False,False,Clean Air
Monza,High-Speed,40,PER,Sergio Perez,Red Bull,83.322,26.822,28.107,28.393,12,2.04,0.65,14,2,False,False,Battle Defensive
Monza,High-Speed,41,PER,Sergio Perez,Red Bull,104.07,31.855,37.064,35.15,12,3.14,0.14,15,2,False,True,Battle Defensive
Monza,High-Speed,42,PER,Sergio Perez,Red Bull,105.586,32.075,35.207,38.304,12,0.14,0.1,16,2,False,True,Battle Offensive
Monza,High-Speed,43,PER,Sergio Perez,Red Bull,114.045,35.266,38.082,40.698,12,2.28,0.82,17,2,False,True,Battle Defensive
Monza,High-Speed,44,PER,Sergio Perez,Red Bull,111.023,36.329,39.927,34.767,12,1.63,4.19,18,2,False,True,DRS Train
Monza,High-Speed,45,PER,Sergio Perez,Red Bull,83.545,26.642,28.603,28.3,12,2.19,1.0,19,2,False,False,Battle Defensive
Monza,High-Speed,46,PER,Sergio Perez,Red Bull,83.664,26.569,28.587,28.509,12,1.03,1.8,20,2,False,False,Battle Offensive
Monza,High-Speed,47,PER,Sergio Perez,Red Bull,82.767,27.312,29.55,25.904,12,0.1,1.49,21,2,False,False,Battle Offensive
Monza,High-Speed,48,PER,Sergio Perez,Red Bull,83.067,26.201,27.501,29.365,12,8.89,1.78,22,2,False,False,Clean Air
Monza,High-Speed,49,PER,Sergio Perez,Red Bull,83.474,27.116,29.041,27.317,12,2.92,0.93,23,2,False,False,Battle Defensive
Monza,High-Speed,50,PER,Sergio Perez,Red Bull,82.641,27.42,30.026,25.194,12,3.06,0.76,24,2,False,False,Battle Defensive
Monza,High-Speed,51,PER,Sergio Perez,Red Bull,83.719,25.949,28.625,29.145,12,0.83,4.3,25,2,False,False,Battle Offensive
Monza,High-Speed,52,PER,Sergio Perez,Red Bull,84.72,25.434,28.472,30.814,12,11.66,0.41,26,2,False,False,Battle Defensive
Monza,High-Speed,53,PER,Sergio Perez,Red Bull,84.23,25.796,28.1,30.334,12,0.1,12.36,27,2,False,False,Battle Offensive
Monza,High-Speed,1,PIA,Oscar Piastri,McLaren,82.365,25.912,28.83,27.622,1,,2.81,1,1,False,False,Clean Air
Monza,High-Speed,2,PIA,Oscar Piastri,McLaren,82.413,24.778,29.573,28.062,1,,8.32,2,1,False,False,Clean Air
Monza,High-Speed,3,PIA,Oscar Piastri,McLaren,82.608,24.928,27.755,29.925,1,,2.11,3,1,False,False,Clean Air
Monza,High-Speed,4,PIA,Oscar Piastri,McLaren,82.488,26.989,28.687,26.812,1,,12.38,4,1,False,False,Clean Air
Monza,High-Speed,5,PIA,Oscar Piastri,McLaren,82.5,27.275,29.835,25.391,1,,5.07,5,1,False,False,Clean Air
Monza,High-Speed,6,PIA,Oscar Piastri,McLaren,82.716,24.822,28.081,29.813,1,,4.89,6,1,False,False,Clean Air
Monza,High-Speed,7,PIA,Oscar Piastri,McLaren,82.924,26.432,28.886,27.606,1,,0.5,7,1,False,False,Battle Defensive
Monza,High-Speed,8,PIA,Oscar Piastri,McLaren,82.298,27.858,27.186,27.255,1,,3.66,8,1,False,False,Clean Air
Monza,High-Speed,9,PIA,Oscar Piastri,McLaren,83.177,27.669,27.602,27.906,1,,0.91,9,1,False,False,Battle Defensive
Monza,High-Speed,10,PIA,Oscar Piastri,McLaren,83.117,25.765,27.434,29.918,1,,0.6,10,1,False,False,Battle Defensive
Monza,High-Speed,11,PIA,Oscar Piastri,McLaren,82.538,27.799,28.005,26.734,1,,0.63,11,1,False,False,Battle Defensive
Monza,High-Speed,12,PIA,Oscar Piastri,McLaren,82.793,25.862,28.403,28.528,1,,5.28,12,1,False,False,Clean Air
Monza,High-Speed,13,PIA,Oscar Piastri,McLaren,83.266,26.347,29.876,27.043,1,,0.1,13,1,False,False,Battle Defensive
Monza,High-Speed,14,PIA,Oscar Piastri,McLaren,82.84,26.728,29.708,26.404,1,,2.94,14,1,False,False,Clean Air
Monza,High-Speed,15,PIA,Oscar Piastri,McLaren,82.915,26.778,28.599,27.538,1,,4.32,15,1,False,False,Clean Air
Monza,High-Speed,16,PIA,Oscar Piastri,McLaren,104.537,31.787,35.756,36.994,2,3.13,2.8,1,2,True,False,Clean Air
Monza,High-Speed,17,PIA,Oscar Piastri,McLaren,82.494,27.711,30.078,24.705,1,,1.71,2,2,False,False,Clean Air
Monza,High-Speed,18,PIA,Oscar Piastri,McLaren,82.87,26.915,28.139,27.816,1,,0.92,3,2,False,False,Battle Defensive
Monza,High-Speed,19,PIA,Oscar Piastri,McLaren,82.576,25.514,28.469,28.592,1,,1.05,4,2,False,False,Battle Defensive
Monza,High-Speed,20,PIA,Oscar Piastri,McLaren,82.634,27.09,29.514,26.031,1,,3.76,5,2,False,False,Clean Air
Monza,High-Speed,21,PIA,Oscar Piastri,McLaren,82.739,28.089,27.312,27.338,1,,1.61,6,2,False,False,Clean Air
Monza,High-Speed,22,PIA,Oscar Piastri,McLaren,82.604,24.795,29.868,27.941,1,,1.78,7,2,False,False,Clean Air
Monza,High-Speed,23,PIA,Oscar Piastri,McLaren,82.595,26.846,29.054,26.695,1,,0.92,8,2,False,False,Battle Defensive
Monza,High-Speed,24,PIA,Oscar Piastri,McLaren,82.474,27.555,28.971,25.947,1,,2.05,9,2,False,False,Clean Air
Monza,High-Speed,25,PIA,Oscar Piastri,McLaren,82.595,25.058,28.606,28.931,1,,4.99,10,2,False,False,Clean Air
Monza,High-Speed,26,PIA,Oscar Piastri,McLaren,82.374,25.779,30.206,26.39,1,,0.37,11,2,False,False,Battle Defensive
Monza,High-Speed,27,PIA,Oscar Piastri,McLaren,82.988,26.299,28.255,28.433,1,,2.65,12,2,False,False,Clean Air
Monza,High-Speed,28,PIA,Oscar Piastri,McLaren,82.862,26.72,27.367,28.774,1,,15.31,13,2,False,False,Clean Air
Monza,High-Speed,29,PIA,Oscar Piastri,McLaren,82.951,25.173,30.499,27.279,1,,9.91,14,2,False,False,Clean Air
Monza,High-Speed,30,PIA,Oscar Piastri,McLaren,82.974,26.509,27.655,28.809,1,,22.81,15,2,False,False,Clean Air
Monza,High-Speed,31,PIA,Oscar Piastri,McLaren,83.18,25.93,28.255,28.995,1,,3.28,16,2,False,False,Clean Air
Monza,High-Speed,32,PIA,Oscar Piastri,McLaren,83.394,26.058,28.964,28.372,1,,0.98,17,2,False,False,Battle Defensive
Monza,High-Speed,33,PIA,Oscar Piastri,McLaren,83.24,25.942,28.889,28.409,1,,0.85,18,2,False,False,Battle Defensive
Monza,High-Speed,34,PIA,Oscar Piastri,McLaren,104.559,33.369,35.269,35.92,1,,0.75,1,3,True,False,Battle Defensive
Monza,High-Speed,35,PIA,Oscar Piastri,McLaren,82.601,27.546,30.44,24.614,1,,3.08,2,3,False,False,Clean Air
Monza,High-Speed,36,PIA,Oscar Piastri,McLaren,82.497,24.989,28.879,28.629,1,,1.58,3,3,False,False,Clean Air
Monza,High-Speed,37,PIA,Oscar Piastri,McLaren,82.489,25.819,28.386,28.284,1,,4.53,4,3,False,False,Clean Air
Monza,High-Speed,38,PIA,Oscar Piastri,McLaren,82.634,25.786,30.017,26.831,1,,1.3,5,3,False,False,Battle Defensive
Monza,High-Speed,39,PIA,Oscar Piastri,McLaren,82.517,27.444,29.58,25.494,1,,2.73,6,3,False,False,Clean Air
Monza,High-Speed,40,PIA,Oscar Piastri,McLaren,82.923,25.323,28.776,28.825,1,,0.16,7,3,False,False,Battle Defensive
Monza,High-Speed,41,PIA,Oscar Piastri,McLaren,106.88,34.769,39.15,32.961,1,,2.14,8,3,False,True,Clean Air
Monza,High-Speed,42,PIA,Oscar Piastri,McLaren,103.903,34.178,37.074,32.651,1,,0.7,9,3,False,True,Battle Defensive
Monza,High-Speed,43,PIA,Oscar Piastri,McLaren,103.893,33.509,38.122,32.262,1,,1.15,10,3,False,True,Battle Defensive
Monza,High-Speed,44,PIA,Oscar Piastri,McLaren,104.45,32.337,36.951,35.162,1,,1.2,11,3,False,True,Battle Defensive
Monza,High-Speed,45,PIA,Oscar Piastri,McLaren,83.242,26.499,29.844,26.898,1,,0.1,12,3,False,False,Battle Defensive
Monza,High-Speed,46,PIA,Oscar Piastri,McLaren,82.799,28.013,29.236,25.55,1,,3.59,13,3,False,False,Clean Air
Monza,High-Speed,47,PIA,Oscar Piastri,McLaren,82.804,25.11,29.861,27.833,2,1.63,1.46,14,3,False,False,Battle Defensive
Monza,High-Speed,48,PIA,Oscar Piastri,McLaren,83.55,27.448,27.779,28.323,1,,1.24,15,3,False,False,Battle Defensive
Monza,High-Speed,49,PIA,Oscar Piastri,McLaren,82.898,25.611,28.793,28.493,1,,2.95,16,3,False,False,Clean Air
Monza,High-Speed,50,PIA,Oscar Piastri,McLaren,83.053,27.956,29.093,26.004,1,,5.55,17,3,False,False,Clean Air
Monza,High-Speed,51,PIA,Oscar Piastri,McLaren,83.269,25.708,30.001,27.559,1,,0.92,18,3,False,False,Battle Defensive
Monza,High-Speed,52,PIA,Oscar Piastri,McLaren,83.024,25.08,29.912,28.032,1,,8.35,19,3,False,False,Clean Air
Monza,High-Speed,53,PIA,Oscar Piastri,McLaren,83.502,27.139,28.408,27.954,1,,1.24,20,3,False,False,Battle Defensive
Monza,High-Speed,1,ALO,Fernando Alonso,Aston Martin,82.548,27.599,27.701,27.248,7,1.78,9.71,1,1,False,False,DRS Train
Monza,High-Speed,2,ALO,Fernando Alonso,Aston Martin,82.885,27.544,29.69,25.651,7,8.25,6.09,2,1,False,False,Clean Air
Monza,High-Speed,3,ALO,Fernando Alonso,Aston Martin,82.646,25.279,29.721,27.645,7,1.49,0.93,3,1,False,False,Battle Offensive
Monza,High-Speed,4,ALO,Fernando Alonso,Aston Martin,82.901,27.957,28.737,26.206,7,2.06,1.29,4,1,False,False,Battle Defensive
Monza,High-Speed,5,ALO,Fernando Alonso,Aston Martin,83.145,25.241,30.276,27.628,7,1.25,0.92,5,1,False,False,Battle Offensive
Monza,High-Speed,6,ALO,Fernando Alonso,Aston Martin,83.152,26.793,27.998,28.36,6,1.03,0.26,6,1,False,False,Battle Offensive
Monza,High-Speed,7,ALO,Fernando Alonso,Aston Martin,82.731,25.223,28.669,28.839,7,1.39,2.59,7,1,False,False,Battle Offensive
Monza,High-Speed,8,ALO,Fernando Alonso,Aston Martin,82.949,26.771,29.407,26.772,7,2.38,1.27,8,1,False,False,Battle Defensive
Monza,High-Speed,9,ALO,Fernando Alonso,Aston Martin,83.183,27.917,28.723,26.543,7,2.93,3.54,9,1,False,False,DRS Train
Monza,High-Speed,10,ALO,Fernando Alonso,Aston Martin,83.184,26.878,30.508,25.799,7,5.89,0.81,10,1,False,False,Battle Defensive
Monza,High-Speed,11,ALO,Fernando Alonso,Aston Martin,83.325,25.07,28.607,29.647,7,2.18,6.3,11,1,False,False,DRS Train
Monza,High-Speed,12,ALO,Fernando Alonso,Aston Martin,83.24,25.695,29.908,27.636,7,0.16,0.46,12,1,False,False,Battle Offensive
Monza,High-Speed,13,ALO,Fernando Alonso,Aston Martin,104.947,35.414,35.628,33.904,6,2.23,2.94,1,2,True,False,DRS Train
Monza,High-Speed,14,ALO,Fernando Alonso,Aston Martin,82.624,26.932,29.312,26.38,7,2.24,1.26,2,2,False,False,Battle Defensive
Monza,High-Speed,15,ALO,Fernando Alonso,Aston Martin,82.96,25.641,30.293,27.026,7,0.77,1.57,3,2,False,False,Battle Offensive
Monza,High-Speed,16,ALO,Fernando Alonso,Aston Martin,82.839,27.487,27.391,27.961,7,0.21,6.45,4,2,False,False,Battle Offensive
Monza,High-Speed,17,ALO,Fernando Alonso,Aston Martin,83.161,28.154,29.722,25.286,7,1.36,10.41,5,2,False,False,Battle Offensive
Monza,High-Speed,18,ALO,Fernando Alonso,Aston Martin,82.833,27.868,30.042,24.922,7,0.18,1.4,6,2,False,False,Battle Offensive
Monza,High-Speed,19,ALO,Fernando Alonso,Aston Martin,83.034,27.395,29.738,25.902,7,10.37,7.38,7,2,False,False,Clean Air
Monza,High-Speed,20,ALO,Fernando Alonso,Aston Martin,82.793,25.812,27.813,29.169,7,3.14,3.19,8,2,False,False,Clean Air
Monza,High-Speed,21,ALO,Fernando Alonso,Aston Martin,82.997,27.592,30.494,24.91,7,1.53,5.76,9,2,False,False,DRS Train
Monza,High-Speed,22,ALO,Fernando Alonso,Aston Martin,83.167,25.304,30.553,27.31,7,0.41,1.07,10,2,False,False,Battle Offensive
Monza,High-Speed,23,ALO,Fernando Alonso,Aston Martin,82.832,25.098,29.784,27.95,7,3.03,0.8,11,2,False,False,Battle Defensive
Monza,High-Speed,24,ALO,Fernando Alonso,Aston Martin,83.056,27.475,27.979,27.602,7,4.67,2.54,12,2,False,False,Clean Air
Monza,High-Speed,25,ALO,Fernando Alonso,Aston Martin,83.215,26.87,30.008,26.337,7,2.71,0.31,13,2,False,False,Battle Defensive
Monza,High-Speed,26,ALO,Fernando Alonso,Aston Martin,83.177,27.093,29.17,26.914,7,2.11,3.51,14,2,False,False,DRS Train
Monza,High-Speed,27,ALO,Fernando Alonso,Aston Martin,83.101,28.021,28.483,26.597,7,6.78,0.97,15,2,False,False,Battle Defensive
Monza,High-Speed,28,ALO,Fernando Alonso,Aston Martin,83.499,27.155,29.879,26.465,7,0.54,1.63,16,2,False,False,Battle Offensive
Monza,High-Speed,29,ALO,Fernando Alonso,Aston Martin,83.311,26.741,30.256,26.313,7,2.81,1.18,17,2,False,False,Battle Defensive
Monza,High-Speed,30,ALO,Fernando Alonso,Aston Martin,83.303,27.452,29.708,26.143,8,3.04,8.09,18,2,False,False,Clean Air
Monza,High-Speed,31,ALO,Fernando Alonso,Aston Martin,83.545,25.593,30.325,27.627,7,2.6,1.64,19,2,False,False,DRS Train
Monza,High-Speed,32,ALO,Fernando Alonso,Aston Martin,83.36,26.136,28.058,29.165,7,2.74,3.55,20,2,False,False,DRS Train
Monza,High-Speed,33,ALO,Fernando Alonso,Aston Martin,83.356,25.819,28.538,28.999,7,0.27,0.1,21,2,False,False,Battle Offensive
Monza,High-Speed,34,ALO,Fernando Alonso,Aston Martin,83.398,25.084,28.277,30.037,7,3.22,1.69,22,2,False,False,Clean Air
Monza,High-Speed,35,ALO,Fernando Alonso,Aston Martin,83.728,26.09,29.36,28.279,7,6.32,3.12,23,2,False,False,Clean Air
Monza,High-Speed,36,ALO,Fernando Alonso,Aston Martin,83.775,26.48,28.284,29.01,7,0.71,1.77,24,2,False,False,Battle Offensive
Monza,High-Speed,37,ALO,Fernando Alonso,Aston Martin,104.937,32.751,37.597,34.589,7,2.25,3.37,1,3,True,False,DRS Train
Monza,High-Speed,38,ALO,Fernando Alonso,Aston Martin,82.624,25.499,29.561,27.564,7,4.44,4.0,2,3,False,False,Clean Air
Monza,High-Speed,39,ALO,Fernando Alonso,Aston Martin,82.704,25.178,28.085,29.44,7,1.12,3.69,3,3,False,False,Battle Offensive
Monza,High-Speed,40,ALO,Fernando Alonso,Aston Martin,83.106,26.968,30.188,25.949,7,0.45,0.43,4,3,False,False,Battle Offensive
Monza,High-Speed,41,ALO,Fernando Alonso,Aston Martin,112.85,35.808,40.938,36.104,7,2.4,2.83,5,3,False,True,DRS Train
Monza,High-Speed,42,ALO,Fernando Alonso,Aston Martin,111.033,37.525,37.092,36.417,7,2.94,0.32,6,3,False,True,Battle Defensive
Monza,High-Speed,43,ALO,Fernando Alonso,Aston Martin,109.096,36.583,36.481,36.032,7,3.03,1.22,7,3,False,True,Battle Defensive
Monza,High-Speed,44,ALO,Fernando Alonso,Aston Martin,106.307,34.886,35.676,35.745,7,2.55,0.36,8,3,False,True,Battle Defensive
Monza,High-Speed,45,ALO,Fernando Alonso,Aston Martin,83.373,25.3,30.09,27.982,7,0.88,0.3,9,3,False,False,Battle Offensive
Monza,High-Speed,46,ALO,Fernando Alonso,Aston Martin,83.001,25.154,29.36,28.487,7,0.66,3.33,10,3,False,False,Battle Offensive
Monza,High-Speed,47,ALO,Fernando Alonso,Aston Martin,83.668,27.251,30.757,25.66,7,0.99,1.94,11,3,False,False,Battle Offensive
Monza,High-Speed,48,ALO,Fernando Alonso,Aston Martin,83.094,26.956,27.575,28.563,7,1.23,0.9,12,3,False,False,Battle Offensive
Monza,High-Speed,49,ALO,Fernando Alonso,Aston Martin,83.394,27.591,30.393,25.41,7,8.28,2.1,13,3,False,False,Clean Air
Monza,High-Speed,50,ALO,Fernando Alonso,Aston Martin,83.27,26.06,28.254,28.956,7,1.26,2.06,14,3,False,False,Battle Offensive
Monza,High-Speed,51,ALO,Fernando Alonso,Aston Martin,83.083,26.415,30.05,26.618,7,0.78,0.25,15,3,False,False,Battle Offensive
Monza,High-Speed,52,ALO,Fernando Alonso,Aston Martin,83.492,25.255,29.656,28.581,7,0.4,4.75,16,3,False,False,Battle Offensive
Monza,High-Speed,53,ALO,Fernando Alonso,Aston Martin,83.565,27.164,28.941,27.46,7,0.62,2.77,17,3,False,False,Battle Offensive
Monza,High-Speed,1,STR,Lance Stroll,Aston Martin,83.083,26.905,28.622,27.555,10,0.31,4.41,1,1,False,False,Battle Offensive
Monza,High-Speed,2,STR,Lance Stroll,Aston Martin,83.236,26.661,29.695,26.88,10,2.73,0.72,2,1,False,False,Battle Defensive
Monza,High-Speed,3,STR,Lance Stroll,Aston Martin,82.845,25.816,28.236,28.793,10,1.24,1.5,3,1,False,False,Battle Offensive
Monza,High-Speed,4,STR,Lance Stroll,Aston Martin,83.167,25.109,28.551,29.508,10,1.07,1.1,4,1,False,False,Battle Offensive
Monza,High-Speed,5,STR,Lance Stroll,Aston Martin,83.088,25.59,28.372,29.126,10,0.4,7.06,5,1,False,False,Battle Offensive
Monza,High-Speed,6,STR,Lance Stroll,Aston Martin,83.142,26.546,30.428,26.169,10,3.58,1.62,6,1,False,False,Clean Air
Monza,High-Speed,7,STR,Lance Stroll,Aston Martin,83.003,27.311,29.139,26.553,10,2.24,5.32,7,1,False,False,DRS Train
Monza,High-Speed,8,STR,Lance Stroll,Aston Martin,84.111,27.226,29.94,26.945,10,2.61,1.2,8,1,False,False,Battle Defensive
Monza,High-Speed,9,STR,Lance Stroll,Aston Martin,83.606,26.415,30.396,26.794,10,8.4,3.02,9,1,False,False,Clean Air
Monza,High-Speed,10,STR,Lance Stroll,Aston Martin,83.293,25.42,29.601,28.272,10,1.2,3.01,10,1,False,False,Battle Offensive
Monza,High-Speed,11,STR,Lance Stroll,Aston Martin,83.19,27.314,29.266,26.609,10,2.24,0.1,11,1,False,False,Battle Defensive
Monza,High-Speed,12,STR,Lance Stroll,Aston Martin,83.952,26.873,30.805,26.274,10,4.84,1.02,12,1,False,False,Battle Defensive
Monza,High-Speed,13,STR,Lance Stroll,Aston Martin,83.511,26.974,30.441,26.096,10,2.67,3.84,13,1,False,False,DRS Train
Monza,High-Speed,14,STR,Lance Stroll,Aston Martin,84.347,27.509,28.654,28.183,10,2.0,0.65,14,1,False,False,Battle Defensive
Monza,High-Speed,15,STR,Lance Stroll,Aston Martin,83.419,28.059,29.545,25.816,11,5.29,3.57,15,1,False,False,Clean Air
Monza,High-Speed,16,STR,Lance Stroll,Aston Martin,84.319,26.52,29.051,28.748,10,1.41,4.64,16,1,False,False,Battle Offensive
Monza,High-Speed,17,STR,Lance Stroll,Aston Martin,83.655,26.902,28.852,27.9,10,0.92,1.98,17,1,False,False,Battle Offensive
Monza,High-Speed,18,STR,Lance Stroll,Aston Martin,83.889,27.118,29.834,26.938,10,1.68,3.52,18,1,False,False,DRS Train
Monza,High-Speed,19,STR,Lance Stroll,Aston Martin,83.769,26.626,29.884,27.259,10,2.71,2.41,19,1,False,False,DRS Train
Monza,High-Speed,20,STR,Lance Stroll,Aston Martin,83.934,26.45,28.676,28.808,10,1.14,3.15,20,1,False,False,Battle Offensive
Monza,High-Speed,21,STR,Lance Stroll,Aston Martin,84.815,26.993,28.264,29.558,10,3.75,1.01,21,1,False,False,Battle Defensive
Monza,High-Speed,22,STR,Lance Stroll,Aston Martin,105.602,34.532,36.484,34.586,10,0.26,0.55,1,2,True,False,Battle Offensive
Monza,High-Speed,23,STR,Lance Stroll,Aston Martin,83.694,27.793,27.921,27.98,10,9.61,0.7,2,2,False,False,Battle Defensive
Monza,High-Speed,24,STR,Lance Stroll,Aston Martin,83.372,25.374,28.024,29.974,10,1.1,1.68,3,2,False,False,Battle Offensive
Monza,High-Speed,25,STR,Lance Stroll,Aston Martin,83.534,25.652,29.697,28.185,10,0.62,0.15,4,2,False,False,Battle Offensive
Monza,High-Speed,26,STR,Lance Stroll,Aston Martin,83.625,27.259,30.796,25.571,10,3.17,0.13,5,2,False,False,Battle Defensive
Monza,High-Speed,27,STR,Lance Stroll,Aston Martin,83.167,28.108,29.383,25.675,10,4.16,4.36,6,2,False,False,Clean Air
Monza,High-Speed,28,STR,Lance Stroll,Aston Martin,83.834,26.537,28.685,28.612,10,0.27,3.29,7,2,False,False,Battle Offensive
Monza,High-Speed,29,STR,Lance Stroll,Aston Martin,83.5,27.527,30.847,25.127,10,2.16,2.71,8,2,False,False,DRS Train
Monza,High-Speed,30,STR,Lance Stroll,Aston Martin,83.732,26.414,30.98,26.339,10,0.1,0.11,9,2,False,False,Battle Offensive
Monza,High-Speed,31,STR,Lance Stroll,Aston Martin,84.264,25.463,30.027,28.773,10,0.39,1.63,10,2,False,False,Battle Offensive
Monza,High-Speed,32,STR,Lance Stroll,Aston Martin,84.001,28.536,27.895,27.57,10,1.1,6.51,11,2,False,False,Battle Offensive
Monza,High-Speed,33,STR,Lance Stroll,Aston Martin,83.739,27.187,28.443,28.109,10,1.42,0.47,12,2,False,False,Battle Offensive
Monza,High-Speed,34,STR,Lance Stroll,Aston Martin,83.668,25.759,27.613,30.297,10,3.23,2.34,13,2,False,False,Clean Air
Monza,High-Speed,35,STR,Lance Stroll,Aston Martin,84.38,28.283,30.903,25.194,10,1.14,6.29,14,2,False,False,Battle Offensive
Monza,High-Speed,36,STR,Lance Stroll,Aston Martin,83.96,27.535,29.737,26.688,11,4.76,4.12,15,2,False,False,Clean Air
Monza,High-Speed,37,STR,Lance Stroll,Aston Martin,83.897,25.919,28.491,29.487,10,4.6,2.4,16,2,False,False,Clean Air
Monza,High-Speed,38,STR,Lance Stroll,Aston Martin,83.714,26.689,29.894,27.131,10,1.27,0.52,17,2,False,False,Battle Offensive
Monza,High-Speed,39,STR,Lance Stroll,Aston Martin,83.743,26.36,30.734,26.649,10,2.08,6.38,18,2,False,False,DRS Train
Monza,High-Speed,40,STR,Lance Stroll,Aston Martin,83.965,27.384,28.255,28.326,10,2.51,2.09,19,2,False,False,DRS Train
Monza,High-Speed,41,STR,Lance Stroll,Aston Martin,113.109,34.27,39.618,39.221,10,8.32,2.03,20,2,False,True,Clean Air
Monza,High-Speed,42,STR,Lance Stroll,Aston Martin,112.631,35.025,40.893,36.712,10,3.79,3.01,21,2,False,True,Clean Air
Monza,High-Speed,43,STR,Lance Stroll,Aston Martin,117.455,36.542,39.058,41.854,10,0.45,0.1,22,2,False,True,Battle Offensive
Monza,High-Speed,44,STR,Lance Stroll,Aston Martin,115.548,35.931,42.049,37.568,10,1.69,0.19,23,2,False,True,Battle Defensive
Monza,High-Speed,45,STR,Lance Stroll,Aston Martin,84.224,26.475,29.387,28.363,10,1.39,2.27,24,2,False,False,Battle Offensive
Monza,High-Speed,46,STR,Lance Stroll,Aston Martin,83.939,26.753,30.268,26.917,11,0.95,0.86,25,2,False,False,Battle Offensive
Monza,High-Speed,47,STR,Lance Stroll,Aston Martin,84.395,26.373,29.858,28.164,10,4.67,1.22,26,2,False,False,Battle Defensive
Monza,High-Speed,48,STR,Lance Stroll,Aston Martin,83.977,27.531,29.197,27.249,10,1.36,0.41,27,2,False,False,Battle Offensive
Monza,High-Speed,49,STR,Lance Stroll,Aston Martin,83.947,25.607,29.677,28.663,10,4.74,0.54,28,2,False,False,Battle Defensive
Monza,High-Speed,50,STR,Lance Stroll,Aston Martin,84.111,27.123,29.482,27.506,10,0.38,1.08,29,2,False,False,Battle Offensive
Monza,High-Speed,51,STR,Lance Stroll,Aston Martin,84.217,28.371,30.876,24.97,10,6.5,3.68,30,2,False,False,Clean Air
Monza,High-Speed,52,STR,Lance Stroll,Aston Martin,84.508,26.551,30.322,27.634,10,5.55,5.41,31,2,False,False,Clean Air
Monza,High-Speed,53,STR,Lance Stroll,Aston Martin,83.797,25.556,29.308,28.933,10,4.29,2.74,32,2,False,False,Clean Air
Monza,High-Speed,1,GAS,Pierre Gasly,Alpine,82.9,25.091,29.914,27.894,13,3.18,1.99,1,1,False,False,Clean Air
Monza,High-Speed,2,GAS,Pierre Gasly,Alpine,83.359,27.003,29.807,26.549,13,0.62,2.39,2,1,False,False,Battle Offensive
Monza,High-Speed,3,GAS,Pierre Gasly,Alpine,82.725,25.551,28.298,28.875,13,4.36,0.25,3,1,False,False,Battle Defensive
Monza,High-Speed,4,GAS,Pierre Gasly,Alpine,83.703,26.777,28.633,28.293,13,0.45,1.39,4,1,False,False,Battle Offensive
Monza,High-Speed,5,GAS,Pierre Gasly,Alpine,83.978,27.398,29.214,27.366,13,5.36,1.49,5,1,False,False,Battle Defensive
Monza,High-Speed,6,GAS,Pierre Gasly,Alpine,84.35,26.379,30.463,27.507,13,2.88,0.68,6,1,False,False,Battle Defensive
Monza,High-Speed,7,GAS,Pierre Gasly,Alpine,83.649,26.185,30.332,27.133,13,2.14,4.61,7,1,False,False,DRS Train
Monza,High-Speed,8,GAS,Pierre Gasly,Alpine,83.868,25.858,27.904,30.107,13,1.28,2.05,8,1,False,False,Battle Offensive
Monza,High-Speed,9,GAS,Pierre Gasly,Alpine,82.981,27.23,28.5,27.252,13,4.05,1.27,9,1,False,False,Battle Defensive
Monza,High-Speed,10,GAS,Pierre Gasly,Alpine,84.188,26.041,30.32,27.827,13,9.68,0.48,10,1,False,False,Battle Defensive
Monza,High-Speed,11,GAS,Pierre Gasly,Alpine,83.73,27.733,29.13,26.866,13,2.71,0.29,11,1,False,False,Battle Defensive
Monza,High-Speed,12,GAS,Pierre Gasly,Alpine,83.31,27.427,30.045,25.839,13,0.54,0.99,12,1,False,False,Battle Offensive
Monza,High-Speed,13,GAS,Pierre Gasly,Alpine,83.644,27.034,28.741,27.868,13,1.9,4.36,13,1,False,False,DRS Train
Monza,High-Speed,14,GAS,Pierre Gasly,Alpine,105.515,32.575,37.028,35.913,13,1.82,2.22,1,2,True,False,DRS Train
Monza,High-Speed,15,GAS,Pierre Gasly,Alpine,83.813,27.034,30.318,26.461,13,1.22,7.04,2,2,False,False,Battle Offensive
Monza,High-Speed,16,GAS,Pierre Gasly,Alpine,83.34,27.006,28.289,28.045,13,3.39,2.7,3,2,False,False,Clean Air
Monza,High-Speed,17,GAS,Pierre Gasly,Alpine,83.568,26.839,28.764,27.965,13,0.96,2.44,4,2,False,False,Battle Offensive
Monza,High-Speed,18,GAS,Pierre Gasly,Alpine,83.826,25.371,28.584,29.872,13,1.94,0.99,5,2,False,False,Battle Defensive
Monza,High-Speed,19,GAS,Pierre Gasly,Alpine,83.466,27.145,29.657,26.665,13,0.42,7.24,6,2,False,False,Battle Offensive
Monza,High-Speed,20,GAS,Pierre Gasly,Alpine,84.034,28.316,30.094,25.624,13,1.28,0.85,7,2,False,False,Battle Offensive
Monza,High-Speed,21,GAS,Pierre Gasly,Alpine,83.284,26.595,30.586,26.103,13,5.92,8.28,8,2,False,False,Clean Air
Monza,High-Speed,22,GAS,Pierre Gasly,Alpine,83.428,26.177,28.16,29.092,13,2.77,4.3,9,2,False,False,DRS Train
Monza,High-Speed,23,GAS,Pierre Gasly,Alpine,83.574,28.358,30.244,24.972,13,2.04,0.22,10,2,False,False,Battle Defensive
Monza,High-Speed,24,GAS,Pierre Gasly,Alpine,83.662,26.195,28.664,28.803,13,2.8,6.2,11,2,False,False,DRS Train
Monza,High-Speed,25,GAS,Pierre Gasly,Alpine,83.509,25.893,30.239,27.377,13,5.36,4.71,12,2,False,False,Clean Air
Monza,High-Speed,26,GAS,Pierre Gasly,Alpine,84.018,26.678,28.19,29.149,13,2.99,0.86,13,2,False,False,Battle Defensive
Monza,High-Speed,27,GAS,Pierre Gasly,Alpine,84.034,27.757,30.234,26.043,13,1.69,7.46,14,2,False,False,DRS Train
Monza,High-Speed,28,GAS,Pierre Gasly,Alpine,83.836,25.229,30.563,28.044,13,2.01,2.39,15,2,False,False,DRS Train
Monza,High-Speed,29,GAS,Pierre Gasly,Alpine,84.146,25.713,29.647,28.785,13,0.1,0.96,16,2,False,False,Battle Offensive
Monza,High-Speed,30,GAS,Pierre Gasly,Alpine,84.178,27.704,30.806,25.668,13,3.38,0.82,17,2,False,False,Battle Defensive
Monza,High-Speed,31,GAS,Pierre Gasly,Alpine,84.09,28.215,28.529,27.345,13,4.79,0.62,18,2,False,False,Battle Defensive
Monza,High-Speed,32,GAS,Pierre Gasly,Alpine,83.603,27.212,27.647,28.743,13,4.17,2.66,19,2,False,False,Clean Air
Monza,High-Speed,33,GAS,Pierre Gasly,Alpine,84.255,28.611,29.183,26.461,13,0.36,3.24,20,2,False,False,Battle Offensive
Monza,High-Speed,34,GAS,Pierre Gasly,Alpine,83.372,25.728,30.537,27.107,13,2.87,0.54,21,2,False,False,Battle Defensive
Monza,High-Speed,35,GAS,Pierre Gasly,Alpine,84.664,27.103,28.286,29.275,13,0.36,0.85,22,2,False,False,Battle Offensive
Monza,High-Speed,36,GAS,Pierre Gasly,Alpine,84.112,26.021,28.72,29.372,13,0.72,1.06,23,2,False,False,Battle Offensive
Monza,High-Speed,37,GAS,Pierre Gasly,Alpine,84.546,27.619,28.423,28.504,13,4.61,2.99,24,2,False,False,Clean Air
Monza,High-Speed,38,GAS,Pierre Gasly,Alpine,84.17,26.416,28.042,29.712,13,0.19,1.13,25,2,False,False,Battle Offensive
Monza,High-Speed,39,GAS,Pierre Gasly,Alpine,105.294,34.867,36.308,34.119,13,0.77,2.87,1,3,True,False,Battle Offensive
Monza,High-Speed,40,GAS,Pierre Gasly,Alpine,83.38,25.144,29.248,28.989,13,3.94,2.99,2,3,False,False,Clean Air
Monza,High-Speed,41,GAS,Pierre Gasly,Alpine,108.443,32.904,38.979,36.561,13,0.55,0.36,3,3,False,True,Battle Offensive
Monza,High-Speed,42,GAS,Pierre Gasly,Alpine,106.279,35.192,36.449,34.638,14,0.1,1.53,4,3,False,True,Battle Offensive
Monza,High-Speed,43,GAS,Pierre Gasly,Alpine,111.561,34.439,37.797,39.325,13,0.1,0.98,5,3,False,True,Battle Offensive
Monza,High-Speed,44,GAS,Pierre Gasly,Alpine,106.83,33.423,35.516,37.89,13,2.32,1.31,6,3,False,True,Battle Defensive
Monza,High-Speed,45,GAS,Pierre Gasly,Alpine,83.761,25.657,30.236,27.868,13,0.66,0.9,7,3,False,False,Battle Offensive
Monza,High-Speed,46,GAS,Pierre Gasly,Alpine,84.415,25.558,30.683,28.175,13,0.58,1.33,8,3,False,False,Battle Offensive
Monza,High-Speed,47,GAS,Pierre Gasly,Alpine,83.407,26.535,27.994,28.878,13,3.16,12.26,9,3,False,False,Clean Air
Monza,High-Speed,48,GAS,Pierre Gasly,Alpine,84.139,28.152,27.852,28.135,13,4.79,0.9,10,3,False,False,Battle Defensive
Monza,High-Speed,49,GAS,Pierre Gasly,Alpine,83.875,28.124,28.115,27.636,13,2.78,2.3,11,3,False,False,DRS Train
Monza,High-Speed,50,GAS,Pierre Gasly,Alpine,83.676,25.215,29.857,28.604,13,4.58,1.71,12,3,False,False,Clean Air
Monza,High-Speed,51,GAS,Pierre Gasly,Alpine,83.782,27.738,29.899,26.145,13,1.46,1.7,13,3,False,False,Battle Offensive
Monza,High-Speed,52,GAS,Pierre Gasly,Alpine,84.058,26.995,29.198,27.865,13,4.07,0.33,14,3,False,False,Battle Defensive
Monza,High-Speed,53,GAS,Pierre Gasly,Alpine,83.539,25.88,28.014,29.644,13,0.47,0.28,15,3,False,False,Battle Offensive
Monza,High-Speed,1,OCO,Esteban Ocon,Alpine,83.553,27.218,30.393,25.942,9,0.29,5.35,1,1,False,False,Battle Offensive
Monza,High-Speed,2,OCO,Esteban Ocon,Alpine,84.13,27.872,29.317,26.94,9,1.88,0.96,2,1,False,False,Battle Defensive
Monza,High-Speed,3,OCO,Esteban Ocon,Alpine,83.463,25.055,27.765,30.643,9,7.69,10.57,3,1,False,False,Clean Air
Monza,High-Speed,4,OCO,Esteban Ocon,Alpine,83.158,26.493,27.66,29.005,9,0.1,3.71,4,1,False,False,Battle Offensive
Monza,High-Speed,5,OCO,Esteban Ocon,Alpine,83.522,26.132,30.674,26.716,9,0.8,4.31,5,1,False,False,Battle Offensive
Monza,High-Speed,6,OCO,Esteban Ocon,Alpine,83.078,27.1,29.625,26.353,9,1.74,3.28,6,1,False,False,DRS Train
Monza,High-Speed,7,OCO,Esteban Ocon,Alpine,83.219,26.538,28.166,28.514,9,4.46,0.81,7,1,False,False,Battle Defensive
Monza,High-Speed,8,OCO,Esteban Ocon,Alpine,83.156,28.152,30.709,24.295,9,2.62,0.64,8,1,False,False,Battle Defensive
Monza,High-Speed,9,OCO,Esteban Ocon,Alpine,83.847,28.499,29.723,25.624,9,0.68,7.69,9,1,False,False,Battle Offensive
Monza,High-Speed,10,OCO,Esteban Ocon,Alpine,83.234,26.003,28.485,28.746,9,2.6,0.11,10,1,False,False,Battle Defensive
Monza,High-Speed,11,OCO,Esteban Ocon,Alpine,83.589,26.272,29.003,28.314,9,6.9,0.18,11,1,False,False,Battle Defensive
Monza,High-Speed,12,OCO,Esteban Ocon,Alpine,83.58,27.577,30.006,25.998,9,1.23,7.6,12,1,False,False,Battle Offensive
Monza,High-Speed,13,OCO,Esteban Ocon,Alpine,83.636,27.832,28.88,26.924,9,2.45,5.19,13,1,False,False,DRS Train
Monza,High-Speed,14,OCO,Esteban Ocon,Alpine,83.41,28.009,30.461,24.941,9,2.63,3.34,14,1,False,False,DRS Train
Monza,High-Speed,15,OCO,Esteban Ocon,Alpine,83.869,26.3,28.082,29.487,9,5.7,3.33,15,1,False,False,Clean Air
Monza,High-Speed,16,OCO,Esteban Ocon,Alpine,84.189,27.422,29.192,27.575,9,0.31,7.5,16,1,False,False,Battle Offensive
Monza,High-Speed,17,OCO,Esteban Ocon,Alpine,83.854,25.499,28.625,29.73,9,0.1,7.8,17,1,False,False,Battle Offensive
Monza,High-Speed,18,OCO,Esteban Ocon,Alpine,104.854,34.242,38.414,32.198,9,5.45,2.52,1,2,True,False,Clean Air
Monza,High-Speed,19,OCO,Esteban Ocon,Alpine,83.232,25.099,28.279,29.855,9,1.35,5.01,2,2,False,False,Battle Offensive
Monza,High-Speed,20,OCO,Esteban Ocon,Alpine,83.905,26.095,29.969,27.84,9,1.19,4.54,3,2,False,False,Battle Offensive
Monza,High-Speed,21,OCO,Esteban Ocon,Alpine,83.566,27.872,29.561,26.132,9,1.92,2.62,4,2,False,False,DRS Train
Monza,High-Speed,22,OCO,Esteban Ocon,Alpine,83.884,26.24,30.501,27.143,9,0.31,0.94,5,2,False,False,Battle Offensive
Monza,High-Speed,23,OCO,Esteban Ocon,Alpine,83.313,27.667,28.656,26.991,9,3.95,2.58,6,2,False,False,Clean Air
Monza,High-Speed,24,OCO,Esteban Ocon,Alpine,83.733,28.414,28.691,26.627,9,0.9,15.41,7,2,False,False,Battle Offensive
Monza,High-Speed,25,OCO,Esteban Ocon,Alpine,83.843,27.474,27.984,28.385,9,0.45,3.34,8,2,False,False,Battle Offensive
Monza,High-Speed,26,OCO,Esteban Ocon,Alpine,83.597,25.789,27.848,29.96,9,4.59,8.14,9,2,False,False,Clean Air
Monza,High-Speed,27,OCO,Esteban Ocon,Alpine,83.483,27.785,28.134,27.564,9,3.68,2.98,10,2,False,False,Clean Air
Monza,High-Speed,28,OCO,Esteban Ocon,Alpine,84.291,25.733,31.104,27.455,9,0.42,1.34,11,2,False,False,Battle Offensive
Monza,High-Speed,29,OCO,Esteban Ocon,Alpine,83.832,25.879,27.703,30.25,9,0.1,1.87,12,2,False,False,Battle Offensive
Monza,High-Speed,30,OCO,Esteban Ocon,Alpine,83.53,25.578,28.016,29.935,9,0.86,2.58,13,2,False,False,Battle Offensive
Monza,High-Speed,31,OCO,Esteban Ocon,Alpine,83.504,27.215,29.417,26.872,9,1.87,2.86,14,2,False,False,DRS Train
Monza,High-Speed,32,OCO,Esteban Ocon,Alpine,83.606,26.542,29.602,27.462,9,0.51,0.4,15,2,False,False,Battle Offensive
Monza,High-Speed,33,OCO,Esteban Ocon,Alpine,83.426,25.473,29.022,28.931,9,7.1,2.46,16,2,False,False,Clean Air
Monza,High-Speed,34,OCO,Esteban Ocon,Alpine,83.88,25.973,29.577,28.33,9,2.28,3.22,17,2,False,False,DRS Train
Monza,High-Speed,35,OCO,Esteban Ocon,Alpine,83.726,27.101,30.203,26.422,9,2.21,1.06,18,2,False,False,Battle Defensive
Monza,High-Speed,36,OCO,Esteban Ocon,Alpine,83.063,26.373,27.503,29.187,9,9.8,6.05,19,2,False,False,Clean Air
Monza,High-Speed,37,OCO,Esteban Ocon,Alpine,84.453,25.551,30.202,28.699,9,0.45,0.15,20,2,False,False,Battle Offensive
Monza,High-Speed,38,OCO,Esteban Ocon,Alpine,105.623,33.737,38.747,33.139,9,2.29,0.44,1,3,True,False,Battle Defensive
Monza,High-Speed,39,OCO,Esteban Ocon,Alpine,83.305,27.032,27.507,28.766,9,2.01,2.17,2,3,False,False,DRS Train
Monza,High-Speed,40,OCO,Esteban Ocon,Alpine,83.638,27.231,29.741,26.667,8,0.1,1.41,3,3,False,False,Battle Offensive
Monza,High-Speed,41,OCO,Esteban Ocon,Alpine,109.529,36.977,37.242,35.311,9,2.78,1.23,4,3,False,True,Battle Defensive
Monza,High-Speed,42,OCO,Esteban Ocon,Alpine,112.376,36.274,37.385,38.717,9,2.42,6.65,5,3,False,True,DRS Train
Monza,High-Speed,43,OCO,Esteban Ocon,Alpine,110.109,37.345,39.375,33.389,9,0.43,8.3,6,3,False,True,Battle Offensive
Monza,High-Speed,44,OCO,Esteban Ocon,Alpine,116.196,37.377,40.304,38.515,9,3.02,2.73,7,3,False,True,Clean Air
Monza,High-Speed,45,OCO,Esteban Ocon,Alpine,83.751,26.866,28.677,28.208,9,0.47,0.68,8,3,False,False,Battle Offensive
Monza,High-Speed,46,OCO,Esteban Ocon,Alpine,83.092,25.247,30.506,27.34,9,1.64,3.4,9,3,False,False,DRS Train
Monza,High-Speed,47,OCO,Esteban Ocon,Alpine,83.698,27.841,28.657,27.2,9,2.96,1.81,10,3,False,False,DRS Train
Monza,High-Speed,48,OCO,Esteban Ocon,Alpine,83.078,27.072,28.871,27.136,9,1.38,3.07,11,3,False,False,Battle Offensive
Monza,High-Speed,49,OCO,Esteban Ocon,Alpine,83.809,27.809,29.405,26.595,9,3.17,0.39,12,3,False,False,Battle Defensive
Monza,High-Speed,50,OCO,Esteban Ocon,Alpine,83.175,25.868,30.588,26.72,9,0.24,2.18,13,3,False,False,Battle Offensive
Monza,High-Speed,51,OCO,Esteban Ocon,Alpine,83.564,26.85,27.612,29.102,9,0.63,0.62,14,3,False,False,Battle Offensive
Monza,High-Speed,52,OCO,Esteban Ocon,Alpine,83.694,26.78,30.499,26.415,9,4.47,1.8,15,3,False,False,Clean Air
Monza,High-Speed,53,OCO,Esteban Ocon,Alpine,83.477,28.34,29.822,25.315,9,5.83,4.46,16,3,False,False,Clean Air
Monza,High-Speed,1,HUL,Nico Hulkenberg,Haas,83.574,28.074,28.242,27.258,11,0.91,1.0,1,1,False,False,Battle Offensive
Monza,High-Speed,2,HUL,Nico Hulkenberg,Haas,83.066,27.197,28.552,27.317,11,0.7,2.15,2,1,False,False,Battle Offensive
Monza,High-Speed,3,HUL,Nico Hulkenberg,Haas,83.373,26.282,28.635,28.455,11,2.52,2.51,3,1,False,False,DRS Train
Monza,High-Speed,4,HUL,Nico Hulkenberg,Haas,83.429,26.198,27.63,29.601,11,3.86,0.7,4,1,False,False,Battle Defensive
Monza,High-Speed,5,HUL,Nico Hulkenberg,Haas,83.533,26.045,29.746,27.742,11,0.1,0.38,5,1,False,False,Battle Offensive
Monza,High-Speed,6,HUL,Nico Hulkenberg,Haas,83.23,27.437,28.298,27.495,11,0.53,2.41,6,1,False,False,Battle Offensive
Monza,High-Speed,7,HUL,Nico Hulkenberg,Haas,84.149,28.459,30.52,25.17,11,0.83,4.41,7,1,False,False,Battle Offensive
Monza,High-Speed,8,HUL,Nico Hulkenberg,Haas,84.08,26.594,30.298,27.188,11,1.22,2.88,8,1,False,False,Battle Offensive
Monza,High-Speed,9,HUL,Nico Hulkenberg,Haas,83.727,26.313,29.455,27.959,11,1.23,2.23,9,1,False,False,Battle Offensive
Monza,High-Speed,10,HUL,Nico Hulkenberg,Haas,83.603,27.616,29.051,26.935,11,0.83,0.65,10,1,False,False,Battle Offensive
Monza,High-Speed,11,HUL,Nico Hulkenberg,Haas,83.992,27.677,28.925,27.389,11,0.11,2.86,11,1,False,False,Battle Offensive
Monza,High-Speed,12,HUL,Nico Hulkenberg,Haas,84.042,25.227,30.369,28.445,11,0.56,1.36,12,1,False,False,Battle Offensive
Monza,High-Speed,13,HUL,Nico Hulkenberg,Haas,83.579,28.306,29.6,25.674,11,0.2,1.49,13,1,False,False,Battle Offensive
Monza,High-Speed,14,HUL,Nico Hulkenberg,Haas,84.031,26.38,29.425,28.225,11,3.21,8.75,14,1,False,False,Clean Air
Monza,High-Speed,15,HUL,Nico Hulkenberg,Haas,105.66,35.482,37.222,32.956,11,0.66,2.81,1,2,True,False,Battle Offensive
Monza,High-Speed,16,HUL,Nico Hulkenberg,Haas,82.696,25.425,28.559,28.712,11,2.86,3.0,2,2,False,False,DRS Train
Monza,High-Speed,17,HUL,Nico Hulkenberg,Haas,83.796,27.813,29.608,26.375,11,1.61,0.1,3,2,False,False,Battle Defensive
Monza,High-Speed,18,HUL,Nico Hulkenberg,Haas,83.281,25.072,28.769,29.44,11,6.51,3.82,4,2,False,False,Clean Air
Monza,High-Speed,19,HUL,Nico Hulkenberg,Haas,83.787,26.034,28.163,29.59,11,1.78,7.29,5,2,False,False,DRS Train
Monza,High-Speed,20,HUL,Nico Hulkenberg,Haas,83.859,27.208,30.525,26.126,11,5.13,0.47,6,2,False,False,Battle Defensive
Monza,High-Speed,21,HUL,Nico Hulkenberg,Haas,83.4,26.509,30.444,26.447,11,1.0,0.45,7,2,False,False,Battle Offensive
Monza,High-Speed,22,HUL,Nico Hulkenberg,Haas,83.586,26.842,29.592,27.152,11,5.76,3.67,8,2,False,False,Clean Air
Monza,High-Speed,23,HUL,Nico Hulkenberg,Haas,83.266,25.505,28.865,28.896,11,0.54,1.85,9,2,False,False,Battle Offensive
Monza,High-Speed,24,HUL,Nico Hulkenberg,Haas,83.726,28.176,29.608,25.942,11,0.9,0.23,10,2,False,False,Battle Offensive
Monza,High-Speed,25,HUL,Nico Hulkenberg,Haas,83.586,26.703,28.935,27.948,11,2.33,0.18,11,2,False,False,Battle Defensive
Monza,High-Speed,26,HUL,Nico Hulkenberg,Haas,83.707,28.059,28.109,27.539,11,4.38,0.71,12,2,False,False,Battle Defensive
Monza,High-Speed,27,HUL,Nico Hulkenberg,Haas,83.78,26.405,30.964,26.411,11,2.65,0.28,13,2,False,False,Battle Defensive
Monza,High-Speed,28,HUL,Nico Hulkenberg,Haas,84.035,26.585,30.218,27.232,11,8.52,0.53,14,2,False,False,Battle Defensive
Monza,High-Speed,29,HUL,Nico Hulkenberg,Haas,83.973,26.206,28.657,29.109,11,0.46,1.12,15,2,False,False,Battle Offensive
Monza,High-Speed,30,HUL,Nico Hulkenberg,Haas,83.86,27.634,30.954,25.272,11,3.78,1.2,16,2,False,False,Battle Defensive
Monza,High-Speed,31,HUL,Nico Hulkenberg,Haas,84.163,25.312,28.156,30.695,11,1.28,1.36,17,2,False,False,Battle Offensive
Monza,High-Speed,32,HUL,Nico Hulkenberg,Haas,84.264,27.879,27.957,28.428,12,2.18,3.95,18,2,False,False,DRS Train
Monza,High-Speed,33,HUL,Nico Hulkenberg,Haas,84.141,27.926,30.48,25.736,11,2.24,2.04,19,2,False,False,DRS Train
Monza,High-Speed,34,HUL,Nico Hulkenberg,Haas,84.444,27.094,30.256,27.094,11,0.15,0.55,20,2,False,False,Battle Offensive
Monza,High-Speed,35,HUL,Nico Hulkenberg,Haas,83.988,28.295,29.618,26.076,11,8.17,2.7,21,2,False,False,Clean Air
Monza,High-Speed,36,HUL,Nico Hulkenberg,Haas,84.053,27.298,28.454,28.3,10,3.18,5.82,22,2,False,False,Clean Air
Monza,High-Speed,37,HUL,Nico Hulkenberg,Haas,84.271,28.618,29.515,26.138,11,3.18,5.53,23,2,False,False,Clean Air
Monza,High-Speed,38,HUL,Nico Hulkenberg,Haas,105.217,34.611,35.772,34.834,11,1.67,1.93,1,3,True,False,DRS Train
Monza,High-Speed,39,HUL,Nico Hulkenberg,Haas,83.389,27.887,30.671,24.83,11,2.4,3.12,2,3,False,False,DRS Train
Monza,High-Speed,40,HUL,Nico Hulkenberg,Haas,83.358,26.355,29.568,27.435,11,1.3,7.6,3,3,False,False,Battle Offensive
Monza,High-Speed,41,HUL,Nico Hulkenberg,Haas,112.858,37.739,40.556,34.563,11,0.67,3.51,4,3,False,True,Battle Offensive
Monza,High-Speed,42,HUL,Nico Hulkenberg,Haas,106.132,32.635,36.923,36.574,11,0.66,4.21,5,3,False,True,Battle Offensive
Monza,High-Speed,43,HUL,Nico Hulkenberg,Haas,113.26,34.588,41.418,37.254,11,1.85,6.13,6,3,False,True,DRS Train
Monza,High-Speed,44,HUL,Nico Hulkenberg,Haas,116.474,37.385,42.376,36.713,11,0.52,0.39,7,3,False,True,Battle Offensive
Monza,High-Speed,45,HUL,Nico Hulkenberg,Haas,84.113,26.84,28.303,28.97,11,9.78,0.83,8,3,False,False,Battle Defensive
Monza,High-Speed,46,HUL,Nico Hulkenberg,Haas,83.608,25.964,30.501,27.142,11,6.7,3.43,9,3,False,False,Clean Air
Monza,High-Speed,47,HUL,Nico Hulkenberg,Haas,83.954,28.523,29.199,26.232,11,0.51,5.19,10,3,False,False,Battle Offensive
Monza,High-Speed,48,HUL,Nico Hulkenberg,Haas,84.001,27.938,27.988,28.075,11,1.91,0.77,11,3,False,False,Battle Defensive
Monza,High-Speed,49,HUL,Nico Hulkenberg,Haas,84.291,26.896,28.355,29.04,11,0.1,0.64,12,3,False,False,Battle Offensive
Monza,High-Speed,50,HUL,Nico Hulkenberg,Haas,83.816,27.418,29.395,27.003,11,0.74,1.75,13,3,False,False,Battle Offensive
Monza,High-Speed,51,HUL,Nico Hulkenberg,Haas,84.133,26.266,29.484,28.382,11,0.51,4.15,14,3,False,False,Battle Offensive
Monza,High-Speed,52,HUL,Nico Hulkenberg,Haas,83.718,27.5,29.814,26.405,11,5.28,2.94,15,3,False,False,Clean Air
Monza,High-Speed,53,HUL,Nico Hulkenberg,Haas,84.166,28.334,28.155,27.678,11,2.12,1.88,16,3,False,False,DRS Train
Suzuka,Technical,1,VER,Max Verstappen,Red Bull,92.388,29.117,32.752,30.519,2,9.12,2.17,1,1,False,False,Clean Air
Suzuka,Technical,2,VER,Max Verstappen,Red Bull,92.59,31.308,31.346,29.936,2,1.68,2.65,2,1,False,False,DRS Train
Suzuka,Technical,3,VER,Max Verstappen,Red Bull,92.768,31.257,32.546,28.964,2,2.62,3.56,3,1,False,False,DRS Train
Suzuka,Technical,4,VER,Max Verstappen,Red Bull,92.801,27.947,31.235,33.619,2,2.83,1.15,4,1,False,False,Battle Defensive
Suzuka,Technical,5,VER,Max Verstappen,Red Bull,93.064,31.489,31.875,29.699,2,0.67,0.1,5,1,False,False,Battle Offensive
Suzuka,Technical,6,VER,Max Verstappen,Red Bull,92.952,28.142,34.363,30.448,2,0.69,5.47,6,1,False,False,Battle Offensive
Suzuka,Technical,7,VER,Max Verstappen,Red Bull,93.079,31.621,31.121,30.337,2,1.05,2.61,7,1,False,False,Battle Offensive
Suzuka,Technical,8,VER,Max Verstappen,Red Bull,93.17,31.277,32.027,29.866,2,2.49,1.03,8,1,False,False,Battle Defensive
Suzuka,Technical,9,VER,Max Verstappen,Red Bull,92.768,29.895,33.879,28.994,2,7.3,1.69,9,1,False,False,Clean Air
Suzuka,Technical,10,VER,Max Verstappen,Red Bull,93.439,30.692,33.237,29.51,2,0.3,0.79,10,1,False,False,Battle Offensive
Suzuka,Technical,11,VER,Max Verstappen,Red Bull,93.293,30.388,31.785,31.12,2,5.31,4.06,11,1,False,False,Clean Air
Suzuka,Technical,12,VER,Max Verstappen,Red Bull,93.296,28.028,31.393,33.876,2,4.91,1.0,12,1,False,False,Battle Defensive
Suzuka,Technical,13,VER,Max Verstappen,Red Bull,93.628,29.348,31.07,33.211,2,4.56,0.77,13,1,False,False,Battle Defensive
Suzuka,Technical,14,VER,Max Verstappen,Red Bull,93.277,31.315,31.594,30.368,2,1.16,1.83,14,1,False,False,Battle Offensive
Suzuka,Technical,15,VER,Max Verstappen,Red Bull,93.261,30.186,34.494,28.581,2,0.75,7.92,15,1,False,False,Battle Offensive
Suzuka,Technical,16,VER,Max Verstappen,Red Bull,93.294,29.712,32.739,30.843,2,5.74,0.82,16,1,False,False,Battle Defensive
Suzuka,Technical,17,VER,Max Verstappen,Red Bull,93.082,31.019,31.899,30.165,2,6.31,1.73,17,1,False,False,Clean Air
Suzuka,Technical,18,VER,Max Verstappen,Red Bull,93.764,29.314,33.411,31.039,2,4.21,0.55,18,1,False,False,Battle Defensive
Suzuka,Technical,19,VER,Max Verstappen,Red Bull,93.703,30.22,32.317,31.165,2,1.19,1.08,19,1,False,False,Battle Offensive
Suzuka,Technical,20,VER,Max Verstappen,Red Bull,93.733,31.675,32.952,29.107,2,0.65,4.55,20,1,False,False,Battle Offensive
Suzuka,Technical,21,VER,Max Verstappen,Red Bull,93.819,30.663,33.684,29.472,2,2.54,2.48,21,1,False,False,DRS Train
Suzuka,Technical,22,VER,Max Verstappen,Red Bull,93.823,29.661,33.977,30.184,2,3.42,0.26,22,1,False,False,Battle Defensive
Suzuka,Technical,23,VER,Max Verstappen,Red Bull,94.085,31.002,33.802,29.282,2,2.53,0.92,23,1,False,False,Battle Defensive
Suzuka,Technical,24,VER,Max Verstappen,Red Bull,93.748,30.334,34.261,29.153,2,1.56,2.57,24,1,False,False,DRS Train
Suzuka,Technical,25,VER,Max Verstappen,Red Bull,114.624,36.979,38.79,38.855,2,1.36,2.76,1,2,True,False,Battle Offensive
Suzuka,Technical,26,VER,Max Verstappen,Red Bull,92.751,28.808,30.804,33.138,2,3.56,1.11,2,2,False,False,Battle Defensive
Suzuka,Technical,27,VER,Max Verstappen,Red Bull,92.556,30.023,33.547,28.986,2,1.47,3.36,3,2,False,False,Battle Offensive
Suzuka,Technical,28,VER,Max Verstappen,Red Bull,92.378,28.764,30.552,33.062,2,1.31,3.71,4,2,False,False,Battle Offensive
Suzuka,Technical,29,VER,Max Verstappen,Red Bull,92.768,30.731,32.01,30.027,2,2.95,3.74,5,2,False,False,DRS Train
Suzuka,Technical,30,VER,Max Verstappen,Red Bull,92.745,31.317,30.707,30.72,2,0.95,1.69,6,2,False,False,Battle Offensive
Suzuka,Technical,31,VER,Max Verstappen,Red Bull,92.816,29.533,34.131,29.152,2,0.45,3.76,7,2,False,False,Battle Offensive
Suzuka,Technical,32,VER,Max Verstappen,Red Bull,93.127,28.214,34.411,30.503,2,3.21,0.1,8,2,False,False,Battle Defensive
Suzuka,Technical,33,VER,Max Verstappen,Red Bull,92.894,28.234,30.659,34.001,2,2.17,1.67,9,2,False,False,DRS Train
Suzuka,Technical,34,VER,Max Verstappen,Red Bull,93.074,28.808,34.119,30.148,2,3.24,1.8,10,2,False,False,Clean Air
Suzuka,Technical,35,VER,Max Verstappen,Red Bull,93.191,28.32,32.317,32.554,2,0.7,5.1,11,2,False,False,Battle Offensive
Suzuka,Technical,36,VER,Max Verstappen,Red Bull,92.901,30.849,31.389,30.663,2,1.86,0.87,12,2,False,False,Battle Defensive
Suzuka,Technical,37,VER,Max Verstappen,Red Bull,93.244,29.289,33.942,30.012,2,0.74,2.93,13,2,False,False,Battle Offensive
Suzuka,Technical,38,VER,Max Verstappen,Red Bull,93.135,29.165,34.449,29.521,3,3.09,0.79,14,2,False,False,Battle Defensive
Suzuka,Technical,39,VER,Max Verstappen,Red Bull,93.081,30.135,32.906,30.039,2,0.68,6.96,15,2,False,False,Battle Offensive
Suzuka,Technical,40,VER,Max Verstappen,Red Bull,93.119,30.146,33.229,29.743,2,2.16,2.13,16,2,False,False,DRS Train
Suzuka,Technical,41,VER,Max Verstappen,Red Bull,93.21,28.277,32.508,32.424,2,6.42,3.55,17,2,False,False,Clean Air
Suzuka,Technical,42,VER,Max Verstappen,Red Bull,93.322,28.648,31.049,33.625,2,1.69,1.45,18,2,False,False,Battle Defensive
Suzuka,Technical,43,VER,Max Verstappen,Red Bull,93.687,31.396,31.789,30.503,2,0.55,4.81,19,2,False,False,Battle Offensive
Suzuka,Technical,44,VER,Max Verstappen,Red Bull,93.481,31.042,32.425,30.014,2,4.48,0.35,20,2,False,False,Battle Defensive
Suzuka,Technical,45,VER,Max Verstappen,Red Bull,93.565,29.469,34.077,30.019,2,2.36,1.3,21,2,False,False,Battle Defensive
Suzuka,Technical,46,VER,Max Verstappen,Red Bull,93.824,29.67,31.505,32.649,2,2.82,3.74,22,2,False,False,DRS Train
Suzuka,Technical,47,VER,Max Verstappen,Red Bull,93.929,29.686,31.99,32.253,2,0.81,7.34,23,2,False,False,Battle Offensive
Suzuka,Technical,48,VER,Max Verstappen,Red Bull,94.033,29.447,31.807,32.779,2,3.79,6.58,24,2,False,False,Clean Air
Suzuka,Technical,49,VER,Max Verstappen,Red Bull,93.609,28.707,31.477,33.426,2,0.1,4.95,25,2,False,False,Battle Offensive
Suzuka,Technical,50,VER,Max Verstappen,Red Bull,94.067,29.599,31.453,33.016,2,0.13,1.33,26,2,False,False,Battle Offensive
Suzuka,Technical,51,VER,Max Verstappen,Red Bull,93.882,28.866,33.552,31.464,2,0.26,0.27,27,2,False,False,Battle Offensive
Suzuka,Technical,52,VER,Max Verstappen,Red Bull,93.942,29.524,31.197,33.22,1,,1.36,28,2,False,False,Battle Defensive
Suzuka,Technical,53,VER,Max Verstappen,Red Bull,94.107,28.437,33.735,31.935,2,1.62,4.9,29,2,False,False,DRS Train
Suzuka,Technical,1,NOR,Lando Norris,McLaren,93.039,31.19,33.682,28.167,4,0.16,2.26,1,1,False,False,Battle Offensive
Suzuka,Technical,2,NOR,Lando Norris,McLaren,92.982,30.935,31.488,30.56,4,0.1,4.17,2,1,False,False,Battle Offensive
Suzuka,Technical,3,NOR,Lando Norris,McLaren,92.529,27.794,31.32,33.415,4,0.93,1.45,3,1,False,False,Battle Offensive
Suzuka,Technical,4,NOR,Lando Norris,McLaren,93.65,28.513,32.416,32.722,4,2.53,0.66,4,1,False,False,Battle Defensive
Suzuka,Technical,5,NOR,Lando Norris,McLaren,93.058,28.449,33.159,31.449,4,4.93,4.49,5,1,False,False,Clean Air
Suzuka,Technical,6,NOR,Lando Norris,McLaren,93.175,30.328,33.577,29.27,4,0.72,2.59,6,1,False,False,Battle Offensive
Suzuka,Technical,7,NOR,Lando Norris,McLaren,92.731,29.535,32.615,30.582,4,1.08,0.36,7,1,False,False,Battle Offensive
Suzuka,Technical,8,NOR,Lando Norris,McLaren,92.805,27.942,31.058,33.805,4,10.05,3.93,8,1,False,False,Clean Air
Suzuka,Technical,9,NOR,Lando Norris,McLaren,93.343,29.812,34.162,29.369,4,3.28,1.15,9,1,False,False,Battle Defensive
Suzuka,Technical,10,NOR,Lando Norris,McLaren,93.24,29.906,33.08,30.255,4,3.58,3.06,10,1,False,False,Clean Air
Suzuka,Technical,11,NOR,Lando Norris,McLaren,93.867,30.63,32.1,31.137,4,0.71,4.41,11,1,False,False,Battle Offensive
Suzuka,Technical,12,NOR,Lando Norris,McLaren,93.316,30.348,31.013,31.954,4,0.53,0.2,12,1,False,False,Battle Offensive
Suzuka,Technical,13,NOR,Lando Norris,McLaren,93.225,28.021,34.293,30.911,4,1.16,0.14,13,1,False,False,Battle Offensive
Suzuka,Technical,14,NOR,Lando Norris,McLaren,93.673,30.073,32.289,31.311,4,0.54,4.4,14,1,False,False,Battle Offensive
Suzuka,Technical,15,NOR,Lando Norris,McLaren,93.023,30.623,33.122,29.278,4,0.41,1.13,15,1,False,False,Battle Offensive
Suzuka,Technical,16,NOR,Lando Norris,McLaren,93.625,29.325,33.397,30.903,4,0.15,0.1,16,1,False,False,Battle Offensive
Suzuka,Technical,17,NOR,Lando Norris,McLaren,94.072,31.886,32.333,29.853,4,0.26,2.15,17,1,False,False,Battle Offensive
Suzuka,Technical,18,NOR,Lando Norris,McLaren,93.895,29.977,33.118,30.8,4,1.84,0.75,18,1,False,False,Battle Defensive
Suzuka,Technical,19,NOR,Lando Norris,McLaren,93.743,31.437,34.204,28.102,4,2.02,1.41,19,1,False,False,Battle Defensive
Suzuka,Technical,20,NOR,Lando Norris,McLaren,93.978,31.607,33.191,29.18,4,0.1,2.92,20,1,False,False,Battle Offensive
Suzuka,Technical,21,NOR,Lando Norris,McLaren,93.508,29.413,33.793,30.302,4,3.23,7.58,21,1,False,False,Clean Air
Suzuka,Technical,22,NOR,Lando Norris,McLaren,94.205,31.928,34.612,27.664,4,2.04,0.51,22,1,False,False,Battle Defensive
Suzuka,Technical,23,NOR,Lando Norris,McLaren,115.271,38.274,39.27,37.727,4,0.1,0.21,1,2,True,False,Battle Offensive
Suzuka,Technical,24,NOR,Lando Norris,McLaren,93.163,31.584,33.407,28.172,4,0.76,0.1,2,2,False,False,Battle Offensive
Suzuka,Technical,25,NOR,Lando Norris,McLaren,92.918,29.177,33.054,30.687,4,0.21,2.22,3,2,False,False,Battle Offensive
Suzuka,Technical,26,NOR,Lando Norris,McLaren,93.082,30.712,30.929,31.44,4,0.44,1.3,4,2,False,False,Battle Offensive
Suzuka,Technical,27,NOR,Lando Norris,McLaren,93.512,29.981,33.716,29.814,4,1.19,2.17,5,2,False,False,Battle Offensive
Suzuka,Technical,28,NOR,Lando Norris,McLaren,93.113,29.597,34.124,29.391,4,1.07,0.43,6,2,False,False,Battle Offensive
Suzuka,Technical,29,NOR,Lando Norris,McLaren,93.297,30.098,31.795,31.405,4,5.77,1.34,7,2,False,False,Battle Defensive
Suzuka,Technical,30,NOR,Lando Norris,McLaren,93.092,28.8,32.1,32.192,5,2.39,3.36,8,2,False,False,DRS Train
Suzuka,Technical,31,NOR,Lando Norris,McLaren,92.944,30.234,32.26,30.45,4,1.2,7.8,9,2,False,False,Battle Offensive
Suzuka,Technical,32,NOR,Lando Norris,McLaren,92.741,31.332,31.808,29.601,4,0.53,2.51,10,2,False,False,Battle Offensive
Suzuka,Technical,33,NOR,Lando Norris,McLaren,93.126,29.369,32.998,30.758,4,1.07,5.11,11,2,False,False,Battle Offensive
Suzuka,Technical,34,NOR,Lando Norris,McLaren,93.725,31.768,31.229,30.729,4,2.08,0.61,12,2,False,False,Battle Defensive
Suzuka,Technical,35,NOR,Lando Norris,McLaren,93.632,29.231,32.581,31.821,4,1.54,1.26,13,2,False,False,Battle Defensive
Suzuka,Technical,36,NOR,Lando Norris,McLaren,93.34,30.529,31.338,31.473,4,0.6,2.69,14,2,False,False,Battle Offensive
Suzuka,Technical,37,NOR,Lando Norris,McLaren,93.42,30.129,33.695,29.596,4,0.32,0.31,15,2,False,False,Battle Offensive
Suzuka,Technical,38,NOR,Lando Norris,McLaren,93.903,29.43,33.685,30.788,4,1.39,0.1,16,2,False,False,Battle Offensive
Suzuka,Technical,39,NOR,Lando Norris,McLaren,93.548,30.3,32.002,31.246,4,0.16,3.09,17,2,False,False,Battle Offensive
Suzuka,Technical,40,NOR,Lando Norris,McLaren,93.788,30.602,34.615,28.571,5,2.39,5.54,18,2,False,False,DRS Train
Suzuka,Technical,41,NOR,Lando Norris,McLaren,93.554,31.744,33.271,28.538,4,0.15,1.39,19,2,False,False,Battle Offensive
Suzuka,Technical,42,NOR,Lando Norris,McLaren,94.442,29.337,32.864,32.241,4,1.09,2.01,20,2,False,False,Battle Offensive
Suzuka,Technical,43,NOR,Lando Norris,McLaren,93.993,29.304,32.678,32.011,4,5.64,3.53,21,2,False,False,Clean Air
Suzuka,Technical,44,NOR,Lando Norris,McLaren,93.612,28.343,33.58,31.689,4,4.11,1.0,22,2,False,False,Battle Defensive
Suzuka,Technical,45,NOR,Lando Norris,McLaren,93.672,29.306,32.964,31.403,4,5.32,1.94,23,2,False,False,Clean Air
Suzuka,Technical,46,NOR,Lando Norris,McLaren,93.978,31.677,34.719,27.582,4,5.3,3.69,24,2,False,False,Clean Air
Suzuka,Technical,47,NOR,Lando Norris,McLaren,94.195,31.235,32.332,30.628,4,2.8,0.47,25,2,False,False,Battle Defensive
Suzuka,Technical,48,NOR,Lando Norris,McLaren,93.816,29.132,34.106,30.578,4,1.54,0.1,26,2,False,False,Battle Defensive
Suzuka,Technical,49,NOR,Lando Norris,McLaren,94.329,28.993,34.233,31.103,4,2.12,1.38,27,2,False,False,Battle Defensive
Suzuka,Technical,50,NOR,Lando Norris,McLaren,94.044,28.307,34.536,31.201,4,0.61,2.81,28,2,False,False,Battle Offensive
Suzuka,Technical,51,NOR,Lando Norris,McLaren,94.06,30.42,33.098,30.542,4,2.64,1.05,29,2,False,False,Battle Defensive
Suzuka,Technical,52,NOR,Lando Norris,McLaren,93.955,29.137,33.713,31.105,4,5.22,2.55,30,2,False,False,Clean Air
Suzuka,Technical,53,NOR,Lando Norris,McLaren,94.681,31.652,31.339,31.69,4,3.94,1.16,31,2,False,False,Battle Defensive
Suzuka,Technical,1,LEC,Charles Leclerc,Ferrari,92.913,30.31,33.068,29.535,3,2.45,2.05,1,1,False,False,DRS Train
Suzuka,Technical,2,LEC,Charles Leclerc,Ferrari,92.906,30.042,31.16,31.704,3,3.56,5.04,2,1,False,False,Clean Air
Suzuka,Technical,3,LEC,Charles Leclerc,Ferrari,92.819,29.047,32.692,31.08,3,1.84,0.18,3,1,False,False,Battle Defensive
Suzuka,Technical,4,LEC,Charles Leclerc,Ferrari,92.619,28.158,31.999,32.462,3,5.05,1.18,4,1,False,False,Battle Defensive
Suzuka,Technical,5,LEC,Charles Leclerc,Ferrari,93.479,30.316,30.962,32.201,2,0.1,1.75,5,1,False,False,Battle Offensive
Suzuka,Technical,6,LEC,Charles Leclerc,Ferrari,93.413,28.219,34.457,30.736,3,9.21,0.32,6,1,False,False,Battle Defensive
Suzuka,Technical,7,LEC,Charles Leclerc,Ferrari,92.866,30.385,33.885,28.597,3,0.1,3.28,7,1,False,False,Battle Offensive
Suzuka,Technical,8,LEC,Charles Leclerc,Ferrari,93.312,28.841,31.069,33.402,3,4.31,8.46,8,1,False,False,Clean Air
Suzuka,Technical,9,LEC,Charles Leclerc,Ferrari,92.762,29.289,32.287,31.186,3,0.41,5.42,9,1,False,False,Battle Offensive
Suzuka,Technical,10,LEC,Charles Leclerc,Ferrari,93.163,29.967,33.775,29.422,3,3.36,2.24,10,1,False,False,Clean Air
Suzuka,Technical,11,LEC,Charles Leclerc,Ferrari,93.696,29.667,32.913,31.116,3,1.17,1.57,11,1,False,False,Battle Offensive
Suzuka,Technical,12,LEC,Charles Leclerc,Ferrari,93.634,29.103,31.547,32.984,4,0.1,2.27,12,1,False,False,Battle Offensive
Suzuka,Technical,13,LEC,Charles Leclerc,Ferrari,93.743,30.201,33.219,30.323,3,0.88,0.71,13,1,False,False,Battle Offensive
Suzuka,Technical,14,LEC,Charles Leclerc,Ferrari,93.849,29.916,33.391,30.541,2,0.39,1.09,14,1,False,False,Battle Offensive
Suzuka,Technical,15,LEC,Charles Leclerc,Ferrari,93.781,30.189,33.224,30.369,3,0.59,4.92,15,1,False,False,Battle Offensive
Suzuka,Technical,16,LEC,Charles Leclerc,Ferrari,114.719,36.802,38.247,39.67,3,3.36,2.79,1,2,True,False,Clean Air
Suzuka,Technical,17,LEC,Charles Leclerc,Ferrari,93.134,30.988,33.761,28.385,3,0.59,7.62,2,2,False,False,Battle Offensive
Suzuka,Technical,18,LEC,Charles Leclerc,Ferrari,93.116,29.102,32.698,31.315,3,0.61,1.48,3,2,False,False,Battle Offensive
Suzuka,Technical,19,LEC,Charles Leclerc,Ferrari,92.78,30.392,32.649,29.739,3,4.28,3.22,4,2,False,False,Clean Air
Suzuka,Technical,20,LEC,Charles Leclerc,Ferrari,92.966,31.012,31.337,30.617,3,4.89,0.13,5,2,False,False,Battle Defensive
Suzuka,Technical,21,LEC,Charles Leclerc,Ferrari,93.553,29.28,32.084,32.189,3,2.8,1.11,6,2,False,False,Battle Defensive
Suzuka,Technical,22,LEC,Charles Leclerc,Ferrari,92.91,30.948,31.649,30.313,3,3.1,0.96,7,2,False,False,Battle Defensive
Suzuka,Technical,23,LEC,Charles Leclerc,Ferrari,92.864,28.118,32.698,32.049,3,5.5,2.27,8,2,False,False,Clean Air
Suzuka,Technical,24,LEC,Charles Leclerc,Ferrari,93.597,29.054,33.838,30.705,3,1.58,0.32,9,2,False,False,Battle Defensive
Suzuka,Technical,25,LEC,Charles Leclerc,Ferrari,93.278,31.676,31.543,30.059,3,3.74,2.64,10,2,False,False,Clean Air
Suzuka,Technical,26,LEC,Charles Leclerc,Ferrari,93.708,30.321,32.069,31.318,3,1.33,1.11,11,2,False,False,Battle Offensive
Suzuka,Technical,27,LEC,Charles Leclerc,Ferrari,92.837,29.178,30.817,32.842,3,0.35,0.95,12,2,False,False,Battle Offensive
Suzuka,Technical,28,LEC,Charles Leclerc,Ferrari,92.925,29.964,34.185,28.776,3,0.5,0.39,13,2,False,False,Battle Offensive
Suzuka,Technical,29,LEC,Charles Leclerc,Ferrari,93.084,29.937,34.014,29.133,3,3.58,2.9,14,2,False,False,Clean Air
Suzuka,Technical,30,LEC,Charles Leclerc,Ferrari,93.305,28.118,33.936,31.251,3,5.23,1.47,15,2,False,False,Battle Defensive
Suzuka,Technical,31,LEC,Charles Leclerc,Ferrari,93.177,29.6,30.924,32.653,3,4.14,0.32,16,2,False,False,Battle Defensive
Suzuka,Technical,32,LEC,Charles Leclerc,Ferrari,93.954,31.301,31.861,30.792,3,1.82,3.97,17,2,False,False,DRS Train
Suzuka,Technical,33,LEC,Charles Leclerc,Ferrari,93.784,30.12,32.254,31.41,3,1.13,0.34,18,2,False,False,Battle Offensive
Suzuka,Technical,34,LEC,Charles Leclerc,Ferrari,93.515,28.841,32.635,32.04,3,5.1,5.77,19,2,False,False,Clean Air
Suzuka,Technical,35,LEC,Charles Leclerc,Ferrari,94.201,29.002,32.435,32.763,3,0.85,1.51,20,2,False,False,Battle Offensive
Suzuka,Technical,36,LEC,Charles Leclerc,Ferrari,93.743,31.856,33.814,28.073,3,0.72,1.39,21,2,False,False,Battle Offensive
Suzuka,Technical,37,LEC,Charles Leclerc,Ferrari,115.11,36.433,40.29,38.388,3,2.95,4.83,1,3,True,False,DRS Train
Suzuka,Technical,38,LEC,Charles Leclerc,Ferrari,92.488,28.44,32.382,31.666,3,1.56,2.34,2,3,False,False,DRS Train
Suzuka,Technical,39,LEC,Charles Leclerc,Ferrari,92.991,28.333,33.455,31.204,3,3.37,0.8,3,3,False,False,Battle Defensive
Suzuka,Technical,40,LEC,Charles Leclerc,Ferrari,92.799,29.624,33.577,29.599,3,1.37,6.59,4,3,False,False,Battle Offensive
Suzuka,Technical,41,LEC,Charles Leclerc,Ferrari,93.223,28.737,30.778,33.708,3,2.6,8.48,5,3,False,False,DRS Train
Suzuka,Technical,42,LEC,Charles Leclerc,Ferrari,92.735,30.947,30.891,30.896,3,3.27,2.16,6,3,False,False,Clean Air
Suzuka,Technical,43,LEC,Charles Leclerc,Ferrari,94.023,30.878,33.002,30.143,3,1.64,1.47,7,3,False,False,Battle Defensive
Suzuka,Technical,44,LEC,Charles Leclerc,Ferrari,93.16,29.598,31.703,31.86,3,2.89,1.03,8,3,False,False,Battle Defensive
Suzuka,Technical,45,LEC,Charles Leclerc,Ferrari,93.361,28.789,31.825,32.747,3,0.52,4.23,9,3,False,False,Battle Offensive
Suzuka,Technical,46,LEC,Charles Leclerc,Ferrari,93.114,29.013,32.756,31.345,3,0.46,0.51,10,3,False,False,Battle Offensive
Suzuka,Technical,47,LEC,Charles Leclerc,Ferrari,93.454,28.093,31.061,34.3,3,0.59,5.35,11,3,False,False,Battle Offensive
Suzuka,Technical,48,LEC,Charles Leclerc,Ferrari,93.724,28.236,32.257,33.232,3,1.74,6.09,12,3,False,False,DRS Train
Suzuka,Technical,49,LEC,Charles Leclerc,Ferrari,93.314,30.458,33.287,29.568,3,0.75,0.78,13,3,False,False,Battle Offensive
Suzuka,Technical,50,LEC,Charles Leclerc,Ferrari,92.794,28.675,32.503,31.616,3,10.71,0.42,14,3,False,False,Battle Defensive
Suzuka,Technical,51,LEC,Charles Leclerc,Ferrari,93.694,29.632,33.715,30.346,3,1.46,1.21,15,3,False,False,Battle Offensive
Suzuka,Technical,52,LEC,Charles Leclerc,Ferrari,93.548,31.14,33.667,28.741,3,0.56,4.18,16,3,False,False,Battle Offensive
Suzuka,Technical,53,LEC,Charles Leclerc,Ferrari,93.923,29.973,32.622,31.328,4,0.51,2.75,17,3,False,False,Battle Offensive
Suzuka,Technical,1,SAI,Carlos Sainz,Ferrari,92.682,30.926,32.028,29.728,1,,1.49,1,1,False,False,Battle Defensive
Suzuka,Technical,2,SAI,Carlos Sainz,Ferrari,93.25,29.815,31.388,32.047,1,,0.16,2,1,False,False,Battle Defensive
Suzuka,Technical,3,SAI,Carlos Sainz,Ferrari,93.27,31.586,31.086,30.598,1,,0.31,3,1,False,False,Battle Defensive
Suzuka,Technical,4,SAI,Carlos Sainz,Ferrari,93.261,29.729,33.547,29.986,1,,2.13,4,1,False,False,Clean Air
Suzuka,Technical,5,SAI,Carlos Sainz,Ferrari,93.248,29.25,31.966,32.031,1,,2.97,5,1,False,False,Clean Air
Suzuka,Technical,6,SAI,Carlos Sainz,Ferrari,93.159,31.339,32.505,29.314,1,,1.84,6,1,False,False,Clean Air
Suzuka,Technical,7,SAI,Carlos Sainz,Ferrari,92.893,31.56,32.222,29.11,1,,5.91,7,1,False,False,Clean Air
Suzuka,Technical,8,SAI,Carlos Sainz,Ferrari,92.996,30.027,33.032,29.937,1,,2.01,8,1,False,False,Clean Air
Suzuka,Technical,9,SAI,Carlos Sainz,Ferrari,93.785,30.512,31.573,31.7,1,,0.76,9,1,False,False,Battle Defensive
Suzuka,Technical,10,SAI,Carlos Sainz,Ferrari,93.436,30.614,32.94,29.882,1,,0.98,10,1,False,False,Battle Defensive
Suzuka,Technical,11,SAI,Carlos Sainz,Ferrari,92.959,30.453,33.586,28.92,1,,0.38,11,1,False,False,Battle Defensive
Suzuka,Technical,12,SAI,Carlos Sainz,Ferrari,94.474,30.7,32.082,31.692,1,,0.46,12,1,False,False,Battle Defensive
Suzuka,Technical,13,SAI,Carlos Sainz,Ferrari,93.155,30.007,33.657,29.491,1,,0.19,13,1,False,False,Battle Defensive
Suzuka,Technical,14,SAI,Carlos Sainz,Ferrari,93.493,31.052,31.91,30.531,1,,1.6,14,1,False,False,Clean Air
Suzuka,Technical,15,SAI,Carlos Sainz,Ferrari,93.661,29.56,33.513,30.588,1,,1.49,15,1,False,False,Battle Defensive
Suzuka,Technical,16,SAI,Carlos Sainz,Ferrari,93.468,30.746,32.044,30.679,1,,1.83,16,1,False,False,Clean Air
Suzuka,Technical,17,SAI,Carlos Sainz,Ferrari,93.283,29.168,33.204,30.911,1,,2.94,17,1,False,False,Clean Air
Suzuka,Technical,18,SAI,Carlos Sainz,Ferrari,93.299,28.212,30.796,34.291,2,2.23,4.35,18,1,False,False,DRS Train
Suzuka,Technical,19,SAI,Carlos Sainz,Ferrari,93.473,31.589,31.769,30.115,1,,5.87,19,1,False,False,Clean Air
Suzuka,Technical,20,SAI,Carlos Sainz,Ferrari,93.659,29.097,32.689,31.873,1,,1.74,20,1,False,False,Clean Air
Suzuka,Technical,21,SAI,Carlos Sainz,Ferrari,93.774,29.95,34.135,29.69,1,,1.36,21,1,False,False,Battle Defensive
Suzuka,Technical,22,SAI,Carlos Sainz,Ferrari,94.145,28.809,32.646,32.69,1,,1.14,22,1,False,False,Battle Defensive
Suzuka,Technical,23,SAI,Carlos Sainz,Ferrari,93.626,30.707,32.912,30.007,1,,0.36,23,1,False,False,Battle Defensive
Suzuka,Technical,24,SAI,Carlos Sainz,Ferrari,94.163,31.221,32.928,30.015,1,,0.77,24,1,False,False,Battle Defensive
Suzuka,Technical,25,SAI,Carlos Sainz,Ferrari,94.02,28.501,32.193,33.326,1,,1.59,25,1,False,False,Clean Air
Suzuka,Technical,26,SAI,Carlos Sainz,Ferrari,94.247,28.422,33.55,32.275,1,,2.8,26,1,False,False,Clean Air
Suzuka,Technical,27,SAI,Carlos Sainz,Ferrari,94.189,29.806,33.085,31.298,1,,1.62,27,1,False,False,Clean Air
Suzuka,Technical,28,SAI,Carlos Sainz,Ferrari,115.049,38.056,41.016,35.977,1,,8.55,1,2,True,False,Clean Air
Suzuka,Technical,29,SAI,Carlos Sainz,Ferrari,92.987,29.301,33.708,29.978,1,,5.68,2,2,False,False,Clean Air
Suzuka,Technical,30,SAI,Carlos Sainz,Ferrari,92.938,30.793,31.662,30.483,1,,1.7,3,2,False,False,Clean Air
Suzuka,Technical,31,SAI,Carlos Sainz,Ferrari,92.788,29.259,31.114,32.415,2,0.1,1.31,4,2,False,False,Battle Offensive
Suzuka,Technical,32,SAI,Carlos Sainz,Ferrari,93.147,28.878,34.244,30.025,1,,0.9,5,2,False,False,Battle Defensive
Suzuka,Technical,33,SAI,Carlos Sainz,Ferrari,92.976,30.607,30.733,31.636,1,,1.79,6,2,False,False,Clean Air
Suzuka,Technical,34,SAI,Carlos Sainz,Ferrari,93.299,31.678,32.667,28.953,1,,6.94,7,2,False,False,Clean Air
Suzuka,Technical,35,SAI,Carlos Sainz,Ferrari,93.038,29.201,32.061,31.777,1,,7.38,8,2,False,False,Clean Air
Suzuka,Technical,36,SAI,Carlos Sainz,Ferrari,93.047,30.811,32.068,30.168,1,,9.68,9,2,False,False,Clean Air
Suzuka,Technical,37,SAI,Carlos Sainz,Ferrari,93.276,30.362,33.179,29.734,1,,2.43,10,2,False,False,Clean Air
Suzuka,Technical,38,SAI,Carlos Sainz,Ferrari,93.271,28.01,33.116,32.145,1,,2.37,11,2,False,False,Clean Air
Suzuka,Technical,39,SAI,Carlos Sainz,Ferrari,93.399,29.862,31.759,31.778,1,,2.14,12,2,False,False,Clean Air
Suzuka,Technical,40,SAI,Carlos Sainz,Ferrari,93.907,29.937,33.684,30.286,1,,0.87,13,2,False,False,Battle Defensive
Suzuka,Technical,41,SAI,Carlos Sainz,Ferrari,93.617,30.091,33.405,30.12,1,,1.01,14,2,False,False,Battle Defensive
Suzuka,Technical,42,SAI,Carlos Sainz,Ferrari,93.766,29.621,33.473,30.672,1,,1.04,15,2,False,False,Battle Defensive
Suzuka,Technical,43,SAI,Carlos Sainz,Ferrari,93.456,31.484,33.183,28.789,1,,5.14,16,2,False,False,Clean Air
Suzuka,Technical,44,SAI,Carlos Sainz,Ferrari,93.756,31.086,34.051,28.619,1,,1.11,17,2,False,False,Battle Defensive
Suzuka,Technical,45,SAI,Carlos Sainz,Ferrari,94.094,31.554,31.452,31.088,1,,1.28,18,2,False,False,Battle Defensive
Suzuka,Technical,46,SAI,Carlos Sainz,Ferrari,93.849,29.375,31.182,33.292,1,,3.25,19,2,False,False,Clean Air
Suzuka,Technical,47,SAI,Carlos Sainz,Ferrari,93.496,28.425,33.894,31.177,1,,3.38,20,2,False,False,Clean Air
Suzuka,Technical,48,SAI,Carlos Sainz,Ferrari,93.749,31.122,32.73,29.896,2,0.1,0.59,21,2,False,False,Battle Offensive
Suzuka,Technical,49,SAI,Carlos Sainz,Ferrari,94.139,30.397,31.438,32.304,1,,0.39,22,2,False,False,Battle Defensive
Suzuka,Technical,50,SAI,Carlos Sainz,Ferrari,93.938,28.416,32.516,33.006,1,,1.98,23,2,False,False,Clean Air
Suzuka,Technical,51,SAI,Carlos Sainz,Ferrari,94.246,29.802,33.16,31.284,1,,19.51,24,2,False,False,Clean Air
Suzuka,Technical,52,SAI,Carlos Sainz,Ferrari,93.919,30.387,31.009,32.522,1,,2.59,25,2,False,False,Clean Air
Suzuka,Technical,53,SAI,Carlos Sainz,Ferrari,93.795,29.31,33.381,31.103,1,,4.18,26,2,False,False,Clean Air
Suzuka,Technical,1,HAM,Lewis Hamilton,Mercedes,92.62,28.426,32.419,31.776,5,2.99,0.35,1,1,False,False,Battle Defensive
Suzuka,Technical,2,HAM,Lewis Hamilton,Mercedes,92.907,29.789,32.381,30.737,5,1.51,3.72,2,1,False,False,DRS Train
Suzuka,Technical,3,HAM,Lewis Hamilton,Mercedes,92.92,29.713,34.058,29.149,5,0.99,5.76,3,1,False,False,Battle Offensive
Suzuka,Technical,4,HAM,Lewis Hamilton,Mercedes,93.128,30.769,31.45,30.909,5,3.08,2.83,4,1,False,False,Clean Air
Suzuka,Technical,5,HAM,Lewis Hamilton,Mercedes,93.369,30.126,30.884,32.358,5,0.49,1.12,5,1,False,False,Battle Offensive
Suzuka,Technical,6,HAM,Lewis Hamilton,Mercedes,93.208,30.305,33.562,29.341,5,0.69,3.28,6,1,False,False,Battle Offensive
Suzuka,Technical,7,HAM,Lewis Hamilton,Mercedes,93.373,29.961,31.596,31.816,5,1.44,2.5,7,1,False,False,Battle Offensive
Suzuka,Technical,8,HAM,Lewis Hamilton,Mercedes,93.664,31.583,32.566,29.514,5,4.07,0.49,8,1,False,False,Battle Defensive
Suzuka,Technical,9,HAM,Lewis Hamilton,Mercedes,93.063,29.102,33.797,30.164,5,0.12,0.92,9,1,False,False,Battle Offensive
Suzuka,Technical,10,HAM,Lewis Hamilton,Mercedes,93.588,28.206,30.998,34.384,5,1.84,2.36,10,1,False,False,DRS Train
Suzuka,Technical,11,HAM,Lewis Hamilton,Mercedes,93.338,28.661,32.568,32.108,5,4.57,2.14,11,1,False,False,Clean Air
Suzuka,Technical,12,HAM,Lewis Hamilton,Mercedes,93.786,28.831,33.705,31.25,5,1.43,1.82,12,1,False,False,Battle Offensive
Suzuka,Technical,13,HAM,Lewis Hamilton,Mercedes,93.97,30.911,31.859,31.2,5,2.84,2.08,13,1,False,False,DRS Train
Suzuka,Technical,14,HAM,Lewis Hamilton,Mercedes,114.789,36.539,38.622,39.628,5,1.72,1.53,1,2,True,False,DRS Train
Suzuka,Technical,15,HAM,Lewis Hamilton,Mercedes,93.355,31.0,32.726,29.629,5,0.79,7.51,2,2,False,False,Battle Offensive
Suzuka,Technical,16,HAM,Lewis Hamilton,Mercedes,92.92,29.914,33.786,29.22,5,8.1,4.64,3,2,False,False,Clean Air
Suzuka,Technical,17,HAM,Lewis Hamilton,Mercedes,93.052,28.006,31.879,33.167,5,5.85,7.22,4,2,False,False,Clean Air
Suzuka,Technical,18,HAM,Lewis Hamilton,Mercedes,93.087,28.831,34.282,29.974,5,0.35,0.42,5,2,False,False,Battle Offensive
Suzuka,Technical,19,HAM,Lewis Hamilton,Mercedes,93.03,29.078,31.736,32.216,5,3.17,4.41,6,2,False,False,Clean Air
Suzuka,Technical,20,HAM,Lewis Hamilton,Mercedes,93.161,29.518,31.82,31.823,5,0.23,2.77,7,2,False,False,Battle Offensive
Suzuka,Technical,21,HAM,Lewis Hamilton,Mercedes,93.443,28.297,34.399,30.747,5,1.32,1.38,8,2,False,False,Battle Offensive
Suzuka,Technical,22,HAM,Lewis Hamilton,Mercedes,93.205,30.806,34.071,28.329,5,2.05,0.36,9,2,False,False,Battle Defensive
Suzuka,Technical,23,HAM,Lewis Hamilton,Mercedes,93.676,31.775,31.436,30.465,5,1.02,0.45,10,2,False,False,Battle Offensive
Suzuka,Technical,24,HAM,Lewis Hamilton,Mercedes,93.548,29.265,32.371,31.912,5,6.15,1.31,11,2,False,False,Battle Defensive
Suzuka,Technical,25,HAM,Lewis Hamilton,Mercedes,93.591,28.478,33.731,31.382,5,0.1,1.44,12,2,False,False,Battle Offensive
Suzuka,Technical,26,HAM,Lewis Hamilton,Mercedes,93.596,29.423,32.388,31.786,5,0.22,4.61,13,2,False,False,Battle Offensive
Suzuka,Technical,27,HAM,Lewis Hamilton,Mercedes,93.679,30.667,34.032,28.981,5,0.99,9.37,14,2,False,False,Battle Offensive
Suzuka,Technical,28,HAM,Lewis Hamilton,Mercedes,93.55,31.689,31.825,30.036,5,5.45,1.67,15,2,False,False,Clean Air
Suzuka,Technical,29,HAM,Lewis Hamilton,Mercedes,93.324,29.849,32.046,31.429,5,2.95,3.18,16,2,False,False,DRS Train
Suzuka,Technical,30,HAM,Lewis Hamilton,Mercedes,93.824,28.481,33.223,32.121,5,2.68,0.5,17,2,False,False,Battle Defensive
Suzuka,Technical,31,HAM,Lewis Hamilton,Mercedes,94.036,29.938,33.814,30.283,5,1.99,5.3,18,2,False,False,DRS Train
Suzuka,Technical,32,HAM,Lewis Hamilton,Mercedes,93.672,28.356,31.808,33.508,6,1.84,0.28,19,2,False,False,Battle Defensive
Suzuka,Technical,33,HAM,Lewis Hamilton,Mercedes,94.008,30.664,32.741,30.603,5,0.47,0.5,20,2,False,False,Battle Offensive
Suzuka,Technical,34,HAM,Lewis Hamilton,Mercedes,94.256,29.187,33.083,31.986,5,1.23,1.51,21,2,False,False,Battle Offensive
Suzuka,Technical,35,HAM,Lewis Hamilton,Mercedes,94.174,31.722,33.572,28.88,5,0.48,0.1,22,2,False,False,Battle Offensive
Suzuka,Technical,36,HAM,Lewis Hamilton,Mercedes,93.86,29.899,32.869,31.092,5,1.29,18.98,23,2,False,False,Battle Offensive
Suzuka,Technical,37,HAM,Lewis Hamilton,Mercedes,94.199,31.752,33.585,28.862,5,0.51,1.79,24,2,False,False,Battle Offensive
Suzuka,Technical,38,HAM,Lewis Hamilton,Mercedes,94.346,31.264,32.677,30.406,5,0.91,2.92,25,2,False,False,Battle Offensive
Suzuka,Technical,39,HAM,Lewis Hamilton,Mercedes,115.057,37.649,41.896,35.512,5,1.3,6.66,1,3,True,False,Battle Offensive
Suzuka,Technical,40,HAM,Lewis Hamilton,Mercedes,93.274,29.325,32.691,31.258,5,0.86,1.55,2,3,False,False,Battle Offensive
Suzuka,Technical,41,HAM,Lewis Hamilton,Mercedes,92.823,28.166,32.027,32.63,5,1.46,7.49,3,3,False,False,Battle Offensive
Suzuka,Technical,42,HAM,Lewis Hamilton,Mercedes,92.999,30.38,31.33,31.29,5,2.1,3.04,4,3,False,False,DRS Train
Suzuka,Technical,43,HAM,Lewis Hamilton,Mercedes,93.359,30.678,33.367,29.313,5,0.2,0.17,5,3,False,False,Battle Offensive
Suzuka,Technical,44,HAM,Lewis Hamilton,Mercedes,92.906,31.362,33.163,28.381,5,0.36,0.41,6,3,False,False,Battle Offensive
Suzuka,Technical,45,HAM,Lewis Hamilton,Mercedes,93.129,30.985,30.991,31.153,5,2.82,0.76,7,3,False,False,Battle Defensive
Suzuka,Technical,46,HAM,Lewis Hamilton,Mercedes,93.247,28.484,30.857,33.906,5,0.81,2.31,8,3,False,False,Battle Offensive
Suzuka,Technical,47,HAM,Lewis Hamilton,Mercedes,93.556,31.646,33.867,28.043,5,0.43,0.47,9,3,False,False,Battle Offensive
Suzuka,Technical,48,HAM,Lewis Hamilton,Mercedes,93.252,31.06,33.599,28.592,5,3.65,1.73,10,3,False,False,Clean Air
Suzuka,Technical,49,HAM,Lewis Hamilton,Mercedes,93.873,29.895,34.696,29.282,5,2.84,1.0,11,3,False,False,Battle Defensive
Suzuka,Technical,50,HAM,Lewis Hamilton,Mercedes,93.481,28.117,31.297,34.068,5,2.46,3.25,12,3,False,False,DRS Train
Suzuka,Technical,51,HAM,Lewis Hamilton,Mercedes,93.65,29.265,33.735,30.65,5,0.44,0.59,13,3,False,False,Battle Offensive
Suzuka,Technical,52,HAM,Lewis Hamilton,Mercedes,93.844,31.642,31.22,30.981,5,2.2,0.35,14,3,False,False,Battle Defensive
Suzuka,Technical,53,HAM,Lewis Hamilton,Mercedes,93.299,28.065,33.377,31.858,5,0.91,2.64,15,3,False,False,Battle Offensive
Suzuka,Technical,1,RUS,George Russell,Mercedes,93.255,31.662,33.989,27.604,8,6.95,5.81,1,1,False,False,Clean Air
Suzuka,Technical,2,RUS,George Russell,Mercedes,92.988,31.021,34.191,27.777,8,8.36,2.16,2,1,False,False,Clean Air
Suzuka,Technical,3,RUS,George Russell,Mercedes,92.677,30.092,32.373,30.212,8,0.42,0.31,3,1,False,False,Battle Offensive
Suzuka,Technical,4,RUS,George Russell,Mercedes,93.8,31.037,32.841,29.921,7,9.03,0.86,4,1,False,False,Battle Defensive
Suzuka,Technical,5,RUS,George Russell,Mercedes,93.628,31.253,34.305,28.069,8,0.79,1.36,5,1,False,False,Battle Offensive
Suzuka,Technical,6,RUS,George Russell,Mercedes,93.659,30.145,33.14,30.375,8,1.55,0.23,6,1,False,False,Battle Defensive
Suzuka,Technical,7,RUS,George Russell,Mercedes,93.226,30.986,34.081,28.159,8,7.6,7.04,7,1,False,False,Clean Air
Suzuka,Technical,8,RUS,George Russell,Mercedes,93.326,29.535,30.977,32.814,8,0.46,1.12,8,1,False,False,Battle Offensive
Suzuka,Technical,9,RUS,George Russell,Mercedes,93.357,30.811,34.309,28.237,8,4.44,4.81,9,1,False,False,Clean Air
Suzuka,Technical,10,RUS,George Russell,Mercedes,93.47,28.228,33.649,31.593,8,2.15,2.18,10,1,False,False,DRS Train
Suzuka,Technical,11,RUS,George Russell,Mercedes,93.105,30.439,32.321,30.345,8,0.69,4.39,11,1,False,False,Battle Offensive
Suzuka,Technical,12,RUS,George Russell,Mercedes,93.139,30.219,31.545,31.375,8,1.52,0.43,12,1,False,False,Battle Defensive
Suzuka,Technical,13,RUS,George Russell,Mercedes,94.091,31.433,31.959,30.699,8,1.06,0.91,13,1,False,False,Battle Offensive
Suzuka,Technical,14,RUS,George Russell,Mercedes,93.408,28.334,32.489,32.585,8,0.1,0.5,14,1,False,False,Battle Offensive
Suzuka,Technical,15,RUS,George Russell,Mercedes,93.73,31.061,34.558,28.111,8,1.27,1.63,15,1,False,False,Battle Offensive
Suzuka,Technical,16,RUS,George Russell,Mercedes,93.911,29.486,33.993,30.433,8,5.31,1.51,16,1,False,False,Clean Air
Suzuka,Technical,17,RUS,George Russell,Mercedes,94.263,28.505,32.945,32.813,8,1.44,4.69,17,1,False,False,Battle Offensive
Suzuka,Technical,18,RUS,George Russell,Mercedes,93.368,30.45,31.914,31.005,8,1.47,0.47,18,1,False,False,Battle Offensive
Suzuka,Technical,19,RUS,George Russell,Mercedes,93.92,28.261,31.804,33.855,8,4.32,0.1,19,1,False,False,Battle Defensive
Suzuka,Technical,20,RUS,George Russell,Mercedes,93.744,28.427,31.89,33.427,9,0.65,1.96,20,1,False,False,Battle Offensive
Suzuka,Technical,21,RUS,George Russell,Mercedes,94.029,30.024,32.985,31.021,8,0.16,1.89,21,1,False,False,Battle Offensive
Suzuka,Technical,22,RUS,George Russell,Mercedes,93.935,31.356,31.319,31.26,8,10.14,1.87,22,1,False,False,Clean Air
Suzuka,Technical,23,RUS,George Russell,Mercedes,94.191,30.697,34.819,28.674,8,2.08,0.66,23,1,False,False,Battle Defensive
Suzuka,Technical,24,RUS,George Russell,Mercedes,94.154,31.996,32.682,29.477,8,0.67,6.25,24,1,False,False,Battle Offensive
Suzuka,Technical,25,RUS,George Russell,Mercedes,94.18,29.996,31.149,33.035,8,6.79,0.8,25,1,False,False,Battle Defensive
Suzuka,Technical,26,RUS,George Russell,Mercedes,115.191,35.675,39.533,39.984,8,2.28,0.1,1,2,True,False,Battle Defensive
Suzuka,Technical,27,RUS,George Russell,Mercedes,92.839,30.72,31.627,30.493,8,0.41,2.05,2,2,False,False,Battle Offensive
Suzuka,Technical,28,RUS,George Russell,Mercedes,92.863,31.268,32.702,28.893,8,1.18,3.27,3,2,False,False,Battle Offensive
Suzuka,Technical,29,RUS,George Russell,Mercedes,93.067,31.641,31.799,29.628,8,0.24,0.83,4,2,False,False,Battle Offensive
Suzuka,Technical,30,RUS,George Russell,Mercedes,93.045,31.437,31.747,29.861,8,0.43,1.99,5,2,False,False,Battle Offensive
Suzuka,Technical,31,RUS,George Russell,Mercedes,93.119,30.832,33.207,29.079,8,2.99,0.97,6,2,False,False,Battle Defensive
Suzuka,Technical,32,RUS,George Russell,Mercedes,93.222,31.55,32.311,29.361,8,3.77,1.57,7,2,False,False,Clean Air
Suzuka,Technical,33,RUS,George Russell,Mercedes,93.357,28.871,33.779,30.707,8,2.64,4.22,8,2,False,False,DRS Train
Suzuka,Technical,34,RUS,George Russell,Mercedes,93.25,29.785,32.664,30.801,8,0.13,3.57,9,2,False,False,Battle Offensive
Suzuka,Technical,35,RUS,George Russell,Mercedes,93.486,30.039,33.129,30.319,8,0.58,2.78,10,2,False,False,Battle Offensive
Suzuka,Technical,36,RUS,George Russell,Mercedes,93.576,29.331,34.223,30.022,8,1.02,1.62,11,2,False,False,Battle Offensive
Suzuka,Technical,37,RUS,George Russell,Mercedes,93.832,30.945,33.009,29.878,8,2.05,3.57,12,2,False,False,DRS Train
Suzuka,Technical,38,RUS,George Russell,Mercedes,93.114,29.34,31.397,32.377,8,4.56,2.07,13,2,False,False,Clean Air
Suzuka,Technical,39,RUS,George Russell,Mercedes,93.514,28.088,31.207,34.219,8,7.79,1.69,14,2,False,False,Clean Air
Suzuka,Technical,40,RUS,George Russell,Mercedes,93.523,31.689,33.506,28.329,8,5.61,4.82,15,2,False,False,Clean Air
Suzuka,Technical,41,RUS,George Russell,Mercedes,93.658,31.325,33.424,28.91,8,7.32,5.25,16,2,False,False,Clean Air
Suzuka,Technical,42,RUS,George Russell,Mercedes,94.042,30.465,31.117,32.461,8,4.3,4.27,17,2,False,False,Clean Air
Suzuka,Technical,43,RUS,George Russell,Mercedes,94.16,28.364,34.271,31.526,8,1.03,2.4,18,2,False,False,Battle Offensive
Suzuka,Technical,44,RUS,George Russell,Mercedes,94.096,30.271,33.636,30.189,8,1.21,0.31,19,2,False,False,Battle Offensive
Suzuka,Technical,45,RUS,George Russell,Mercedes,94.141,31.392,32.895,29.854,8,0.19,3.38,20,2,False,False,Battle Offensive
Suzuka,Technical,46,RUS,George Russell,Mercedes,94.236,31.944,34.188,28.104,8,0.96,2.82,21,2,False,False,Battle Offensive
Suzuka,Technical,47,RUS,George Russell,Mercedes,94.447,30.194,34.672,29.581,8,0.31,2.43,22,2,False,False,Battle Offensive
Suzuka,Technical,48,RUS,George Russell,Mercedes,94.549,29.708,34.165,30.676,8,0.2,4.44,23,2,False,False,Battle Offensive
Suzuka,Technical,49,RUS,George Russell,Mercedes,94.15,31.758,33.065,29.328,8,2.01,0.43,24,2,False,False,Battle Defensive
Suzuka,Technical,50,RUS,George Russell,Mercedes,94.049,28.429,33.973,31.647,8,4.05,2.14,25,2,False,False,Clean Air
Suzuka,Technical,51,RUS,George Russell,Mercedes,93.941,29.995,33.504,30.443,8,3.06,1.87,26,2,False,False,Clean Air
Suzuka,Technical,52,RUS,George Russell,Mercedes,94.223,30.89,33.861,29.473,8,2.16,1.44,27,2,False,False,Battle Defensive
Suzuka,Technical,53,RUS,George Russell,Mercedes,94.571,30.067,34.137,30.367,8,1.55,8.36,28,2,False,False,DRS Train
Suzuka,Technical,1,PER,Sergio Perez,Red Bull,92.672,30.886,33.313,28.473,7,1.38,0.93,1,1,False,False,Battle Offensive
Suzuka,Technical,2,PER,Sergio Perez,Red Bull,93.151,30.749,30.866,31.535,7,0.84,1.09,2,1,False,False,Battle Offensive
Suzuka,Technical,3,PER,Sergio Perez,Red Bull,92.894,30.028,33.165,29.702,7,3.26,4.34,3,1,False,False,Clean Air
Suzuka,Technical,4,PER,Sergio Perez,Red Bull,93.929,28.627,31.859,33.443,7,2.51,1.11,4,1,False,False,Battle Defensive
Suzuka,Technical,5,PER,Sergio Perez,Red Bull,93.653,31.439,33.975,28.239,7,4.04,0.72,5,1,False,False,Battle Defensive
Suzuka,Technical,6,PER,Sergio Perez,Red Bull,93.376,28.117,32.626,32.633,7,0.73,6.02,6,1,False,False,Battle Offensive
Suzuka,Technical,7,PER,Sergio Perez,Red Bull,93.32,30.987,32.976,29.357,7,6.39,3.17,7,1,False,False,Clean Air
Suzuka,Technical,8,PER,Sergio Perez,Red Bull,93.538,29.129,34.472,29.937,7,2.84,9.56,8,1,False,False,DRS Train
Suzuka,Technical,9,PER,Sergio Perez,Red Bull,92.612,30.553,31.11,30.949,7,0.51,4.1,9,1,False,False,Battle Offensive
Suzuka,Technical,10,PER,Sergio Perez,Red Bull,93.237,30.181,32.705,30.351,7,2.77,0.15,10,1,False,False,Battle Defensive
Suzuka,Technical,11,PER,Sergio Perez,Red Bull,93.796,30.28,31.286,32.23,7,1.32,5.9,11,1,False,False,Battle Offensive
Suzuka,Technical,12,PER,Sergio Perez,Red Bull,93.523,29.377,32.233,31.913,7,1.55,5.57,12,1,False,False,DRS Train
Suzuka,Technical,13,PER,Sergio Perez,Red Bull,115.483,38.027,42.234,35.222,7,3.42,2.29,1,2,True,False,Clean Air
Suzuka,Technical,14,PER,Sergio Perez,Red Bull,93.721,31.396,31.049,31.277,7,1.34,4.06,2,2,False,False,Battle Offensive
Suzuka,Technical,15,PER,Sergio Perez,Red Bull,93.303,31.239,32.4,29.663,7,1.71,4.99,3,2,False,False,DRS Train
Suzuka,Technical,16,PER,Sergio Perez,Red Bull,93.216,31.11,34.234,27.872,7,1.67,0.21,4,2,False,False,Battle Defensive
Suzuka,Technical,17,PER,Sergio Perez,Red Bull,93.311,30.864,32.679,29.769,7,3.32,3.02,5,2,False,False,Clean Air
Suzuka,Technical,18,PER,Sergio Perez,Red Bull,93.548,31.7,33.812,28.036,7,4.64,0.11,6,2,False,False,Battle Defensive
Suzuka,Technical,19,PER,Sergio Perez,Red Bull,93.859,29.892,33.05,30.918,7,1.15,3.13,7,2,False,False,Battle Offensive
Suzuka,Technical,20,PER,Sergio Perez,Red Bull,93.288,30.185,34.403,28.701,7,3.99,3.06,8,2,False,False,Clean Air
Suzuka,Technical,21,PER,Sergio Perez,Red Bull,93.607,30.523,32.197,30.887,7,0.69,3.38,9,2,False,False,Battle Offensive
Suzuka,Technical,22,PER,Sergio Perez,Red Bull,94.136,31.167,31.741,31.228,7,0.1,0.73,10,2,False,False,Battle Offensive
Suzuka,Technical,23,PER,Sergio Perez,Red Bull,93.207,30.181,32.113,30.913,7,0.25,2.08,11,2,False,False,Battle Offensive
Suzuka,Technical,24,PER,Sergio Perez,Red Bull,93.981,28.895,31.297,33.789,7,0.46,3.01,12,2,False,False,Battle Offensive
Suzuka,Technical,25,PER,Sergio Perez,Red Bull,93.792,28.195,34.368,31.228,7,0.72,1.54,13,2,False,False,Battle Offensive
Suzuka,Technical,26,PER,Sergio Perez,Red Bull,93.953,28.482,34.547,30.924,7,2.82,1.01,14,2,False,False,Battle Defensive
Suzuka,Technical,27,PER,Sergio Perez,Red Bull,93.682,31.298,31.469,30.915,7,2.54,9.79,15,2,False,False,DRS Train
Suzuka,Technical,28,PER,Sergio Perez,Red Bull,94.248,31.304,34.25,28.694,7,2.95,1.73,16,2,False,False,DRS Train
Suzuka,Technical,29,PER,Sergio Perez,Red Bull,94.052,31.372,34.759,27.922,7,5.5,3.18,17,2,False,False,Clean Air
Suzuka,Technical,30,PER,Sergio Perez,Red Bull,94.332,28.371,34.674,31.286,7,4.11,0.23,18,2,False,False,Battle Defensive
Suzuka,Technical,31,PER,Sergio Perez,Red Bull,94.192,31.17,32.898,30.125,7,9.56,0.97,19,2,False,False,Battle Defensive
Suzuka,Technical,32,PER,Sergio Perez,Red Bull,94.276,31.896,33.434,28.946,7,2.79,3.86,20,2,False,False,DRS Train
Suzuka,Technical,33,PER,Sergio Perez,Red Bull,114.963,36.9,40.584,37.479,7,3.84,1.9,1,3,True,False,Clean Air
Suzuka,Technical,34,PER,Sergio Perez,Red Bull,93.228,28.594,32.317,32.318,7,2.77,0.46,2,3,False,False,Battle Defensive
Suzuka,Technical,35,PER,Sergio Perez,Red Bull,92.735,28.82,31.97,31.945,7,10.83,4.78,3,3,False,False,Clean Air
Suzuka,Technical,36,PER,Sergio Perez,Red Bull,93.08,30.47,31.809,30.802,7,0.88,1.96,4,3,False,False,Battle Offensive
Suzuka,Technical,37,PER,Sergio Perez,Red Bull,93.381,29.951,32.739,30.691,7,0.23,1.38,5,3,False,False,Battle Offensive
Suzuka,Technical,38,PER,Sergio Perez,Red Bull,94.265,31.787,31.874,30.604,7,0.1,0.98,6,3,False,False,Battle Offensive
Suzuka,Technical,39,PER,Sergio Perez,Red Bull,93.105,30.57,33.922,28.613,7,2.91,0.26,7,3,False,False,Battle Defensive
Suzuka,Technical,40,PER,Sergio Perez,Red Bull,93.836,30.754,32.115,30.967,7,1.86,8.42,8,3,False,False,DRS Train
Suzuka,Technical,41,PER,Sergio Perez,Red Bull,93.299,30.726,33.742,28.831,7,13.47,0.27,9,3,False,False,Battle Defensive
Suzuka,Technical,42,PER,Sergio Perez,Red Bull,93.856,28.762,32.838,32.256,7,3.58,0.45,10,3,False,False,Battle Defensive
Suzuka,Technical,43,PER,Sergio Perez,Red Bull,93.683,29.531,34.171,29.982,7,1.25,1.16,11,3,False,False,Battle Offensive
Suzuka,Technical,44,PER,Sergio Perez,Red Bull,93.146,31.14,31.307,30.698,7,7.9,0.7,12,3,False,False,Battle Defensive
Suzuka,Technical,45,PER,Sergio Perez,Red Bull,93.813,31.856,31.69,30.267,7,0.5,0.64,13,3,False,False,Battle Offensive
Suzuka,Technical,46,PER,Sergio Perez,Red Bull,93.436,31.063,31.997,30.376,7,9.41,0.1,14,3,False,False,Battle Defensive
Suzuka,Technical,47,PER,Sergio Perez,Red Bull,93.363,28.5,33.516,31.347,7,0.52,2.95,15,3,False,False,Battle Offensive
Suzuka,Technical,48,PER,Sergio Perez,Red Bull,94.633,31.912,31.801,30.921,7,3.38,0.27,16,3,False,False,Battle Defensive
Suzuka,Technical,49,PER,Sergio Perez,Red Bull,93.2,28.832,32.475,31.893,7,2.65,1.2,17,3,False,False,Battle Defensive
Suzuka,Technical,50,PER,Sergio Perez,Red Bull,94.101,28.535,32.745,32.82,7,0.11,0.75,18,3,False,False,Battle Offensive
Suzuka,Technical,51,PER,Sergio Perez,Red Bull,93.927,31.051,32.169,30.707,7,2.94,0.12,19,3,False,False,Battle Defensive
Suzuka,Technical,52,PER,Sergio Perez,Red Bull,93.566,31.183,31.942,30.441,7,1.05,0.4,20,3,False,False,Battle Offensive
Suzuka,Technical,53,PER,Sergio Perez,Red Bull,94.892,28.9,32.155,33.838,7,0.59,0.15,21,3,False,False,Battle Offensive
Suzuka,Technical,1,PIA,Oscar Piastri,McLaren,92.75,29.342,33.746,29.663,6,1.34,0.1,1,1,False,False,Battle Offensive
Suzuka,Technical,2,PIA,Oscar Piastri,McLaren,92.59,28.16,32.67,31.76,6,1.91,0.17,2,1,False,False,Battle Defensive
Suzuka,Technical,3,PIA,Oscar Piastri,McLaren,92.822,29.89,32.932,30.001,6,5.61,21.45,3,1,False,False,Clean Air
Suzuka,Technical,4,PIA,Oscar Piastri,McLaren,92.792,28.491,33.353,30.947,6,0.5,1.33,4,1,False,False,Battle Offensive
Suzuka,Technical,5,PIA,Oscar Piastri,McLaren,92.9,31.027,32.926,28.947,6,0.55,0.75,5,1,False,False,Battle Offensive
Suzuka,Technical,6,PIA,Oscar Piastri,McLaren,93.29,30.028,34.344,28.918,6,1.83,2.39,6,1,False,False,DRS Train
Suzuka,Technical,7,PIA,Oscar Piastri,McLaren,93.207,28.146,30.983,34.078,5,5.36,0.35,7,1,False,False,Battle Defensive
Suzuka,Technical,8,PIA,Oscar Piastri,McLaren,93.219,28.768,34.269,30.182,6,1.43,1.83,8,1,False,False,Battle Offensive
Suzuka,Technical,9,PIA,Oscar Piastri,McLaren,93.481,30.468,34.339,28.673,6,0.75,11.5,9,1,False,False,Battle Offensive
Suzuka,Technical,10,PIA,Oscar Piastri,McLaren,93.557,28.819,31.002,33.736,6,2.65,3.86,10,1,False,False,DRS Train
Suzuka,Technical,11,PIA,Oscar Piastri,McLaren,93.289,30.579,33.908,28.802,6,1.16,4.68,11,1,False,False,Battle Offensive
Suzuka,Technical,12,PIA,Oscar Piastri,McLaren,93.504,28.588,34.216,30.701,6,8.35,0.25,12,1,False,False,Battle Defensive
Suzuka,Technical,13,PIA,Oscar Piastri,McLaren,93.883,28.415,33.69,31.779,6,3.5,1.14,13,1,False,False,Battle Defensive
Suzuka,Technical,14,PIA,Oscar Piastri,McLaren,93.303,29.527,34.193,29.583,6,1.94,2.8,14,1,False,False,DRS Train
Suzuka,Technical,15,PIA,Oscar Piastri,McLaren,93.542,31.4,31.046,31.097,6,0.45,0.71,15,1,False,False,Battle Offensive
Suzuka,Technical,16,PIA,Oscar Piastri,McLaren,93.737,29.33,32.802,31.605,6,0.13,4.63,16,1,False,False,Battle Offensive
Suzuka,Technical,17,PIA,Oscar Piastri,McLaren,93.306,28.117,33.199,31.99,6,1.87,1.26,17,1,False,False,Battle Defensive
Suzuka,Technical,18,PIA,Oscar Piastri,McLaren,94.234,30.28,34.812,29.141,6,0.49,0.19,18,1,False,False,Battle Offensive
Suzuka,Technical,19,PIA,Oscar Piastri,McLaren,93.598,29.111,33.044,31.444,6,1.9,3.2,19,1,False,False,DRS Train
Suzuka,Technical,20,PIA,Oscar Piastri,McLaren,93.48,29.783,33.565,30.131,6,2.93,0.1,20,1,False,False,Battle Defensive
Suzuka,Technical,21,PIA,Oscar Piastri,McLaren,93.51,28.759,34.504,30.247,6,3.04,0.89,21,1,False,False,Battle Defensive
Suzuka,Technical,22,PIA,Oscar Piastri,McLaren,94.129,29.102,33.025,32.002,6,5.97,1.13,22,1,False,False,Battle Defensive
Suzuka,Technical,23,PIA,Oscar Piastri,McLaren,93.918,30.675,34.717,28.526,6,0.29,1.22,23,1,False,False,Battle Offensive
Suzuka,Technical,24,PIA,Oscar Piastri,McLaren,114.981,35.171,41.426,38.384,6,1.49,0.51,1,2,True,False,Battle Offensive
Suzuka,Technical,25,PIA,Oscar Piastri,McLaren,93.144,30.481,32.586,30.077,6,3.01,0.55,2,2,False,False,Battle Defensive
Suzuka,Technical,26,PIA,Oscar Piastri,McLaren,93.391,30.255,32.145,30.991,6,0.34,3.19,3,2,False,False,Battle Offensive
Suzuka,Technical,27,PIA,Oscar Piastri,McLaren,93.141,29.334,33.291,30.516,6,0.56,4.23,4,2,False,False,Battle Offensive
Suzuka,Technical,28,PIA,Oscar Piastri,McLaren,93.477,29.324,32.478,31.675,6,3.34,0.37,5,2,False,False,Battle Defensive
Suzuka,Technical,29,PIA,Oscar Piastri,McLaren,93.171,28.201,31.913,33.057,7,1.83,0.97,6,2,False,False,Battle Defensive
Suzuka,Technical,30,PIA,Oscar Piastri,McLaren,93.248,28.831,32.749,31.669,6,2.12,0.9,7,2,False,False,Battle Defensive
Suzuka,Technical,31,PIA,Oscar Piastri,McLaren,93.626,29.581,34.024,30.021,6,0.36,3.99,8,2,False,False,Battle Offensive
Suzuka,Technical,32,PIA,Oscar Piastri,McLaren,93.403,29.353,33.398,30.652,6,0.63,3.1,9,2,False,False,Battle Offensive
Suzuka,Technical,33,PIA,Oscar Piastri,McLaren,93.678,31.343,31.435,30.9,6,0.52,4.2,10,2,False,False,Battle Offensive
Suzuka,Technical,34,PIA,Oscar Piastri,McLaren,93.608,29.112,32.02,32.476,6,2.98,1.33,11,2,False,False,Battle Defensive
Suzuka,Technical,35,PIA,Oscar Piastri,McLaren,93.529,31.177,31.47,30.883,6,3.72,1.71,12,2,False,False,Clean Air
Suzuka,Technical,36,PIA,Oscar Piastri,McLaren,93.559,31.246,33.512,28.8,6,1.99,0.34,13,2,False,False,Battle Defensive
Suzuka,Technical,37,PIA,Oscar Piastri,McLaren,93.437,31.508,34.121,27.809,5,1.26,0.17,14,2,False,False,Battle Offensive
Suzuka,Technical,38,PIA,Oscar Piastri,McLaren,93.42,30.282,30.879,32.26,6,4.41,2.22,15,2,False,False,Clean Air
Suzuka,Technical,39,PIA,Oscar Piastri,McLaren,94.079,29.368,33.741,30.971,6,0.11,2.83,16,2,False,False,Battle Offensive
Suzuka,Technical,40,PIA,Oscar Piastri,McLaren,93.935,29.467,33.657,30.811,6,1.11,4.17,17,2,False,False,Battle Offensive
Suzuka,Technical,41,PIA,Oscar Piastri,McLaren,93.891,28.988,32.378,32.526,6,4.45,0.61,18,2,False,False,Battle Defensive
Suzuka,Technical,42,PIA,Oscar Piastri,McLaren,93.662,28.45,33.197,32.015,6,0.46,2.95,19,2,False,False,Battle Offensive
Suzuka,Technical,43,PIA,Oscar Piastri,McLaren,93.765,30.515,33.865,29.384,6,1.16,7.47,20,2,False,False,Battle Offensive
Suzuka,Technical,44,PIA,Oscar Piastri,McLaren,93.895,29.669,32.449,31.776,6,3.4,0.1,21,2,False,False,Battle Defensive
Suzuka,Technical,45,PIA,Oscar Piastri,McLaren,93.802,29.441,33.818,30.544,6,2.01,3.54,22,2,False,False,DRS Train
Suzuka,Technical,46,PIA,Oscar Piastri,McLaren,93.825,29.032,32.556,32.237,6,0.42,4.76,23,2,False,False,Battle Offensive
Suzuka,Technical,47,PIA,Oscar Piastri,McLaren,94.339,31.036,31.615,31.688,6,0.84,3.02,24,2,False,False,Battle Offensive
Suzuka,Technical,48,PIA,Oscar Piastri,McLaren,94.81,31.323,33.074,30.413,6,0.35,5.72,25,2,False,False,Battle Offensive
Suzuka,Technical,49,PIA,Oscar Piastri,McLaren,94.044,30.703,33.808,29.534,6,7.66,0.7,26,2,False,False,Battle Defensive
Suzuka,Technical,50,PIA,Oscar Piastri,McLaren,94.399,29.12,33.07,32.209,6,5.41,0.82,27,2,False,False,Battle Defensive
Suzuka,Technical,51,PIA,Oscar Piastri,McLaren,93.828,29.448,32.395,31.985,6,1.31,0.66,28,2,False,False,Battle Offensive
Suzuka,Technical,52,PIA,Oscar Piastri,McLaren,94.38,28.913,31.668,33.8,6,2.47,2.83,29,2,False,False,DRS Train
Suzuka,Technical,53,PIA,Oscar Piastri,McLaren,94.097,31.136,33.941,29.021,6,2.38,3.54,30,2,False,False,DRS Train
Suzuka,Technical,1,ALO,Fernando Alonso,Aston Martin,93.3,30.011,33.25,30.039,9,0.13,1.23,1,1,False,False,Battle Offensive
Suzuka,Technical,2,ALO,Fernando Alonso,Aston Martin,93.266,29.383,32.541,31.342,9,5.6,1.52,2,1,False,False,Clean Air
Suzuka,Technical,3,ALO,Fernando Alonso,Aston Martin,93.243,28.207,33.241,31.795,9,4.33,0.25,3,1,False,False,Battle Defensive
Suzuka,Technical,4,ALO,Fernando Alonso,Aston Martin,93.082,29.753,33.074,30.255,9,0.57,0.12,4,1,False,False,Battle Offensive
Suzuka,Technical,5,ALO,Fernando Alonso,Aston Martin,93.468,29.583,34.129,29.756,9,0.1,5.71,5,1,False,False,Battle Offensive
Suzuka,Technical,6,ALO,Fernando Alonso,Aston Martin,93.533,31.525,31.61,30.399,9,0.1,1.68,6,1,False,False,Battle Offensive
Suzuka,Technical,7,ALO,Fernando Alonso,Aston Martin,93.551,28.721,34.412,30.419,9,6.37,2.72,7,1,False,False,Clean Air
Suzuka,Technical,8,ALO,Fernando Alonso,Aston Martin,93.504,30.889,33.83,28.785,9,0.45,0.1,8,1,False,False,Battle Offensive
Suzuka,Technical,9,ALO,Fernando Alonso,Aston Martin,93.443,29.445,33.212,30.786,9,1.74,5.52,9,1,False,False,DRS Train
Suzuka,Technical,10,ALO,Fernando Alonso,Aston Martin,93.464,30.123,31.083,32.258,9,1.76,4.39,10,1,False,False,DRS Train
Suzuka,Technical,11,ALO,Fernando Alonso,Aston Martin,93.935,31.574,32.542,29.818,9,0.26,0.92,11,1,False,False,Battle Offensive
Suzuka,Technical,12,ALO,Fernando Alonso,Aston Martin,93.787,28.534,34.075,31.178,9,9.65,1.12,12,1,False,False,Battle Defensive
Suzuka,Technical,13,ALO,Fernando Alonso,Aston Martin,93.901,31.865,32.433,29.602,9,0.89,3.04,13,1,False,False,Battle Offensive
Suzuka,Technical,14,ALO,Fernando Alonso,Aston Martin,93.466,31.125,33.942,28.398,9,7.86,2.39,14,1,False,False,Clean Air
Suzuka,Technical,15,ALO,Fernando Alonso,Aston Martin,94.103,31.973,32.042,30.088,9,1.35,3.25,15,1,False,False,Battle Offensive
Suzuka,Technical,16,ALO,Fernando Alonso,Aston Martin,94.068,31.227,33.131,29.711,9,1.99,5.18,16,1,False,False,DRS Train
Suzuka,Technical,17,ALO,Fernando Alonso,Aston Martin,93.904,30.872,32.535,30.498,9,1.49,0.51,17,1,False,False,Battle Offensive
Suzuka,Technical,18,ALO,Fernando Alonso,Aston Martin,93.918,31.808,32.152,29.958,9,0.33,0.1,18,1,False,False,Battle Offensive
Suzuka,Technical,19,ALO,Fernando Alonso,Aston Martin,94.177,31.554,31.12,31.503,9,1.13,1.58,19,1,False,False,Battle Offensive
Suzuka,Technical,20,ALO,Fernando Alonso,Aston Martin,94.334,29.989,34.118,30.227,9,8.14,1.16,20,1,False,False,Battle Defensive
Suzuka,Technical,21,ALO,Fernando Alonso,Aston Martin,94.219,31.062,31.148,32.008,9,5.86,0.23,21,1,False,False,Battle Defensive
Suzuka,Technical,22,ALO,Fernando Alonso,Aston Martin,94.297,31.148,33.04,30.109,9,0.1,1.33,22,1,False,False,Battle Offensive
Suzuka,Technical,23,ALO,Fernando Alonso,Aston Martin,94.227,29.861,31.354,33.013,9,0.89,0.57,23,1,False,False,Battle Offensive
Suzuka,Technical,24,ALO,Fernando Alonso,Aston Martin,94.61,30.924,31.686,32.0,9,2.6,0.85,24,1,False,False,Battle Defensive
Suzuka,Technical,25,ALO,Fernando Alonso,Aston Martin,115.306,35.298,40.348,39.659,9,0.68,7.32,1,2,True,False,Battle Offensive
Suzuka,Technical,26,ALO,Fernando Alonso,Aston Martin,93.111,31.042,32.601,29.468,9,0.76,0.16,2,2,False,False,Battle Offensive
Suzuka,Technical,27,ALO,Fernando Alonso,Aston Martin,93.092,30.731,33.612,28.749,9,10.5,8.21,3,2,False,False,Clean Air
Suzuka,Technical,28,ALO,Fernando Alonso,Aston Martin,92.909,29.431,33.82,29.658,9,6.04,2.64,4,2,False,False,Clean Air
Suzuka,Technical,29,ALO,Fernando Alonso,Aston Martin,93.864,29.571,34.172,30.12,9,9.78,0.13,5,2,False,False,Battle Defensive
Suzuka,Technical,30,ALO,Fernando Alonso,Aston Martin,93.464,28.458,33.175,31.832,9,1.47,1.1,6,2,False,False,Battle Offensive
Suzuka,Technical,31,ALO,Fernando Alonso,Aston Martin,93.497,28.863,32.02,32.614,9,2.88,2.53,7,2,False,False,DRS Train
Suzuka,Technical,32,ALO,Fernando Alonso,Aston Martin,93.489,30.298,32.827,30.365,9,3.02,1.96,8,2,False,False,Clean Air
Suzuka,Technical,33,ALO,Fernando Alonso,Aston Martin,93.826,29.955,34.415,29.456,9,1.01,0.1,9,2,False,False,Battle Offensive
Suzuka,Technical,34,ALO,Fernando Alonso,Aston Martin,94.044,29.401,33.336,31.307,9,0.19,7.88,10,2,False,False,Battle Offensive
Suzuka,Technical,35,ALO,Fernando Alonso,Aston Martin,93.522,30.607,31.207,31.709,9,3.27,1.17,11,2,False,False,Battle Defensive
Suzuka,Technical,36,ALO,Fernando Alonso,Aston Martin,93.694,28.497,32.882,32.315,9,5.06,0.24,12,2,False,False,Battle Defensive
Suzuka,Technical,37,ALO,Fernando Alonso,Aston Martin,94.013,29.661,31.973,32.378,9,2.97,1.13,13,2,False,False,Battle Defensive
Suzuka,Technical,38,ALO,Fernando Alonso,Aston Martin,93.886,31.511,32.869,29.506,9,1.83,0.88,14,2,False,False,Battle Defensive
Suzuka,Technical,39,ALO,Fernando Alonso,Aston Martin,93.841,30.908,34.117,28.816,9,1.98,2.53,15,2,False,False,DRS Train
Suzuka,Technical,40,ALO,Fernando Alonso,Aston Martin,93.866,28.299,34.127,31.441,9,2.52,0.46,16,2,False,False,Battle Defensive
Suzuka,Technical,41,ALO,Fernando Alonso,Aston Martin,94.168,28.48,31.576,34.112,9,5.51,0.29,17,2,False,False,Battle Defensive
Suzuka,Technical,42,ALO,Fernando Alonso,Aston Martin,93.996,28.95,31.045,34.002,9,7.54,1.45,18,2,False,False,Battle Defensive
Suzuka,Technical,43,ALO,Fernando Alonso,Aston Martin,94.068,28.548,31.862,33.658,9,7.14,2.25,19,2,False,False,Clean Air
Suzuka,Technical,44,ALO,Fernando Alonso,Aston Martin,94.31,31.635,31.874,30.8,9,1.9,4.02,20,2,False,False,DRS Train
Suzuka,Technical,45,ALO,Fernando Alonso,Aston Martin,93.953,30.982,32.492,30.479,9,0.49,4.02,21,2,False,False,Battle Offensive
Suzuka,Technical,46,ALO,Fernando Alonso,Aston Martin,93.973,29.168,31.616,33.189,9,4.25,0.1,22,2,False,False,Battle Defensive
Suzuka,Technical,47,ALO,Fernando Alonso,Aston Martin,94.369,29.229,34.754,30.386,10,0.52,3.23,23,2,False,False,Battle Offensive
Suzuka,Technical,48,ALO,Fernando Alonso,Aston Martin,94.439,30.808,31.815,31.816,9,0.4,2.34,24,2,False,False,Battle Offensive
Suzuka,Technical,49,ALO,Fernando Alonso,Aston Martin,94.397,31.699,32.058,30.639,9,0.29,0.1,25,2,False,False,Battle Offensive
Suzuka,Technical,50,ALO,Fernando Alonso,Aston Martin,94.369,29.479,33.085,31.805,9,0.72,0.63,26,2,False,False,Battle Offensive
Suzuka,Technical,51,ALO,Fernando Alonso,Aston Martin,94.872,29.094,34.164,31.613,9,1.19,8.8,27,2,False,False,Battle Offensive
Suzuka,Technical,52,ALO,Fernando Alonso,Aston Martin,94.576,29.57,34.044,30.962,9,0.11,1.6,28,2,False,False,Battle Offensive
Suzuka,Technical,53,ALO,Fernando Alonso,Aston Martin,94.734,29.964,33.339,31.431,9,2.7,2.06,29,2,False,False,DRS Train
Suzuka,Technical,1,STR,Lance Stroll,Aston Martin,93.989,28.887,32.378,32.725,10,1.04,0.1,1,1,False,False,Battle Offensive
Suzuka,Technical,2,STR,Lance Stroll,Aston Martin,94.204,31.152,34.494,28.558,10,1.37,1.02,2,1,False,False,Battle Offensive
Suzuka,Technical,3,STR,Lance Stroll,Aston Martin,93.829,31.413,33.854,28.562,10,3.2,2.86,3,1,False,False,Clean Air
Suzuka,Technical,4,STR,Lance Stroll,Aston Martin,94.155,31.16,33.599,29.396,10,3.7,1.11,4,1,False,False,Battle Defensive
Suzuka,Technical,5,STR,Lance Stroll,Aston Martin,93.648,29.968,33.977,29.704,10,1.22,0.29,5,1,False,False,Battle Offensive
Suzuka,Technical,6,STR,Lance Stroll,Aston Martin,93.804,28.524,31.09,34.19,10,1.58,6.19,6,1,False,False,DRS Train
Suzuka,Technical,7,STR,Lance Stroll,Aston Martin,94.537,30.339,34.274,29.923,10,0.95,0.61,7,1,False,False,Battle Offensive
Suzuka,Technical,8,STR,Lance Stroll,Aston Martin,93.749,30.297,32.856,30.595,11,4.62,1.41,8,1,False,False,Battle Defensive
Suzuka,Technical,9,STR,Lance Stroll,Aston Martin,93.686,30.602,33.22,29.865,10,0.75,0.63,9,1,False,False,Battle Offensive
Suzuka,Technical,10,STR,Lance Stroll,Aston Martin,94.551,29.891,33.272,31.388,10,0.71,3.87,10,1,False,False,Battle Offensive
Suzuka,Technical,11,STR,Lance Stroll,Aston Martin,93.968,28.217,33.639,32.113,10,3.36,9.14,11,1,False,False,Clean Air
Suzuka,Technical,12,STR,Lance Stroll,Aston Martin,94.777,30.933,32.661,31.183,10,0.68,0.15,12,1,False,False,Battle Offensive
Suzuka,Technical,13,STR,Lance Stroll,Aston Martin,94.004,30.433,34.51,29.062,10,3.27,1.76,13,1,False,False,Clean Air
Suzuka,Technical,14,STR,Lance Stroll,Aston Martin,94.368,29.461,31.531,33.376,10,0.99,1.34,14,1,False,False,Battle Offensive
Suzuka,Technical,15,STR,Lance Stroll,Aston Martin,94.418,29.711,33.021,31.685,10,0.52,6.26,15,1,False,False,Battle Offensive
Suzuka,Technical,16,STR,Lance Stroll,Aston Martin,94.564,31.814,31.227,31.523,10,6.75,2.46,16,1,False,False,Clean Air
Suzuka,Technical,17,STR,Lance Stroll,Aston Martin,94.242,31.233,34.082,28.926,10,0.47,0.76,17,1,False,False,Battle Offensive
Suzuka,Technical,18,STR,Lance Stroll,Aston Martin,94.311,31.949,34.114,28.248,10,0.9,0.18,18,1,False,False,Battle Offensive
Suzuka,Technical,19,STR,Lance Stroll,Aston Martin,94.351,30.264,33.271,30.816,10,1.38,0.1,19,1,False,False,Battle Offensive
Suzuka,Technical,20,STR,Lance Stroll,Aston Martin,94.448,31.562,31.742,31.144,10,0.1,9.76,20,1,False,False,Battle Offensive
Suzuka,Technical,21,STR,Lance Stroll,Aston Martin,94.402,31.763,32.327,30.311,10,0.35,10.1,21,1,False,False,Battle Offensive
Suzuka,Technical,22,STR,Lance Stroll,Aston Martin,94.035,28.214,33.217,32.603,10,0.18,0.1,22,1,False,False,Battle Offensive
Suzuka,Technical,23,STR,Lance Stroll,Aston Martin,94.235,31.628,32.57,30.037,10,0.76,1.88,23,1,False,False,Battle Offensive
Suzuka,Technical,24,STR,Lance Stroll,Aston Martin,94.817,28.53,33.104,33.184,10,0.2,0.65,24,1,False,False,Battle Offensive
Suzuka,Technical,25,STR,Lance Stroll,Aston Martin,94.953,30.594,31.621,32.738,10,0.5,2.47,25,1,False,False,Battle Offensive
Suzuka,Technical,26,STR,Lance Stroll,Aston Martin,115.041,35.544,37.991,41.506,10,1.52,1.55,1,2,True,False,DRS Train
Suzuka,Technical,27,STR,Lance Stroll,Aston Martin,93.307,30.478,33.381,29.448,10,2.89,1.88,2,2,False,False,DRS Train
Suzuka,Technical,28,STR,Lance Stroll,Aston Martin,94.647,29.853,33.745,31.049,10,3.6,0.76,3,2,False,False,Battle Defensive
Suzuka,Technical,29,STR,Lance Stroll,Aston Martin,93.751,28.915,31.223,33.614,10,2.33,0.59,4,2,False,False,Battle Defensive
Suzuka,Technical,30,STR,Lance Stroll,Aston Martin,93.978,31.838,32.808,29.331,10,2.31,1.63,5,2,False,False,DRS Train
Suzuka,Technical,31,STR,Lance Stroll,Aston Martin,94.764,28.672,34.623,31.47,10,0.56,1.86,6,2,False,False,Battle Offensive
Suzuka,Technical,32,STR,Lance Stroll,Aston Martin,93.826,31.738,34.503,27.584,10,1.79,5.24,7,2,False,False,DRS Train
Suzuka,Technical,33,STR,Lance Stroll,Aston Martin,94.475,30.283,34.183,30.01,10,0.93,0.48,8,2,False,False,Battle Offensive
Suzuka,Technical,34,STR,Lance Stroll,Aston Martin,93.579,29.73,34.149,29.699,10,0.1,4.29,9,2,False,False,Battle Offensive
Suzuka,Technical,35,STR,Lance Stroll,Aston Martin,93.68,28.96,34.459,30.261,10,1.75,2.09,10,2,False,False,DRS Train
Suzuka,Technical,36,STR,Lance Stroll,Aston Martin,93.531,31.786,31.241,30.504,10,0.46,3.29,11,2,False,False,Battle Offensive
Suzuka,Technical,37,STR,Lance Stroll,Aston Martin,93.963,29.864,33.596,30.503,10,9.9,4.57,12,2,False,False,Clean Air
Suzuka,Technical,38,STR,Lance Stroll,Aston Martin,94.3,28.955,32.529,32.816,9,2.46,3.67,13,2,False,False,DRS Train
Suzuka,Technical,39,STR,Lance Stroll,Aston Martin,94.459,30.371,32.254,31.835,10,0.94,0.54,14,2,False,False,Battle Offensive
Suzuka,Technical,40,STR,Lance Stroll,Aston Martin,93.703,30.756,33.113,29.834,10,1.09,1.93,15,2,False,False,Battle Offensive
Suzuka,Technical,41,STR,Lance Stroll,Aston Martin,95.061,28.59,33.814,32.657,10,0.25,9.05,16,2,False,False,Battle Offensive
Suzuka,Technical,42,STR,Lance Stroll,Aston Martin,95.016,31.938,32.847,30.231,10,0.43,2.11,17,2,False,False,Battle Offensive
Suzuka,Technical,43,STR,Lance Stroll,Aston Martin,94.692,28.798,32.253,33.64,10,4.65,1.95,18,2,False,False,Clean Air
Suzuka,Technical,44,STR,Lance Stroll,Aston Martin,94.052,29.806,34.75,29.496,10,4.24,1.75,19,2,False,False,Clean Air
Suzuka,Technical,45,STR,Lance Stroll,Aston Martin,95.075,30.492,33.678,30.905,10,0.93,1.83,20,2,False,False,Battle Offensive
Suzuka,Technical,46,STR,Lance Stroll,Aston Martin,94.46,29.807,33.924,30.729,10,8.27,4.68,21,2,False,False,Clean Air
Suzuka,Technical,47,STR,Lance Stroll,Aston Martin,95.074,30.775,33.586,30.712,10,0.52,3.04,22,2,False,False,Battle Offensive
Suzuka,Technical,48,STR,Lance Stroll,Aston Martin,94.275,31.446,32.399,30.43,10,3.46,5.91,23,2,False,False,Clean Air
Suzuka,Technical,49,STR,Lance Stroll,Aston Martin,95.568,31.957,32.578,31.033,10,0.36,2.38,24,2,False,False,Battle Offensive
Suzuka,Technical,50,STR,Lance Stroll,Aston Martin,94.722,29.237,32.859,32.626,10,1.19,4.2,25,2,False,False,Battle Offensive
Suzuka,Technical,51,STR,Lance Stroll,Aston Martin,95.186,32.105,33.36,29.721,10,2.56,0.53,26,2,False,False,Battle Defensive
Suzuka,Technical,52,STR,Lance Stroll,Aston Martin,95.176,31.588,32.133,31.455,10,2.02,2.87,27,2,False,False,DRS Train
Suzuka,Technical,53,STR,Lance Stroll,Aston Martin,95.389,28.92,33.098,33.371,10,0.81,0.65,28,2,False,False,Battle Offensive
Suzuka,Technical,1,GAS,Pierre Gasly,Alpine,93.305,29.748,33.951,29.606,11,1.6,0.88,1,1,False,False,Battle Defensive
Suzuka,Technical,2,GAS,Pierre Gasly,Alpine,93.044,28.308,31.087,33.649,11,0.23,1.24,2,1,False,False,Battle Offensive
Suzuka,Technical,3,GAS,Pierre Gasly,Alpine,93.721,30.65,34.135,28.936,11,0.74,0.56,3,1,False,False,Battle Offensive
Suzuka,Technical,4,GAS,Pierre Gasly,Alpine,93.674,28.923,31.96,32.791,11,3.07,4.26,4,1,False,False,Clean Air
Suzuka,Technical,5,GAS,Pierre Gasly,Alpine,93.686,29.858,33.477,30.35,12,0.96,0.1,5,1,False,False,Battle Offensive
Suzuka,Technical,6,GAS,Pierre Gasly,Alpine,93.497,31.62,34.031,27.846,11,2.7,2.35,6,1,False,False,DRS Train
Suzuka,Technical,7,GAS,Pierre Gasly,Alpine,94.22,28.708,32.625,32.887,11,2.2,0.1,7,1,False,False,Battle Defensive
Suzuka,Technical,8,GAS,Pierre Gasly,Alpine,94.107,30.079,32.761,31.267,11,0.1,0.34,8,1,False,False,Battle Offensive
Suzuka,Technical,9,GAS,Pierre Gasly,Alpine,94.08,31.202,33.594,29.284,11,3.87,0.78,9,1,False,False,Battle Defensive
Suzuka,Technical,10,GAS,Pierre Gasly,Alpine,93.621,29.962,32.873,30.785,11,6.7,0.11,10,1,False,False,Battle Defensive
Suzuka,Technical,11,GAS,Pierre Gasly,Alpine,93.645,28.565,33.46,31.62,11,3.69,2.04,11,1,False,False,Clean Air
Suzuka,Technical,12,GAS,Pierre Gasly,Alpine,93.801,29.308,33.596,30.896,11,0.1,1.0,12,1,False,False,Battle Offensive
Suzuka,Technical,13,GAS,Pierre Gasly,Alpine,94.028,28.209,33.304,32.515,11,1.52,4.04,13,1,False,False,DRS Train
Suzuka,Technical,14,GAS,Pierre Gasly,Alpine,93.876,29.591,34.157,30.127,11,0.1,3.13,14,1,False,False,Battle Offensive
Suzuka,Technical,15,GAS,Pierre Gasly,Alpine,94.269,31.55,31.57,31.149,11,9.94,0.1,15,1,False,False,Battle Defensive
Suzuka,Technical,16,GAS,Pierre Gasly,Alpine,94.571,28.702,34.984,30.885,11,1.39,0.92,16,1,False,False,Battle Offensive
Suzuka,Technical,17,GAS,Pierre Gasly,Alpine,94.368,28.458,33.091,32.818,11,4.43,3.63,17,1,False,False,Clean Air
Suzuka,Technical,18,GAS,Pierre Gasly,Alpine,94.416,29.852,31.355,33.208,11,1.05,2.59,18,1,False,False,Battle Offensive
Suzuka,Technical,19,GAS,Pierre Gasly,Alpine,93.867,31.613,32.51,29.743,11,2.47,2.41,19,1,False,False,DRS Train
Suzuka,Technical,20,GAS,Pierre Gasly,Alpine,94.878,29.687,33.105,32.086,11,0.1,0.29,20,1,False,False,Battle Offensive
Suzuka,Technical,21,GAS,Pierre Gasly,Alpine,94.584,32.019,33.674,28.891,11,0.88,3.28,21,1,False,False,Battle Offensive
Suzuka,Technical,22,GAS,Pierre Gasly,Alpine,94.542,31.396,34.971,28.175,11,2.92,1.26,22,1,False,False,Battle Defensive
Suzuka,Technical,23,GAS,Pierre Gasly,Alpine,94.672,29.687,34.017,30.968,11,0.63,3.01,23,1,False,False,Battle Offensive
Suzuka,Technical,24,GAS,Pierre Gasly,Alpine,115.78,37.035,38.532,40.214,10,1.07,0.23,1,2,True,False,Battle Offensive
Suzuka,Technical,25,GAS,Pierre Gasly,Alpine,93.885,29.32,33.699,30.866,11,1.96,0.14,2,2,False,False,Battle Defensive
Suzuka,Technical,26,GAS,Pierre Gasly,Alpine,94.157,30.894,34.463,28.799,11,2.25,1.6,3,2,False,False,DRS Train
Suzuka,Technical,27,GAS,Pierre Gasly,Alpine,94.446,30.663,34.378,29.405,11,2.41,1.23,4,2,False,False,Battle Defensive
Suzuka,Technical,28,GAS,Pierre Gasly,Alpine,93.189,28.395,33.077,31.717,11,2.04,2.64,5,2,False,False,DRS Train
Suzuka,Technical,29,GAS,Pierre Gasly,Alpine,93.558,29.908,32.836,30.814,11,0.48,2.78,6,2,False,False,Battle Offensive
Suzuka,Technical,30,GAS,Pierre Gasly,Alpine,93.846,29.012,33.077,31.757,11,5.88,0.59,7,2,False,False,Battle Defensive
Suzuka,Technical,31,GAS,Pierre Gasly,Alpine,94.108,28.888,33.93,31.289,11,0.92,0.11,8,2,False,False,Battle Offensive
Suzuka,Technical,32,GAS,Pierre Gasly,Alpine,94.048,28.557,33.016,32.475,11,1.0,0.52,9,2,False,False,Battle Offensive
Suzuka,Technical,33,GAS,Pierre Gasly,Alpine,93.916,31.558,31.17,31.188,11,0.97,5.97,10,2,False,False,Battle Offensive
Suzuka,Technical,34,GAS,Pierre Gasly,Alpine,94.195,29.574,33.765,30.856,10,6.6,2.72,11,2,False,False,Clean Air
Suzuka,Technical,35,GAS,Pierre Gasly,Alpine,94.252,28.296,34.365,31.591,11,3.85,2.76,12,2,False,False,Clean Air
Suzuka,Technical,36,GAS,Pierre Gasly,Alpine,94.343,32.002,32.192,30.149,11,1.26,5.33,13,2,False,False,Battle Offensive
Suzuka,Technical,37,GAS,Pierre Gasly,Alpine,93.469,30.359,33.145,29.965,11,0.17,1.81,14,2,False,False,Battle Offensive
Suzuka,Technical,38,GAS,Pierre Gasly,Alpine,94.034,31.356,33.788,28.89,11,2.63,5.52,15,2,False,False,DRS Train
Suzuka,Technical,39,GAS,Pierre Gasly,Alpine,94.574,29.136,34.5,30.939,11,0.55,6.98,16,2,False,False,Battle Offensive
Suzuka,Technical,40,GAS,Pierre Gasly,Alpine,94.704,30.948,32.213,31.543,11,4.29,2.51,17,2,False,False,Clean Air
Suzuka,Technical,41,GAS,Pierre Gasly,Alpine,94.595,29.617,33.822,31.156,11,4.65,1.08,18,2,False,False,Battle Defensive
Suzuka,Technical,42,GAS,Pierre Gasly,Alpine,94.732,28.71,32.538,33.484,11,0.73,5.99,19,2,False,False,Battle Offensive
Suzuka,Technical,43,GAS,Pierre Gasly,Alpine,94.752,28.92,33.878,31.954,11,0.6,1.18,20,2,False,False,Battle Offensive
Suzuka,Technical,44,GAS,Pierre Gasly,Alpine,94.766,29.305,33.217,32.244,11,2.11,0.85,21,2,False,False,Battle Defensive
Suzuka,Technical,45,GAS,Pierre Gasly,Alpine,95.163,28.847,33.793,32.524,11,6.73,0.75,22,2,False,False,Battle Defensive
Suzuka,Technical,46,GAS,Pierre Gasly,Alpine,94.379,31.405,31.778,31.196,11,6.19,0.72,23,2,False,False,Battle Defensive
Suzuka,Technical,47,GAS,Pierre Gasly,Alpine,94.483,30.029,31.812,32.641,11,1.3,0.17,24,2,False,False,Battle Offensive
Suzuka,Technical,48,GAS,Pierre Gasly,Alpine,94.813,29.854,34.303,30.656,11,5.01,0.86,25,2,False,False,Battle Defensive
Suzuka,Technical,49,GAS,Pierre Gasly,Alpine,95.568,30.257,31.988,33.323,11,2.08,0.1,26,2,False,False,Battle Defensive
Suzuka,Technical,50,GAS,Pierre Gasly,Alpine,95.167,29.175,35.13,30.862,11,0.16,4.8,27,2,False,False,Battle Offensive
Suzuka,Technical,51,GAS,Pierre Gasly,Alpine,95.883,28.853,34.222,32.807,11,3.38,0.46,28,2,False,False,Battle Defensive
Suzuka,Technical,52,GAS,Pierre Gasly,Alpine,95.049,29.689,33.0,32.359,11,2.0,7.53,29,2,False,False,DRS Train
Suzuka,Technical,53,GAS,Pierre Gasly,Alpine,95.44,29.642,32.002,33.796,11,0.54,4.9,30,2,False,False,Battle Offensive
Suzuka,Technical,1,OCO,Esteban Ocon,Alpine,93.73,28.476,33.263,31.991,12,2.02,1.78,1,1,False,False,DRS Train
Suzuka,Technical,2,OCO,Esteban Ocon,Alpine,93.534,30.916,31.2,31.418,12,6.01,1.54,2,1,False,False,Clean Air
Suzuka,Technical,3,OCO,Esteban Ocon,Alpine,93.574,29.152,34.164,30.258,12,0.95,0.1,3,1,False,False,Battle Offensive
Suzuka,Technical,4,OCO,Esteban Ocon,Alpine,93.453,28.205,32.371,32.877,12,1.36,2.84,4,1,False,False,Battle Offensive
Suzuka,Technical,5,OCO,Esteban Ocon,Alpine,93.971,28.424,32.158,33.389,12,5.98,5.05,5,1,False,False,Clean Air
Suzuka,Technical,6,OCO,Esteban Ocon,Alpine,93.84,31.318,33.466,29.056,12,3.68,3.4,6,1,False,False,Clean Air
Suzuka,Technical,7,OCO,Esteban Ocon,Alpine,93.824,30.067,32.96,30.796,12,3.88,5.89,7,1,False,False,Clean Air
Suzuka,Technical,8,OCO,Esteban Ocon,Alpine,94.049,29.655,33.692,30.702,12,0.1,2.45,8,1,False,False,Battle Offensive
Suzuka,Technical,9,OCO,Esteban Ocon,Alpine,94.458,29.12,31.241,34.097,12,0.96,0.18,9,1,False,False,Battle Offensive
Suzuka,Technical,10,OCO,Esteban Ocon,Alpine,93.944,28.724,32.919,32.3,12,1.3,0.21,10,1,False,False,Battle Offensive
Suzuka,Technical,11,OCO,Esteban Ocon,Alpine,94.355,31.705,34.314,28.335,12,1.64,1.82,11,1,False,False,DRS Train
Suzuka,Technical,12,OCO,Esteban Ocon,Alpine,94.136,29.653,33.046,31.437,12,5.01,5.9,12,1,False,False,Clean Air
Suzuka,Technical,13,OCO,Esteban Ocon,Alpine,94.361,30.392,34.242,29.727,12,0.51,1.64,13,1,False,False,Battle Offensive
Suzuka,Technical,14,OCO,Esteban Ocon,Alpine,94.532,28.912,31.987,33.633,12,3.01,0.5,14,1,False,False,Battle Defensive
Suzuka,Technical,15,OCO,Esteban Ocon,Alpine,94.471,30.369,31.336,32.765,12,0.3,2.79,15,1,False,False,Battle Offensive
Suzuka,Technical,16,OCO,Esteban Ocon,Alpine,94.139,29.543,34.433,30.163,12,7.7,4.11,16,1,False,False,Clean Air
Suzuka,Technical,17,OCO,Esteban Ocon,Alpine,94.466,29.352,33.424,31.689,12,0.36,1.07,17,1,False,False,Battle Offensive
Suzuka,Technical,18,OCO,Esteban Ocon,Alpine,95.187,31.086,31.653,32.448,12,6.9,1.46,18,1,False,False,Battle Defensive
Suzuka,Technical,19,OCO,Esteban Ocon,Alpine,94.368,30.668,31.762,31.937,12,0.14,5.02,19,1,False,False,Battle Offensive
Suzuka,Technical,20,OCO,Esteban Ocon,Alpine,95.122,29.412,32.767,32.943,12,0.84,5.26,20,1,False,False,Battle Offensive
Suzuka,Technical,21,OCO,Esteban Ocon,Alpine,94.693,30.175,32.719,31.799,12,6.03,1.57,21,1,False,False,Clean Air
Suzuka,Technical,22,OCO,Esteban Ocon,Alpine,94.839,32.108,31.507,31.224,12,5.59,6.04,22,1,False,False,Clean Air
Suzuka,Technical,23,OCO,Esteban Ocon,Alpine,94.542,31.102,31.46,31.98,12,0.1,1.82,23,1,False,False,Battle Offensive
Suzuka,Technical,24,OCO,Esteban Ocon,Alpine,94.966,28.599,35.03,31.337,12,1.2,1.03,24,1,False,False,Battle Offensive
Suzuka,Technical,25,OCO,Esteban Ocon,Alpine,95.14,29.678,32.118,33.345,12,9.86,0.74,25,1,False,False,Battle Defensive
Suzuka,Technical,26,OCO,Esteban Ocon,Alpine,95.237,30.703,32.0,32.533,12,3.16,5.41,26,1,False,False,Clean Air
Suzuka,Technical,27,OCO,Esteban Ocon,Alpine,115.726,36.769,39.247,39.71,12,1.51,8.02,1,2,True,False,DRS Train
Suzuka,Technical,28,OCO,Esteban Ocon,Alpine,94.491,29.947,32.4,32.144,12,0.36,3.11,2,2,False,False,Battle Offensive
Suzuka,Technical,29,OCO,Esteban Ocon,Alpine,93.535,31.698,33.321,28.516,12,4.56,3.83,3,2,False,False,Clean Air
Suzuka,Technical,30,OCO,Esteban Ocon,Alpine,94.497,29.906,34.909,29.682,12,0.2,2.41,4,2,False,False,Battle Offensive
Suzuka,Technical,31,OCO,Esteban Ocon,Alpine,94.203,31.542,31.19,31.47,12,1.27,1.01,5,2,False,False,Battle Offensive
Suzuka,Technical,32,OCO,Esteban Ocon,Alpine,93.805,31.149,34.506,28.15,12,0.4,3.01,6,2,False,False,Battle Offensive
Suzuka,Technical,33,OCO,Esteban Ocon,Alpine,94.435,32.105,32.196,30.134,12,0.66,0.95,7,2,False,False,Battle Offensive
Suzuka,Technical,34,OCO,Esteban Ocon,Alpine,94.176,28.87,34.428,30.878,12,1.0,0.12,8,2,False,False,Battle Offensive
Suzuka,Technical,35,OCO,Esteban Ocon,Alpine,93.755,29.115,31.267,33.374,12,3.1,0.1,9,2,False,False,Battle Defensive
Suzuka,Technical,36,OCO,Esteban Ocon,Alpine,93.492,29.189,32.53,31.773,12,1.75,0.73,10,2,False,False,Battle Defensive
Suzuka,Technical,37,OCO,Esteban Ocon,Alpine,94.303,31.705,33.971,28.627,12,1.61,4.48,11,2,False,False,DRS Train
Suzuka,Technical,38,OCO,Esteban Ocon,Alpine,93.666,31.65,31.813,30.203,12,1.43,1.75,12,2,False,False,Battle Offensive
Suzuka,Technical,39,OCO,Esteban Ocon,Alpine,93.987,31.031,32.231,30.725,12,0.33,0.38,13,2,False,False,Battle Offensive
Suzuka,Technical,40,OCO,Esteban Ocon,Alpine,94.103,29.29,33.971,30.842,12,5.36,1.3,14,2,False,False,Battle Defensive
Suzuka,Technical,41,OCO,Esteban Ocon,Alpine,93.708,29.689,32.722,31.297,12,0.59,0.66,15,2,False,False,Battle Offensive
Suzuka,Technical,42,OCO,Esteban Ocon,Alpine,94.712,30.513,33.852,30.347,12,2.38,1.03,16,2,False,False,Battle Defensive
Suzuka,Technical,43,OCO,Esteban Ocon,Alpine,94.727,30.101,32.292,32.333,12,1.01,1.4,17,2,False,False,Battle Offensive
Suzuka,Technical,44,OCO,Esteban Ocon,Alpine,94.72,28.416,34.763,31.541,12,0.1,0.25,18,2,False,False,Battle Offensive
Suzuka,Technical,45,OCO,Esteban Ocon,Alpine,94.545,31.93,34.373,28.242,12,0.14,0.47,19,2,False,False,Battle Offensive
Suzuka,Technical,46,OCO,Esteban Ocon,Alpine,94.607,29.392,34.267,30.948,12,5.09,3.51,20,2,False,False,Clean Air
Suzuka,Technical,47,OCO,Esteban Ocon,Alpine,94.996,28.919,34.789,31.288,12,0.26,10.38,21,2,False,False,Battle Offensive
Suzuka,Technical,48,OCO,Esteban Ocon,Alpine,94.497,31.898,34.592,28.007,12,1.08,1.79,22,2,False,False,Battle Offensive
Suzuka,Technical,49,OCO,Esteban Ocon,Alpine,94.898,29.775,32.769,32.354,12,0.78,1.64,23,2,False,False,Battle Offensive
Suzuka,Technical,50,OCO,Esteban Ocon,Alpine,94.762,28.899,32.606,33.258,12,2.66,0.54,24,2,False,False,Battle Defensive
Suzuka,Technical,51,OCO,Esteban Ocon,Alpine,95.197,31.099,34.263,29.835,12,2.51,0.47,25,2,False,False,Battle Defensive
Suzuka,Technical,52,OCO,Esteban Ocon,Alpine,93.933,29.194,32.231,32.508,12,6.32,1.27,26,2,False,False,Battle Defensive
Suzuka,Technical,53,OCO,Esteban Ocon,Alpine,95.496,29.043,35.036,31.417,12,5.08,0.91,27,2,False,False,Battle Defensive
Suzuka,Technical,1,HUL,Nico Hulkenberg,Haas,93.862,29.784,30.994,33.083,13,4.29,2.78,1,1,False,False,Clean Air
Suzuka,Technical,2,HUL,Nico Hulkenberg,Haas,93.798,29.82,31.001,32.976,13,0.43,1.42,2,1,False,False,Battle Offensive
Suzuka,Technical,3,HUL,Nico Hulkenberg,Haas,93.823,28.434,33.748,31.641,13,2.27,1.45,3,1,False,False,Battle Defensive
Suzuka,Technical,4,HUL,Nico Hulkenberg,Haas,94.369,30.491,33.298,30.58,13,0.2,1.21,4,1,False,False,Battle Offensive
Suzuka,Technical,5,HUL,Nico Hulkenberg,Haas,93.83,28.518,33.183,32.13,12,0.1,4.0,5,1,False,False,Battle Offensive
Suzuka,Technical,6,HUL,Nico Hulkenberg,Haas,94.166,28.762,32.889,32.515,13,1.07,0.74,6,1,False,False,Battle Offensive
Suzuka,Technical,7,HUL,Nico Hulkenberg,Haas,94.291,30.021,32.318,31.952,13,4.73,1.37,7,1,False,False,Battle Defensive
Suzuka,Technical,8,HUL,Nico Hulkenberg,Haas,94.0,29.351,34.736,29.913,13,3.03,5.87,8,1,False,False,Clean Air
Suzuka,Technical,9,HUL,Nico Hulkenberg,Haas,94.112,29.891,34.626,29.595,13,5.26,2.95,9,1,False,False,Clean Air
Suzuka,Technical,10,HUL,Nico Hulkenberg,Haas,93.686,31.187,33.881,28.618,13,8.26,0.94,10,1,False,False,Battle Defensive
Suzuka,Technical,11,HUL,Nico Hulkenberg,Haas,94.22,29.1,33.431,31.689,13,3.34,4.86,11,1,False,False,Clean Air
Suzuka,Technical,12,HUL,Nico Hulkenberg,Haas,94.197,31.293,32.444,30.46,13,2.97,4.19,12,1,False,False,DRS Train
Suzuka,Technical,13,HUL,Nico Hulkenberg,Haas,116.309,38.224,40.118,37.967,13,0.85,1.03,1,2,True,False,Battle Offensive
Suzuka,Technical,14,HUL,Nico Hulkenberg,Haas,93.619,28.879,30.996,33.744,13,1.37,0.55,2,2,False,False,Battle Offensive
Suzuka,Technical,15,HUL,Nico Hulkenberg,Haas,93.847,31.486,32.951,29.409,13,8.82,1.57,3,2,False,False,Clean Air
Suzuka,Technical,16,HUL,Nico Hulkenberg,Haas,93.824,30.094,32.297,31.433,13,0.1,1.14,4,2,False,False,Battle Offensive
Suzuka,Technical,17,HUL,Nico Hulkenberg,Haas,94.207,30.175,34.192,29.839,13,5.92,2.27,5,2,False,False,Clean Air
Suzuka,Technical,18,HUL,Nico Hulkenberg,Haas,94.142,30.54,34.091,29.512,13,3.83,1.46,6,2,False,False,Battle Defensive
Suzuka,Technical,19,HUL,Nico Hulkenberg,Haas,94.24,30.082,33.859,30.299,13,4.15,0.32,7,2,False,False,Battle Defensive
Suzuka,Technical,20,HUL,Nico Hulkenberg,Haas,94.391,31.923,31.528,30.941,13,0.54,1.42,8,2,False,False,Battle Offensive
Suzuka,Technical,21,HUL,Nico Hulkenberg,Haas,94.356,31.233,33.965,29.158,12,1.2,1.81,9,2,False,False,Battle Offensive
Suzuka,Technical,22,HUL,Nico Hulkenberg,Haas,94.293,30.591,31.661,32.042,13,0.62,0.69,10,2,False,False,Battle Offensive
Suzuka,Technical,23,HUL,Nico Hulkenberg,Haas,94.256,31.963,31.16,31.132,13,0.48,3.07,11,2,False,False,Battle Offensive
Suzuka,Technical,24,HUL,Nico Hulkenberg,Haas,94.189,28.437,33.401,32.351,13,4.55,2.19,12,2,False,False,Clean Air
Suzuka,Technical,25,HUL,Nico Hulkenberg,Haas,93.515,31.48,34.585,27.451,13,2.77,0.4,13,2,False,False,Battle Defensive
Suzuka,Technical,26,HUL,Nico Hulkenberg,Haas,94.588,30.016,33.514,31.058,13,2.66,4.83,14,2,False,False,DRS Train
Suzuka,Technical,27,HUL,Nico Hulkenberg,Haas,94.494,31.441,32.642,30.411,13,11.56,3.93,15,2,False,False,Clean Air
Suzuka,Technical,28,HUL,Nico Hulkenberg,Haas,94.105,30.009,33.89,30.206,13,5.28,3.23,16,2,False,False,Clean Air
Suzuka,Technical,29,HUL,Nico Hulkenberg,Haas,94.188,31.929,31.11,31.148,13,0.76,0.32,17,2,False,False,Battle Offensive
Suzuka,Technical,30,HUL,Nico Hulkenberg,Haas,94.811,28.744,34.91,31.157,13,6.77,7.76,18,2,False,False,Clean Air
Suzuka,Technical,31,HUL,Nico Hulkenberg,Haas,94.975,29.148,32.018,33.809,13,2.34,5.72,19,2,False,False,DRS Train
Suzuka,Technical,32,HUL,Nico Hulkenberg,Haas,94.703,29.37,34.745,30.589,13,0.31,16.07,20,2,False,False,Battle Offensive
Suzuka,Technical,33,HUL,Nico Hulkenberg,Haas,94.774,29.476,32.959,32.338,13,0.33,1.07,21,2,False,False,Battle Offensive
Suzuka,Technical,34,HUL,Nico Hulkenberg,Haas,95.028,31.455,31.923,31.65,13,0.67,1.75,22,2,False,False,Battle Offensive
Suzuka,Technical,35,HUL,Nico Hulkenberg,Haas,94.735,30.446,32.032,32.258,13,0.19,4.35,23,2,False,False,Battle Offensive
Suzuka,Technical,36,HUL,Nico Hulkenberg,Haas,95.131,31.768,32.25,31.113,13,1.78,1.11,24,2,False,False,Battle Defensive
Suzuka,Technical,37,HUL,Nico Hulkenberg,Haas,94.899,30.582,34.358,29.959,13,3.64,2.36,25,2,False,False,Clean Air
Suzuka,Technical,38,HUL,Nico Hulkenberg,Haas,115.634,38.449,42.083,35.101,13,2.07,4.65,1,3,True,False,DRS Train
Suzuka,Technical,39,HUL,Nico Hulkenberg,Haas,94.31,30.273,31.906,32.131,13,12.78,0.5,2,3,False,False,Battle Defensive
Suzuka,Technical,40,HUL,Nico Hulkenberg,Haas,93.771,30.517,31.527,31.727,13,1.55,0.29,3,3,False,False,Battle Defensive
Suzuka,Technical,41,HUL,Nico Hulkenberg,Haas,94.166,31.779,34.547,27.839,13,1.28,1.08,4,3,False,False,Battle Offensive
Suzuka,Technical,42,HUL,Nico Hulkenberg,Haas,94.143,30.567,32.241,31.335,13,3.23,3.68,5,3,False,False,Clean Air
Suzuka,Technical,43,HUL,Nico Hulkenberg,Haas,94.302,28.829,32.853,32.621,13,1.08,2.14,6,3,False,False,Battle Offensive
Suzuka,Technical,44,HUL,Nico Hulkenberg,Haas,94.166,29.284,34.566,30.317,13,4.99,1.04,7,3,False,False,Battle Defensive
Suzuka,Technical,45,HUL,Nico Hulkenberg,Haas,94.042,28.475,32.161,33.406,13,0.5,8.75,8,3,False,False,Battle Offensive
Suzuka,Technical,46,HUL,Nico Hulkenberg,Haas,94.245,31.542,34.191,28.512,13,1.24,3.21,9,3,False,False,Battle Offensive
Suzuka,Technical,47,HUL,Nico Hulkenberg,Haas,94.972,29.681,33.392,31.898,13,1.49,0.92,10,3,False,False,Battle Offensive
Suzuka,Technical,48,HUL,Nico Hulkenberg,Haas,94.163,29.647,32.311,32.205,13,3.43,0.5,11,3,False,False,Battle Defensive
Suzuka,Technical,49,HUL,Nico Hulkenberg,Haas,94.141,29.756,32.331,32.054,13,1.17,0.38,12,3,False,False,Battle Offensive
Suzuka,Technical,50,HUL,Nico Hulkenberg,Haas,94.646,28.535,32.05,34.061,13,2.14,2.06,13,3,False,False,DRS Train
Suzuka,Technical,51,HUL,Nico Hulkenberg,Haas,94.603,28.754,33.688,32.161,13,0.84,5.33,14,3,False,False,Battle Offensive
Suzuka,Technical,52,HUL,Nico Hulkenberg,Haas,94.147,28.662,33.146,32.338,13,0.87,0.3,15,3,False,False,Battle Offensive
Suzuka,Technical,53,HUL,Nico Hulkenberg,Haas,94.406,31.923,33.087,29.396,13,2.42,0.13,16,3,False,False,Battle Defensive
Singapore,Street,1,VER,Max Verstappen,Red Bull,95.356,29.853,32.188,33.316,1,,0.62,1,1,False,False,Battle Defensive
Singapore,Street,2,VER,Max Verstappen,Red Bull,95.211,29.229,34.211,31.772,1,,2.46,2,1,False,False,Clean Air
Singapore,Street,3,VER,Max Verstappen,Red Bull,95.129,30.607,33.912,30.609,1,,2.66,3,1,False,False,Clean Air
Singapore,Street,4,VER,Max Verstappen,Red Bull,95.412,29.852,32.617,32.942,1,,1.54,4,1,False,False,Clean Air
Singapore,Street,5,VER,Max Verstappen,Red Bull,95.735,32.052,32.192,31.491,1,,0.76,5,1,False,False,Battle Defensive
Singapore,Street,6,VER,Max Verstappen,Red Bull,95.629,30.731,33.616,31.281,1,,10.57,6,1,False,False,Clean Air
Singapore,Street,7,VER,Max Verstappen,Red Bull,95.426,30.007,31.798,33.621,1,,2.07,7,1,False,False,Clean Air
Singapore,Street,8,VER,Max Verstappen,Red Bull,95.578,32.2,34.705,28.672,1,,1.08,8,1,False,False,Battle Defensive
Singapore,Street,9,VER,Max Verstappen,Red Bull,95.324,32.375,34.547,28.401,1,,1.42,9,1,False,False,Battle Defensive
Singapore,Street,10,VER,Max Verstappen,Red Bull,95.745,28.867,32.213,34.665,1,,0.78,10,1,False,False,Battle Defensive
Singapore,Street,11,VER,Max Verstappen,Red Bull,95.5,31.036,33.664,30.8,1,,7.02,11,1,False,False,Clean Air
Singapore,Street,12,VER,Max Verstappen,Red Bull,95.73,30.79,32.472,32.468,1,,4.4,12,1,False,False,Clean Air
Singapore,Street,13,VER,Max Verstappen,Red Bull,95.651,29.235,32.597,33.819,1,,0.9,13,1,False,False,Battle Defensive
Singapore,Street,14,VER,Max Verstappen,Red Bull,95.911,31.956,31.851,32.104,1,,0.97,14,1,False,False,Battle Defensive
Singapore,Street,15,VER,Max Verstappen,Red Bull,95.787,31.592,33.58,30.615,1,,2.84,15,1,False,False,Clean Air
Singapore,Street,16,VER,Max Verstappen,Red Bull,95.711,32.422,31.94,31.35,1,,2.92,16,1,False,False,Clean Air
Singapore,Street,17,VER,Max Verstappen,Red Bull,95.977,31.389,33.355,31.233,1,,0.1,17,1,False,False,Battle Defensive
Singapore,Street,18,VER,Max Verstappen,Red Bull,95.873,29.305,33.604,32.964,1,,0.12,18,1,False,False,Battle Defensive
Singapore,Street,19,VER,Max Verstappen,Red Bull,95.591,29.289,34.96,31.342,1,,2.52,19,1,False,False,Clean Air
Singapore,Street,20,VER,Max Verstappen,Red Bull,95.906,30.549,34.341,31.017,1,,2.48,20,1,False,False,Clean Air
Singapore,Street,21,VER,Max Verstappen,Red Bull,95.937,28.891,34.087,32.959,1,,5.01,21,1,False,False,Clean Air
Singapore,Street,22,VER,Max Verstappen,Red Bull,95.894,30.55,33.332,32.012,1,,0.38,22,1,False,False,Battle Defensive
Singapore,Street,23,VER,Max Verstappen,Red Bull,96.038,28.878,32.357,34.803,1,,1.85,23,1,False,False,Clean Air
Singapore,Street,24,VER,Max Verstappen,Red Bull,96.21,30.187,33.405,32.618,1,,1.07,24,1,False,False,Battle Defensive
Singapore,Street,25,VER,Max Verstappen,Red Bull,96.112,31.885,32.186,32.041,1,,8.3,25,1,False,False,Clean Air
Singapore,Street,26,VER,Max Verstappen,Red Bull,95.966,31.538,33.719,30.709,1,,3.34,26,1,False,False,Clean Air
Singapore,Street,27,VER,Max Verstappen,Red Bull,96.109,31.519,32.466,32.124,1,,4.29,27,1,False,False,Clean Air
Singapore,Street,28,VER,Max Verstappen,Red Bull,96.237,29.383,34.512,32.342,1,,12.08,28,1,False,False,Clean Air
Singapore,Street,29,VER,Max Verstappen,Red Bull,96.224,32.621,33.861,29.741,1,,3.31,29,1,False,False,Clean Air
Singapore,Street,30,VER,Max Verstappen,Red Bull,96.323,31.395,32.763,32.166,1,,0.35,30,1,False,False,Battle Defensive
Singapore,Street,31,VER,Max Verstappen,Red Bull,117.229,39.222,42.377,35.629,1,,0.5,1,2,True,False,Battle Defensive
Singapore,Street,32,VER,Max Verstappen,Red Bull,95.451,30.651,32.513,32.288,1,,2.58,2,2,False,False,Clean Air
Singapore,Street,33,VER,Max Verstappen,Red Bull,95.446,29.379,33.424,32.643,1,,1.79,3,2,False,False,Clean Air
Singapore,Street,34,VER,Max Verstappen,Red Bull,95.405,29.316,32.099,33.991,1,,1.75,4,2,False,False,Clean Air
Singapore,Street,35,VER,Max Verstappen,Red Bull,95.275,30.734,34.697,29.843,1,,5.04,5,2,False,False,Clean Air
Singapore,Street,36,VER,Max Verstappen,Red Bull,95.349,29.189,31.954,34.207,1,,2.03,6,2,False,False,Clean Air
Singapore,Street,37,VER,Max Verstappen,Red Bull,95.879,29.212,35.181,31.486,1,,0.67,7,2,False,False,Battle Defensive
Singapore,Street,38,VER,Max Verstappen,Red Bull,95.499,28.714,35.093,31.692,1,,7.19,8,2,False,False,Clean Air
Singapore,Street,39,VER,Max Verstappen,Red Bull,95.412,29.557,34.289,31.566,1,,1.05,9,2,False,False,Battle Defensive
Singapore,Street,40,VER,Max Verstappen,Red Bull,95.613,29.785,33.644,32.184,1,,2.8,10,2,False,False,Clean Air
Singapore,Street,41,VER,Max Verstappen,Red Bull,95.634,32.413,35.367,27.854,1,,0.32,11,2,False,False,Battle Defensive
Singapore,Street,42,VER,Max Verstappen,Red Bull,95.91,32.437,35.07,28.403,1,,0.4,12,2,False,False,Battle Defensive
Singapore,Street,43,VER,Max Verstappen,Red Bull,95.516,31.611,32.505,31.399,1,,0.85,13,2,False,False,Battle Defensive
Singapore,Street,44,VER,Max Verstappen,Red Bull,95.635,30.404,32.674,32.558,1,,4.89,14,2,False,False,Clean Air
Singapore,Street,45,VER,Max Verstappen,Red Bull,95.876,32.458,34.936,28.481,1,,3.64,15,2,False,False,Clean Air
Singapore,Street,46,VER,Max Verstappen,Red Bull,95.577,30.938,35.183,29.457,1,,1.85,16,2,False,False,Clean Air
Singapore,Street,47,VER,Max Verstappen,Red Bull,96.031,32.6,32.976,30.455,1,,0.21,17,2,False,False,Battle Defensive
Singapore,Street,48,VER,Max Verstappen,Red Bull,95.751,29.262,32.623,33.866,1,,3.89,18,2,False,False,Clean Air
Singapore,Street,49,VER,Max Verstappen,Red Bull,95.851,29.703,34.618,31.529,1,,1.37,19,2,False,False,Battle Defensive
Singapore,Street,50,VER,Max Verstappen,Red Bull,95.919,29.123,34.488,32.307,1,,2.82,20,2,False,False,Clean Air
Singapore,Street,51,VER,Max Verstappen,Red Bull,95.779,30.93,34.525,30.324,1,,3.15,21,2,False,False,Clean Air
Singapore,Street,52,VER,Max Verstappen,Red Bull,96.042,29.867,32.282,33.893,1,,2.54,22,2,False,False,Clean Air
Singapore,Street,53,VER,Max Verstappen,Red Bull,95.913,29.445,31.698,34.771,1,,2.5,23,2,False,False,Clean Air
Singapore,Street,54,VER,Max Verstappen,Red Bull,96.021,30.02,33.33,32.671,1,,1.9,24,2,False,False,Clean Air
Singapore,Street,55,VER,Max Verstappen,Red Bull,96.097,32.161,33.02,30.915,2,3.63,0.5,25,2,False,False,Battle Defensive
Singapore,Street,56,VER,Max Verstappen,Red Bull,95.942,30.206,33.79,31.946,1,,3.21,26,2,False,False,Clean Air
Singapore,Street,57,VER,Max Verstappen,Red Bull,96.5,31.857,33.929,30.714,1,,0.69,27,2,False,False,Battle Defensive
Singapore,Street,58,VER,Max Verstappen,Red Bull,96.176,31.898,34.645,29.633,1,,2.38,28,2,False,False,Clean Air
Singapore,Street,59,VER,Max Verstappen,Red Bull,95.885,31.772,32.369,31.743,1,,2.47,29,2,False,False,Clean Air
Singapore,Street,60,VER,Max Verstappen,Red Bull,96.248,32.354,34.729,29.165,1,,0.1,30,2,False,False,Battle Defensive
Singapore,Street,61,VER,Max Verstappen,Red Bull,96.35,30.743,32.918,32.69,1,,2.54,31,2,False,False,Clean Air
Singapore,Street,62,VER,Max Verstappen,Red Bull,96.346,31.021,33.855,31.469,1,,7.58,32,2,False,False,Clean Air
Singapore,Street,1,NOR,Lando Norris,McLaren,95.913,30.294,33.979,31.64,2,1.7,0.11,1,1,False,False,Battle Defensive
Singapore,Street,2,NOR,Lando Norris,McLaren,95.609,32.159,34.496,28.954,2,2.01,1.44,2,1,False,False,Battle Defensive
Singapore,Street,3,NOR,Lando Norris,McLaren,95.363,30.286,32.555,32.522,2,4.51,2.23,3,1,False,False,Clean Air
Singapore,Street,4,NOR,Lando Norris,McLaren,96.042,29.996,33.464,32.582,2,0.54,2.22,4,1,False,False,Battle Offensive
Singapore,Street,5,NOR,Lando Norris,McLaren,95.308,30.305,34.211,30.792,2,2.85,8.26,5,1,False,False,DRS Train
Singapore,Street,6,NOR,Lando Norris,McLaren,95.725,28.87,35.013,31.842,2,4.18,1.56,6,1,False,False,Clean Air
Singapore,Street,7,NOR,Lando Norris,McLaren,95.679,30.67,31.911,33.098,2,13.91,1.07,7,1,False,False,Battle Defensive
Singapore,Street,8,NOR,Lando Norris,McLaren,96.029,30.977,34.133,30.919,2,1.09,2.76,8,1,False,False,Battle Offensive
Singapore,Street,9,NOR,Lando Norris,McLaren,95.702,30.822,33.709,31.171,2,2.88,3.33,9,1,False,False,DRS Train
Singapore,Street,10,NOR,Lando Norris,McLaren,95.554,30.134,33.721,31.698,2,3.2,6.35,10,1,False,False,Clean Air
Singapore,Street,11,NOR,Lando Norris,McLaren,96.236,29.867,31.771,34.599,2,21.4,0.34,11,1,False,False,Battle Defensive
Singapore,Street,12,NOR,Lando Norris,McLaren,96.361,31.001,35.58,29.78,2,0.28,0.88,12,1,False,False,Battle Offensive
Singapore,Street,13,NOR,Lando Norris,McLaren,95.718,30.726,34.165,30.828,2,0.1,1.67,13,1,False,False,Battle Offensive
Singapore,Street,14,NOR,Lando Norris,McLaren,95.914,29.249,33.25,33.416,2,4.05,6.67,14,1,False,False,Clean Air
Singapore,Street,15,NOR,Lando Norris,McLaren,96.076,32.646,31.884,31.546,2,1.75,0.58,15,1,False,False,Battle Defensive
Singapore,Street,16,NOR,Lando Norris,McLaren,96.394,31.742,33.443,31.209,2,0.34,1.46,16,1,False,False,Battle Offensive
Singapore,Street,17,NOR,Lando Norris,McLaren,96.067,30.536,34.593,30.937,2,2.51,0.19,17,1,False,False,Battle Defensive
Singapore,Street,18,NOR,Lando Norris,McLaren,96.666,31.305,35.015,30.346,2,1.23,2.72,18,1,False,False,Battle Offensive
Singapore,Street,19,NOR,Lando Norris,McLaren,96.031,29.17,34.35,32.511,2,2.53,0.43,19,1,False,False,Battle Defensive
Singapore,Street,20,NOR,Lando Norris,McLaren,96.4,28.951,32.183,35.266,2,2.26,2.23,20,1,False,False,DRS Train
Singapore,Street,21,NOR,Lando Norris,McLaren,96.328,28.9,34.842,32.586,2,0.29,1.0,21,1,False,False,Battle Offensive
Singapore,Street,22,NOR,Lando Norris,McLaren,117.694,38.741,40.577,38.376,2,0.95,2.1,1,2,True,False,Battle Offensive
Singapore,Street,23,NOR,Lando Norris,McLaren,95.451,29.521,35.01,30.92,2,3.59,1.51,2,2,False,False,Clean Air
Singapore,Street,24,NOR,Lando Norris,McLaren,95.158,30.976,34.785,29.398,2,4.88,4.48,3,2,False,False,Clean Air
Singapore,Street,25,NOR,Lando Norris,McLaren,95.398,28.657,33.751,32.991,2,0.69,4.53,4,2,False,False,Battle Offensive
Singapore,Street,26,NOR,Lando Norris,McLaren,96.007,29.999,35.354,30.653,2,2.69,0.72,5,2,False,False,Battle Defensive
Singapore,Street,27,NOR,Lando Norris,McLaren,96.225,30.493,33.817,31.915,2,10.22,1.23,6,2,False,False,Battle Defensive
Singapore,Street,28,NOR,Lando Norris,McLaren,95.484,31.204,33.855,30.425,2,0.69,1.57,7,2,False,False,Battle Offensive
Singapore,Street,29,NOR,Lando Norris,McLaren,96.065,30.333,34.304,31.428,2,2.13,2.02,8,2,False,False,DRS Train
Singapore,Street,30,NOR,Lando Norris,McLaren,96.075,31.638,34.506,29.93,2,3.88,0.85,9,2,False,False,Battle Defensive
Singapore,Street,31,NOR,Lando Norris,McLaren,95.951,31.873,32.628,31.45,2,2.75,0.23,10,2,False,False,Battle Defensive
Singapore,Street,32,NOR,Lando Norris,McLaren,96.053,31.486,33.216,31.351,2,0.25,0.64,11,2,False,False,Battle Offensive
Singapore,Street,33,NOR,Lando Norris,McLaren,95.735,29.16,32.354,34.221,2,8.96,1.84,12,2,False,False,Clean Air
Singapore,Street,34,NOR,Lando Norris,McLaren,95.545,28.669,31.736,35.14,2,0.5,0.81,13,2,False,False,Battle Offensive
Singapore,Street,35,NOR,Lando Norris,McLaren,95.968,30.634,33.521,31.812,2,1.45,0.16,14,2,False,False,Battle Offensive
Singapore,Street,36,NOR,Lando Norris,McLaren,95.966,29.637,34.454,31.875,2,0.43,0.48,15,2,False,False,Battle Offensive
Singapore,Street,37,NOR,Lando Norris,McLaren,95.959,28.96,33.301,33.698,2,0.1,3.23,16,2,False,False,Battle Offensive
Singapore,Street,38,NOR,Lando Norris,McLaren,96.386,29.348,32.701,34.337,2,1.61,0.38,17,2,False,False,Battle Defensive
Singapore,Street,39,NOR,Lando Norris,McLaren,117.655,35.774,38.985,42.897,2,13.67,0.1,1,3,True,False,Battle Defensive
Singapore,Street,40,NOR,Lando Norris,McLaren,95.388,29.091,32.179,34.118,2,12.44,2.23,2,3,False,False,Clean Air
Singapore,Street,41,NOR,Lando Norris,McLaren,95.705,29.825,32.856,33.025,2,2.72,2.14,3,3,False,False,DRS Train
Singapore,Street,42,NOR,Lando Norris,McLaren,95.783,29.23,33.157,33.395,2,1.99,1.2,4,3,False,False,Battle Defensive
Singapore,Street,43,NOR,Lando Norris,McLaren,95.465,29.838,34.052,31.575,2,0.4,1.35,5,3,False,False,Battle Offensive
Singapore,Street,44,NOR,Lando Norris,McLaren,95.746,31.798,33.03,30.918,2,0.52,7.58,6,3,False,False,Battle Offensive
Singapore,Street,45,NOR,Lando Norris,McLaren,95.61,30.404,32.535,32.67,2,10.58,3.23,7,3,False,False,Clean Air
Singapore,Street,46,NOR,Lando Norris,McLaren,96.053,31.198,35.235,29.619,2,3.93,1.16,8,3,False,False,Battle Defensive
Singapore,Street,47,NOR,Lando Norris,McLaren,95.999,29.1,33.422,33.477,2,0.67,9.56,9,3,False,False,Battle Offensive
Singapore,Street,48,NOR,Lando Norris,McLaren,96.414,31.531,33.443,31.439,2,0.72,2.14,10,3,False,False,Battle Offensive
Singapore,Street,49,NOR,Lando Norris,McLaren,95.932,30.866,33.089,31.977,2,2.63,3.47,11,3,False,False,DRS Train
Singapore,Street,50,NOR,Lando Norris,McLaren,95.816,30.91,32.357,32.549,2,0.2,3.01,12,3,False,False,Battle Offensive
Singapore,Street,51,NOR,Lando Norris,McLaren,95.776,32.009,31.617,32.149,2,3.08,0.82,13,3,False,False,Battle Defensive
Singapore,Street,52,NOR,Lando Norris,McLaren,96.329,31.622,33.224,31.483,2,6.38,0.57,14,3,False,False,Battle Defensive
Singapore,Street,53,NOR,Lando Norris,McLaren,95.683,30.644,34.264,30.775,2,0.1,1.31,15,3,False,False,Battle Offensive
Singapore,Street,54,NOR,Lando Norris,McLaren,96.108,29.699,34.643,31.766,2,0.62,2.51,16,3,False,False,Battle Offensive
Singapore,Street,55,NOR,Lando Norris,McLaren,96.283,31.795,33.509,30.979,2,1.87,0.88,17,3,False,False,Battle Defensive
Singapore,Street,56,NOR,Lando Norris,McLaren,96.114,32.278,32.643,31.193,1,,4.19,18,3,False,False,Clean Air
Singapore,Street,57,NOR,Lando Norris,McLaren,96.949,29.326,34.265,33.358,2,1.24,3.86,19,3,False,False,Battle Offensive
Singapore,Street,58,NOR,Lando Norris,McLaren,96.02,29.372,32.159,34.489,2,0.89,1.7,20,3,False,False,Battle Offensive
Singapore,Street,59,NOR,Lando Norris,McLaren,96.218,31.843,32.641,31.734,2,0.1,3.27,21,3,False,False,Battle Offensive
Singapore,Street,60,NOR,Lando Norris,McLaren,96.323,30.83,32.305,33.188,2,0.55,0.85,22,3,False,False,Battle Offensive
Singapore,Street,61,NOR,Lando Norris,McLaren,96.027,31.407,32.867,31.753,3,0.19,4.22,23,3,False,False,Battle Offensive
Singapore,Street,62,NOR,Lando Norris,McLaren,96.571,29.73,32.475,34.367,2,4.96,1.07,24,3,False,False,Battle Defensive
Singapore,Street,1,LEC,Charles Leclerc,Ferrari,95.749,31.381,33.514,30.854,7,7.46,7.16,1,1,False,False,Clean Air
Singapore,Street,2,LEC,Charles Leclerc,Ferrari,95.776,29.185,35.016,31.574,7,0.21,1.16,2,1,False,False,Battle Offensive
Singapore,Street,3,LEC,Charles Leclerc,Ferrari,95.765,29.637,34.666,31.462,7,1.52,0.12,3,1,False,False,Battle Defensive
Singapore,Street,4,LEC,Charles Leclerc,Ferrari,95.474,29.428,32.354,33.692,7,1.12,2.22,4,1,False,False,Battle Offensive
Singapore,Street,5,LEC,Charles Leclerc,Ferrari,95.701,31.826,32.899,30.976,7,1.2,1.91,5,1,False,False,Battle Offensive
Singapore,Street,6,LEC,Charles Leclerc,Ferrari,95.274,28.662,31.53,35.081,7,0.1,0.83,6,1,False,False,Battle Offensive
Singapore,Street,7,LEC,Charles Leclerc,Ferrari,95.698,32.444,32.078,31.177,7,2.57,1.03,7,1,False,False,Battle Defensive
Singapore,Street,8,LEC,Charles Leclerc,Ferrari,95.534,31.786,32.448,31.3,7,0.1,2.76,8,1,False,False,Battle Offensive
Singapore,Street,9,LEC,Charles Leclerc,Ferrari,95.661,29.32,33.386,32.954,8,4.93,5.0,9,1,False,False,Clean Air
Singapore,Street,10,LEC,Charles Leclerc,Ferrari,95.478,29.074,35.114,31.29,7,0.75,0.13,10,1,False,False,Battle Offensive
Singapore,Street,11,LEC,Charles Leclerc,Ferrari,95.879,29.771,32.189,33.918,7,4.18,6.58,11,1,False,False,Clean Air
Singapore,Street,12,LEC,Charles Leclerc,Ferrari,96.2,30.528,33.157,32.515,7,0.48,3.78,12,1,False,False,Battle Offensive
Singapore,Street,13,LEC,Charles Leclerc,Ferrari,96.292,32.097,31.9,32.295,7,0.22,1.11,13,1,False,False,Battle Offensive
Singapore,Street,14,LEC,Charles Leclerc,Ferrari,96.206,31.576,34.195,30.435,7,1.13,2.57,14,1,False,False,Battle Offensive
Singapore,Street,15,LEC,Charles Leclerc,Ferrari,96.664,29.275,33.802,33.588,7,1.82,2.31,15,1,False,False,DRS Train
Singapore,Street,16,LEC,Charles Leclerc,Ferrari,96.305,29.462,33.799,33.045,7,1.82,3.16,16,1,False,False,DRS Train
Singapore,Street,17,LEC,Charles Leclerc,Ferrari,96.063,29.877,34.4,31.786,7,2.24,0.32,17,1,False,False,Battle Defensive
Singapore,Street,18,LEC,Charles Leclerc,Ferrari,95.76,29.706,33.89,32.164,7,6.61,4.36,18,1,False,False,Clean Air
Singapore,Street,19,LEC,Charles Leclerc,Ferrari,95.999,32.293,35.368,28.338,7,1.98,2.06,19,1,False,False,DRS Train
Singapore,Street,20,LEC,Charles Leclerc,Ferrari,96.123,30.694,33.693,31.736,7,0.47,0.83,20,1,False,False,Battle Offensive
Singapore,Street,21,LEC,Charles Leclerc,Ferrari,96.445,29.345,32.158,34.941,7,0.16,2.44,21,1,False,False,Battle Offensive
Singapore,Street,22,LEC,Charles Leclerc,Ferrari,96.335,32.059,33.552,30.724,7,0.83,3.49,22,1,False,False,Battle Offensive
Singapore,Street,23,LEC,Charles Leclerc,Ferrari,96.124,30.368,33.667,32.089,7,4.16,0.17,23,1,False,False,Battle Defensive
Singapore,Street,24,LEC,Charles Leclerc,Ferrari,96.332,29.575,32.664,34.092,7,1.22,1.33,24,1,False,False,Battle Offensive
Singapore,Street,25,LEC,Charles Leclerc,Ferrari,96.328,32.736,31.867,31.726,7,3.2,0.75,25,1,False,False,Battle Defensive
Singapore,Street,26,LEC,Charles Leclerc,Ferrari,96.014,30.251,34.932,30.831,7,4.73,2.98,26,1,False,False,Clean Air
Singapore,Street,27,LEC,Charles Leclerc,Ferrari,117.5,38.923,40.605,37.973,7,3.12,2.77,1,2,True,False,Clean Air
Singapore,Street,28,LEC,Charles Leclerc,Ferrari,95.589,30.939,32.782,31.868,7,3.61,0.32,2,2,False,False,Battle Defensive
Singapore,Street,29,LEC,Charles Leclerc,Ferrari,96.429,29.035,35.438,31.956,7,6.59,0.22,3,2,False,False,Battle Defensive
Singapore,Street,30,LEC,Charles Leclerc,Ferrari,95.628,30.198,33.396,32.034,7,3.69,3.61,4,2,False,False,Clean Air
Singapore,Street,31,LEC,Charles Leclerc,Ferrari,95.392,31.742,33.949,29.701,7,3.75,3.66,5,2,False,False,Clean Air
Singapore,Street,32,LEC,Charles Leclerc,Ferrari,95.655,31.98,32.164,31.512,7,0.63,1.64,6,2,False,False,Battle Offensive
Singapore,Street,33,LEC,Charles Leclerc,Ferrari,95.772,30.952,32.93,31.891,7,2.36,0.44,7,2,False,False,Battle Defensive
Singapore,Street,34,LEC,Charles Leclerc,Ferrari,95.635,30.847,31.987,32.801,7,4.78,0.5,8,2,False,False,Battle Defensive
Singapore,Street,35,LEC,Charles Leclerc,Ferrari,95.831,32.574,32.291,30.966,7,0.19,3.4,9,2,False,False,Battle Offensive
Singapore,Street,36,LEC,Charles Leclerc,Ferrari,96.579,31.148,33.013,32.419,7,0.76,5.72,10,2,False,False,Battle Offensive
Singapore,Street,37,LEC,Charles Leclerc,Ferrari,96.072,32.571,32.495,31.005,7,2.57,6.71,11,2,False,False,DRS Train
Singapore,Street,38,LEC,Charles Leclerc,Ferrari,95.641,28.909,32.066,34.666,8,0.38,0.44,12,2,False,False,Battle Offensive
Singapore,Street,39,LEC,Charles Leclerc,Ferrari,96.041,32.198,35.502,28.341,7,7.1,1.38,13,2,False,False,Battle Defensive
Singapore,Street,40,LEC,Charles Leclerc,Ferrari,95.929,29.151,32.189,34.589,8,6.75,2.28,14,2,False,False,Clean Air
Singapore,Street,41,LEC,Charles Leclerc,Ferrari,96.079,30.562,31.888,33.629,7,0.53,1.13,15,2,False,False,Battle Offensive
Singapore,Street,42,LEC,Charles Leclerc,Ferrari,96.34,31.033,33.731,31.577,7,0.26,3.84,16,2,False,False,Battle Offensive
Singapore,Street,43,LEC,Charles Leclerc,Ferrari,95.978,31.407,34.341,30.23,8,0.14,3.32,17,2,False,False,Battle Offensive
Singapore,Street,44,LEC,Charles Leclerc,Ferrari,96.394,29.575,35.174,31.645,7,1.52,0.5,18,2,False,False,Battle Defensive
Singapore,Street,45,LEC,Charles Leclerc,Ferrari,96.264,32.132,35.604,28.527,7,4.82,4.52,19,2,False,False,Clean Air
Singapore,Street,46,LEC,Charles Leclerc,Ferrari,95.935,30.679,34.749,30.506,7,7.9,1.21,20,2,False,False,Battle Defensive
Singapore,Street,47,LEC,Charles Leclerc,Ferrari,96.461,32.006,35.263,29.192,7,1.19,0.71,21,2,False,False,Battle Offensive
Singapore,Street,48,LEC,Charles Leclerc,Ferrari,96.01,29.624,32.406,33.981,7,1.62,6.57,22,2,False,False,DRS Train
Singapore,Street,49,LEC,Charles Leclerc,Ferrari,95.975,29.858,33.039,33.078,7,2.99,2.09,23,2,False,False,DRS Train
Singapore,Street,50,LEC,Charles Leclerc,Ferrari,96.105,29.909,31.884,34.312,7,3.85,11.32,24,2,False,False,Clean Air
Singapore,Street,51,LEC,Charles Leclerc,Ferrari,96.467,30.353,33.033,33.081,7,0.62,5.8,25,2,False,False,Battle Offensive
Singapore,Street,52,LEC,Charles Leclerc,Ferrari,96.376,29.912,33.245,33.219,7,2.04,1.39,26,2,False,False,Battle Defensive
Singapore,Street,53,LEC,Charles Leclerc,Ferrari,96.746,32.336,35.165,29.245,7,0.41,2.24,27,2,False,False,Battle Offensive
Singapore,Street,54,LEC,Charles Leclerc,Ferrari,96.42,30.898,35.049,30.472,8,3.74,0.24,28,2,False,False,Battle Defensive
Singapore,Street,55,LEC,Charles Leclerc,Ferrari,96.66,31.422,35.674,29.565,7,0.66,3.28,29,2,False,False,Battle Offensive
Singapore,Street,56,LEC,Charles Leclerc,Ferrari,96.71,32.797,34.961,28.952,7,1.1,2.43,30,2,False,False,Battle Offensive
Singapore,Street,57,LEC,Charles Leclerc,Ferrari,95.972,30.052,34.867,31.053,7,2.39,1.49,31,2,False,False,Battle Defensive
Singapore,Street,58,LEC,Charles Leclerc,Ferrari,96.086,32.06,35.54,28.486,7,2.15,2.63,32,2,False,False,DRS Train
Singapore,Street,59,LEC,Charles Leclerc,Ferrari,96.259,32.59,32.783,30.886,7,3.96,0.1,33,2,False,False,Battle Defensive
Singapore,Street,60,LEC,Charles Leclerc,Ferrari,96.816,30.177,32.989,33.65,7,1.83,1.0,34,2,False,False,Battle Defensive
Singapore,Street,61,LEC,Charles Leclerc,Ferrari,96.281,32.56,35.094,28.628,8,1.67,1.61,35,2,False,False,DRS Train
Singapore,Street,62,LEC,Charles Leclerc,Ferrari,96.881,29.922,33.436,33.523,7,0.52,4.14,36,2,False,False,Battle Offensive
Singapore,Street,1,SAI,Carlos Sainz,Ferrari,95.44,28.852,33.817,32.771,6,4.8,5.55,1,1,False,False,Clean Air
Singapore,Street,2,SAI,Carlos Sainz,Ferrari,96.188,31.448,33.078,31.662,6,0.59,4.75,2,1,False,False,Battle Offensive
Singapore,Street,3,SAI,Carlos Sainz,Ferrari,95.728,30.097,35.204,30.427,6,3.41,3.75,3,1,False,False,Clean Air
Singapore,Street,4,SAI,Carlos Sainz,Ferrari,96.116,32.425,31.795,31.896,6,4.88,0.33,4,1,False,False,Battle Defensive
Singapore,Street,5,SAI,Carlos Sainz,Ferrari,95.73,30.751,35.028,29.952,6,6.65,2.47,5,1,False,False,Clean Air
Singapore,Street,6,SAI,Carlos Sainz,Ferrari,96.208,30.58,32.443,33.185,6,1.77,1.6,6,1,False,False,DRS Train
Singapore,Street,7,SAI,Carlos Sainz,Ferrari,95.489,28.969,34.355,32.165,6,1.28,2.25,7,1,False,False,Battle Offensive
Singapore,Street,8,SAI,Carlos Sainz,Ferrari,95.696,31.841,33.805,30.05,6,1.88,1.46,8,1,False,False,Battle Defensive
Singapore,Street,9,SAI,Carlos Sainz,Ferrari,95.697,29.805,35.077,30.815,6,9.76,1.97,9,1,False,False,Clean Air
Singapore,Street,10,SAI,Carlos Sainz,Ferrari,95.517,28.844,35.061,31.613,6,0.4,0.43,10,1,False,False,Battle Offensive
Singapore,Street,11,SAI,Carlos Sainz,Ferrari,96.112,32.624,33.006,30.481,6,0.14,3.16,11,1,False,False,Battle Offensive
Singapore,Street,12,SAI,Carlos Sainz,Ferrari,95.754,30.533,32.75,32.471,6,0.33,3.09,12,1,False,False,Battle Offensive
Singapore,Street,13,SAI,Carlos Sainz,Ferrari,95.719,29.767,32.501,33.451,6,0.75,3.4,13,1,False,False,Battle Offensive
Singapore,Street,14,SAI,Carlos Sainz,Ferrari,95.994,31.979,32.496,31.519,6,3.89,1.98,14,1,False,False,Clean Air
Singapore,Street,15,SAI,Carlos Sainz,Ferrari,96.319,32.425,34.729,29.165,6,0.2,3.49,15,1,False,False,Battle Offensive
Singapore,Street,16,SAI,Carlos Sainz,Ferrari,117.312,36.212,40.586,40.514,6,0.92,0.68,1,2,True,False,Battle Offensive
Singapore,Street,17,SAI,Carlos Sainz,Ferrari,95.761,30.536,34.477,30.748,6,0.63,0.77,2,2,False,False,Battle Offensive
Singapore,Street,18,SAI,Carlos Sainz,Ferrari,95.736,29.63,31.708,34.398,6,10.88,0.32,3,2,False,False,Battle Defensive
Singapore,Street,19,SAI,Carlos Sainz,Ferrari,96.115,30.727,32.756,32.633,6,1.41,8.97,4,2,False,False,Battle Offensive
Singapore,Street,20,SAI,Carlos Sainz,Ferrari,95.776,29.666,32.903,33.207,6,0.28,4.9,5,2,False,False,Battle Offensive
Singapore,Street,21,SAI,Carlos Sainz,Ferrari,95.934,30.761,33.849,31.324,6,1.69,2.37,6,2,False,False,DRS Train
Singapore,Street,22,SAI,Carlos Sainz,Ferrari,96.299,30.803,34.668,30.827,6,2.74,1.73,7,2,False,False,DRS Train
Singapore,Street,23,SAI,Carlos Sainz,Ferrari,96.466,32.377,34.809,29.28,6,0.74,4.23,8,2,False,False,Battle Offensive
Singapore,Street,24,SAI,Carlos Sainz,Ferrari,95.65,31.939,34.772,28.939,6,5.4,0.1,9,2,False,False,Battle Defensive
Singapore,Street,25,SAI,Carlos Sainz,Ferrari,95.795,31.14,34.713,29.942,6,4.5,1.95,10,2,False,False,Clean Air
Singapore,Street,26,SAI,Carlos Sainz,Ferrari,95.941,29.998,32.586,33.357,6,4.9,0.3,11,2,False,False,Battle Defensive
Singapore,Street,27,SAI,Carlos Sainz,Ferrari,96.024,28.977,32.145,34.902,6,3.38,9.06,12,2,False,False,Clean Air
Singapore,Street,28,SAI,Carlos Sainz,Ferrari,96.01,28.807,34.109,33.093,6,1.81,19.62,13,2,False,False,DRS Train
Singapore,Street,29,SAI,Carlos Sainz,Ferrari,95.826,29.223,31.951,34.652,5,4.42,0.21,14,2,False,False,Battle Defensive
Singapore,Street,30,SAI,Carlos Sainz,Ferrari,96.293,30.853,34.5,30.94,5,0.49,0.69,15,2,False,False,Battle Offensive
Singapore,Street,31,SAI,Carlos Sainz,Ferrari,96.723,30.549,34.172,32.002,6,1.04,1.01,16,2,False,False,Battle Offensive
Singapore,Street,32,SAI,Carlos Sainz,Ferrari,96.288,31.332,31.781,33.176,6,1.66,0.8,17,2,False,False,Battle Defensive
Singapore,Street,33,SAI,Carlos Sainz,Ferrari,95.849,30.534,35.276,30.039,6,3.06,3.01,18,2,False,False,Clean Air
Singapore,Street,34,SAI,Carlos Sainz,Ferrari,95.872,31.838,33.609,30.425,6,1.36,1.45,19,2,False,False,Battle Offensive
Singapore,Street,35,SAI,Carlos Sainz,Ferrari,96.28,32.112,34.466,29.702,6,0.72,1.87,20,2,False,False,Battle Offensive
Singapore,Street,36,SAI,Carlos Sainz,Ferrari,96.088,31.268,34.488,30.333,6,12.42,5.05,21,2,False,False,Clean Air
Singapore,Street,37,SAI,Carlos Sainz,Ferrari,117.677,38.254,41.252,38.171,5,2.95,9.04,1,3,True,False,DRS Train
Singapore,Street,38,SAI,Carlos Sainz,Ferrari,96.346,32.265,33.33,30.751,6,0.1,1.33,2,3,False,False,Battle Offensive
Singapore,Street,39,SAI,Carlos Sainz,Ferrari,95.878,29.912,32.165,33.801,6,1.12,2.82,3,3,False,False,Battle Offensive
Singapore,Street,40,SAI,Carlos Sainz,Ferrari,95.188,28.819,34.204,32.165,6,0.46,6.82,4,3,False,False,Battle Offensive
Singapore,Street,41,SAI,Carlos Sainz,Ferrari,96.193,32.572,34.238,29.383,6,2.94,1.14,5,3,False,False,Battle Defensive
Singapore,Street,42,SAI,Carlos Sainz,Ferrari,95.97,31.74,34.138,30.092,6,0.81,0.79,6,3,False,False,Battle Offensive
Singapore,Street,43,SAI,Carlos Sainz,Ferrari,96.458,30.804,33.787,31.867,6,0.1,1.68,7,3,False,False,Battle Offensive
Singapore,Street,44,SAI,Carlos Sainz,Ferrari,95.955,30.648,34.206,31.102,6,2.71,4.22,8,3,False,False,DRS Train
Singapore,Street,45,SAI,Carlos Sainz,Ferrari,96.056,30.614,34.972,30.471,6,0.1,1.24,9,3,False,False,Battle Offensive
Singapore,Street,46,SAI,Carlos Sainz,Ferrari,95.529,28.82,35.329,31.379,6,5.16,1.1,10,3,False,False,Battle Defensive
Singapore,Street,47,SAI,Carlos Sainz,Ferrari,95.571,30.69,31.559,33.322,6,3.51,0.88,11,3,False,False,Battle Defensive
Singapore,Street,48,SAI,Carlos Sainz,Ferrari,95.588,29.358,34.22,32.01,6,3.09,1.55,12,3,False,False,Clean Air
Singapore,Street,49,SAI,Carlos Sainz,Ferrari,95.927,31.249,33.596,31.082,6,0.59,3.79,13,3,False,False,Battle Offensive
Singapore,Street,50,SAI,Carlos Sainz,Ferrari,96.2,32.199,34.734,29.267,6,2.31,2.54,14,3,False,False,DRS Train
Singapore,Street,51,SAI,Carlos Sainz,Ferrari,95.833,30.135,32.537,33.161,6,0.69,0.97,15,3,False,False,Battle Offensive
Singapore,Street,52,SAI,Carlos Sainz,Ferrari,96.396,32.333,32.886,31.177,6,3.55,0.1,16,3,False,False,Battle Defensive
Singapore,Street,53,SAI,Carlos Sainz,Ferrari,96.282,32.586,32.278,31.418,6,0.32,0.8,17,3,False,False,Battle Offensive
Singapore,Street,54,SAI,Carlos Sainz,Ferrari,96.11,30.028,32.292,33.789,6,2.09,0.25,18,3,False,False,Battle Defensive
Singapore,Street,55,SAI,Carlos Sainz,Ferrari,95.819,31.265,31.836,32.717,6,9.52,0.1,19,3,False,False,Battle Defensive
Singapore,Street,56,SAI,Carlos Sainz,Ferrari,96.076,29.765,32.353,33.958,6,1.51,0.64,20,3,False,False,Battle Defensive
Singapore,Street,57,SAI,Carlos Sainz,Ferrari,96.142,29.712,33.493,32.936,6,3.26,0.38,21,3,False,False,Battle Defensive
Singapore,Street,58,SAI,Carlos Sainz,Ferrari,96.515,30.355,34.372,31.788,6,1.05,0.59,22,3,False,False,Battle Offensive
Singapore,Street,59,SAI,Carlos Sainz,Ferrari,96.403,31.001,32.215,33.187,6,2.53,3.86,23,3,False,False,DRS Train
Singapore,Street,60,SAI,Carlos Sainz,Ferrari,96.083,31.163,33.118,31.802,6,5.16,2.02,24,3,False,False,Clean Air
Singapore,Street,61,SAI,Carlos Sainz,Ferrari,96.369,30.638,34.986,30.744,6,0.28,0.76,25,3,False,False,Battle Offensive
Singapore,Street,62,SAI,Carlos Sainz,Ferrari,96.754,32.114,33.048,31.593,6,0.78,0.9,26,3,False,False,Battle Offensive
Singapore,Street,1,HAM,Lewis Hamilton,Mercedes,96.1,29.092,35.194,31.814,5,3.73,0.92,1,1,False,False,Battle Defensive
Singapore,Street,2,HAM,Lewis Hamilton,Mercedes,95.84,29.639,34.306,31.895,4,3.26,3.67,2,1,False,False,Clean Air
Singapore,Street,3,HAM,Lewis Hamilton,Mercedes,95.771,32.137,32.085,31.549,4,0.17,1.73,3,1,False,False,Battle Offensive
Singapore,Street,4,HAM,Lewis Hamilton,Mercedes,95.339,31.042,32.629,31.668,3,0.98,1.64,4,1,False,False,Battle Offensive
Singapore,Street,5,HAM,Lewis Hamilton,Mercedes,95.523,28.685,32.658,34.18,4,1.33,1.48,5,1,False,False,Battle Offensive
Singapore,Street,6,HAM,Lewis Hamilton,Mercedes,95.764,31.77,32.093,31.901,4,4.09,1.93,6,1,False,False,Clean Air
Singapore,Street,7,HAM,Lewis Hamilton,Mercedes,95.886,30.144,32.646,33.097,4,2.6,2.53,7,1,False,False,DRS Train
Singapore,Street,8,HAM,Lewis Hamilton,Mercedes,96.108,31.273,33.36,31.476,4,0.29,0.8,8,1,False,False,Battle Offensive
Singapore,Street,9,HAM,Lewis Hamilton,Mercedes,96.066,31.305,33.734,31.027,4,4.37,12.13,9,1,False,False,Clean Air
Singapore,Street,10,HAM,Lewis Hamilton,Mercedes,95.976,32.476,32.718,30.783,4,2.67,0.16,10,1,False,False,Battle Defensive
Singapore,Street,11,HAM,Lewis Hamilton,Mercedes,95.86,30.676,33.816,31.369,4,7.32,2.37,11,1,False,False,Clean Air
Singapore,Street,12,HAM,Lewis Hamilton,Mercedes,95.88,32.291,33.804,29.784,4,1.25,0.73,12,1,False,False,Battle Offensive
Singapore,Street,13,HAM,Lewis Hamilton,Mercedes,96.278,31.288,34.587,30.402,4,4.55,0.1,13,1,False,False,Battle Defensive
Singapore,Street,14,HAM,Lewis Hamilton,Mercedes,95.991,29.736,34.033,32.222,4,0.53,0.76,14,1,False,False,Battle Offensive
Singapore,Street,15,HAM,Lewis Hamilton,Mercedes,96.479,32.286,35.055,29.137,4,1.92,0.6,15,1,False,False,Battle Defensive
Singapore,Street,16,HAM,Lewis Hamilton,Mercedes,96.114,32.343,34.119,29.652,4,1.39,2.61,16,1,False,False,Battle Offensive
Singapore,Street,17,HAM,Lewis Hamilton,Mercedes,95.716,29.639,33.103,32.973,4,5.83,0.37,17,1,False,False,Battle Defensive
Singapore,Street,18,HAM,Lewis Hamilton,Mercedes,96.316,28.994,35.595,31.727,4,1.25,0.59,18,1,False,False,Battle Offensive
Singapore,Street,19,HAM,Lewis Hamilton,Mercedes,96.441,31.905,34.88,29.657,4,0.83,1.25,19,1,False,False,Battle Offensive
Singapore,Street,20,HAM,Lewis Hamilton,Mercedes,96.617,29.818,31.923,34.877,4,1.83,0.2,20,1,False,False,Battle Defensive
Singapore,Street,21,HAM,Lewis Hamilton,Mercedes,96.217,29.717,32.602,33.898,4,1.65,3.58,21,1,False,False,DRS Train
Singapore,Street,22,HAM,Lewis Hamilton,Mercedes,96.601,32.096,34.462,30.043,4,2.32,5.66,22,1,False,False,DRS Train
Singapore,Street,23,HAM,Lewis Hamilton,Mercedes,96.422,32.529,32.243,31.651,4,0.1,5.42,23,1,False,False,Battle Offensive
Singapore,Street,24,HAM,Lewis Hamilton,Mercedes,96.426,30.41,34.947,31.069,4,3.42,1.25,24,1,False,False,Battle Defensive
Singapore,Street,25,HAM,Lewis Hamilton,Mercedes,96.77,30.249,34.048,32.473,4,7.0,0.26,25,1,False,False,Battle Defensive
Singapore,Street,26,HAM,Lewis Hamilton,Mercedes,117.581,35.999,41.321,40.261,4,2.59,3.33,1,2,True,False,DRS Train
Singapore,Street,27,HAM,Lewis Hamilton,Mercedes,95.845,31.222,32.585,32.039,4,3.16,0.58,2,2,False,False,Battle Defensive
Singapore,Street,28,HAM,Lewis Hamilton,Mercedes,95.591,29.125,33.574,32.892,4,1.71,3.23,3,2,False,False,DRS Train
Singapore,Street,29,HAM,Lewis Hamilton,Mercedes,96.049,30.851,31.725,33.473,4,1.58,2.21,4,2,False,False,DRS Train
Singapore,Street,30,HAM,Lewis Hamilton,Mercedes,96.057,32.229,34.664,29.164,4,0.1,0.97,5,2,False,False,Battle Offensive
Singapore,Street,31,HAM,Lewis Hamilton,Mercedes,95.627,31.054,33.688,30.886,4,1.99,3.78,6,2,False,False,DRS Train
Singapore,Street,32,HAM,Lewis Hamilton,Mercedes,96.233,30.329,34.816,31.089,4,7.68,0.44,7,2,False,False,Battle Defensive
Singapore,Street,33,HAM,Lewis Hamilton,Mercedes,96.074,31.312,33.698,31.064,4,0.22,1.06,8,2,False,False,Battle Offensive
Singapore,Street,34,HAM,Lewis Hamilton,Mercedes,95.952,30.184,33.378,32.39,4,3.03,2.0,9,2,False,False,Clean Air
Singapore,Street,35,HAM,Lewis Hamilton,Mercedes,96.134,31.084,33.913,31.137,5,0.3,4.5,10,2,False,False,Battle Offensive
Singapore,Street,36,HAM,Lewis Hamilton,Mercedes,96.058,32.147,33.44,30.471,4,1.21,11.49,11,2,False,False,Battle Offensive
Singapore,Street,37,HAM,Lewis Hamilton,Mercedes,96.29,30.225,34.599,31.467,4,2.33,4.4,12,2,False,False,DRS Train
Singapore,Street,38,HAM,Lewis Hamilton,Mercedes,96.333,32.484,33.402,30.447,4,4.41,1.05,13,2,False,False,Battle Defensive
Singapore,Street,39,HAM,Lewis Hamilton,Mercedes,96.072,30.923,34.49,30.659,4,0.66,3.89,14,2,False,False,Battle Offensive
Singapore,Street,40,HAM,Lewis Hamilton,Mercedes,95.862,31.778,34.337,29.746,3,5.36,5.12,15,2,False,False,Clean Air
Singapore,Street,41,HAM,Lewis Hamilton,Mercedes,96.103,29.993,34.866,31.243,4,3.46,2.54,16,2,False,False,Clean Air
Singapore,Street,42,HAM,Lewis Hamilton,Mercedes,95.731,29.392,34.392,31.947,4,5.91,0.95,17,2,False,False,Battle Defensive
Singapore,Street,43,HAM,Lewis Hamilton,Mercedes,96.099,31.403,34.863,29.833,4,0.1,2.71,18,2,False,False,Battle Offensive
Singapore,Street,44,HAM,Lewis Hamilton,Mercedes,96.571,30.931,34.7,30.939,4,1.64,0.73,19,2,False,False,Battle Defensive
Singapore,Street,45,HAM,Lewis Hamilton,Mercedes,96.326,29.155,33.139,34.032,4,1.36,0.1,20,2,False,False,Battle Offensive
Singapore,Street,46,HAM,Lewis Hamilton,Mercedes,96.56,31.08,34.873,30.607,4,3.24,0.1,21,2,False,False,Battle Defensive
Singapore,Street,47,HAM,Lewis Hamilton,Mercedes,96.279,29.389,32.345,34.545,4,0.43,1.89,22,2,False,False,Battle Offensive
Singapore,Street,48,HAM,Lewis Hamilton,Mercedes,96.042,30.132,31.93,33.98,4,1.73,2.17,23,2,False,False,DRS Train
Singapore,Street,49,HAM,Lewis Hamilton,Mercedes,96.438,31.352,33.779,31.306,4,0.31,0.24,24,2,False,False,Battle Offensive
Singapore,Street,50,HAM,Lewis Hamilton,Mercedes,96.186,31.846,34.05,30.291,4,9.52,3.69,25,2,False,False,Clean Air
Singapore,Street,51,HAM,Lewis Hamilton,Mercedes,96.59,31.184,33.349,32.057,5,2.64,1.18,26,2,False,False,Battle Defensive
Singapore,Street,52,HAM,Lewis Hamilton,Mercedes,96.582,29.236,33.919,33.428,4,2.97,0.5,27,2,False,False,Battle Defensive
Singapore,Street,53,HAM,Lewis Hamilton,Mercedes,96.623,31.758,33.462,31.403,4,0.13,1.68,28,2,False,False,Battle Offensive
Singapore,Street,54,HAM,Lewis Hamilton,Mercedes,96.643,32.788,32.703,31.152,4,0.15,0.91,29,2,False,False,Battle Offensive
Singapore,Street,55,HAM,Lewis Hamilton,Mercedes,96.67,30.729,34.371,31.57,4,1.31,1.07,30,2,False,False,Battle Offensive
Singapore,Street,56,HAM,Lewis Hamilton,Mercedes,96.84,29.057,33.636,34.147,4,1.78,0.48,31,2,False,False,Battle Defensive
Singapore,Street,57,HAM,Lewis Hamilton,Mercedes,96.694,31.172,34.446,31.076,3,6.49,0.1,32,2,False,False,Battle Defensive
Singapore,Street,58,HAM,Lewis Hamilton,Mercedes,96.834,31.126,32.431,33.277,4,1.45,0.4,33,2,False,False,Battle Offensive
Singapore,Street,59,HAM,Lewis Hamilton,Mercedes,96.671,32.077,32.765,31.829,4,1.16,1.4,34,2,False,False,Battle Offensive
Singapore,Street,60,HAM,Lewis Hamilton,Mercedes,96.639,30.083,33.147,33.409,4,1.59,0.1,35,2,False,False,Battle Defensive
Singapore,Street,61,HAM,Lewis Hamilton,Mercedes,96.554,31.413,34.637,30.504,4,1.72,1.41,36,2,False,False,Battle Defensive
Singapore,Street,62,HAM,Lewis Hamilton,Mercedes,96.811,29.158,34.241,33.412,4,2.15,9.34,37,2,False,False,DRS Train
Singapore,Street,1,RUS,George Russell,Mercedes,96.073,29.922,33.523,32.628,5,0.24,3.44,1,1,False,False,Battle Offensive
Singapore,Street,2,RUS,George Russell,Mercedes,96.013,29.885,31.851,34.277,5,3.43,0.74,2,1,False,False,Battle Defensive
Singapore,Street,3,RUS,George Russell,Mercedes,95.625,29.033,34.421,32.171,5,1.77,1.2,3,1,False,False,Battle Defensive
Singapore,Street,4,RUS,George Russell,Mercedes,95.968,32.277,32.288,31.402,5,0.7,4.03,4,1,False,False,Battle Offensive
Singapore,Street,5,RUS,George Russell,Mercedes,96.211,30.669,35.216,30.326,5,0.51,6.96,5,1,False,False,Battle Offensive
Singapore,Street,6,RUS,George Russell,Mercedes,96.144,32.149,35.34,28.655,5,2.27,0.77,6,1,False,False,Battle Defensive
Singapore,Street,7,RUS,George Russell,Mercedes,95.43,31.128,32.008,32.294,5,0.18,3.24,7,1,False,False,Battle Offensive
Singapore,Street,8,RUS,George Russell,Mercedes,96.193,29.047,32.439,34.707,5,1.02,1.28,8,1,False,False,Battle Offensive
Singapore,Street,9,RUS,George Russell,Mercedes,95.896,30.669,34.36,30.867,5,3.93,5.78,9,1,False,False,Clean Air
Singapore,Street,10,RUS,George Russell,Mercedes,95.995,30.441,34.325,31.229,5,0.45,1.83,10,1,False,False,Battle Offensive
Singapore,Street,11,RUS,George Russell,Mercedes,96.651,29.27,32.573,34.808,5,1.45,5.57,11,1,False,False,Battle Offensive
Singapore,Street,12,RUS,George Russell,Mercedes,96.213,30.988,35.298,29.927,5,1.02,2.49,12,1,False,False,Battle Offensive
Singapore,Street,13,RUS,George Russell,Mercedes,95.883,28.801,34.368,32.714,5,0.1,1.31,13,1,False,False,Battle Offensive
Singapore,Street,14,RUS,George Russell,Mercedes,96.173,29.689,33.889,32.595,5,1.48,1.61,14,1,False,False,Battle Offensive
Singapore,Street,15,RUS,George Russell,Mercedes,96.024,29.329,32.603,34.092,5,2.7,1.1,15,1,False,False,Battle Defensive
Singapore,Street,16,RUS,George Russell,Mercedes,96.104,29.308,33.522,33.274,5,4.17,0.97,16,1,False,False,Battle Defensive
Singapore,Street,17,RUS,George Russell,Mercedes,95.978,31.721,31.967,32.291,5,2.81,1.15,17,1,False,False,Battle Defensive
Singapore,Street,18,RUS,George Russell,Mercedes,96.075,31.574,33.827,30.675,5,1.34,0.61,18,1,False,False,Battle Offensive
Singapore,Street,19,RUS,George Russell,Mercedes,96.808,32.026,33.787,30.995,5,1.42,1.83,19,1,False,False,Battle Offensive
Singapore,Street,20,RUS,George Russell,Mercedes,96.223,32.563,32.003,31.657,5,1.27,0.1,20,1,False,False,Battle Offensive
Singapore,Street,21,RUS,George Russell,Mercedes,96.682,31.878,33.272,31.532,5,1.74,6.31,21,1,False,False,DRS Train
Singapore,Street,22,RUS,George Russell,Mercedes,96.48,30.785,35.692,30.003,5,0.15,4.12,22,1,False,False,Battle Offensive
Singapore,Street,23,RUS,George Russell,Mercedes,96.583,31.462,32.206,32.915,5,1.23,7.88,23,1,False,False,Battle Offensive
Singapore,Street,24,RUS,George Russell,Mercedes,96.681,31.013,33.857,31.811,5,1.23,3.81,24,1,False,False,Battle Offensive
Singapore,Street,25,RUS,George Russell,Mercedes,117.411,36.25,39.679,41.481,5,4.24,12.45,1,2,True,False,Clean Air
Singapore,Street,26,RUS,George Russell,Mercedes,95.705,30.051,33.985,31.669,5,4.85,12.18,2,2,False,False,Clean Air
Singapore,Street,27,RUS,George Russell,Mercedes,95.687,31.158,34.152,30.377,5,1.79,1.64,3,2,False,False,DRS Train
Singapore,Street,28,RUS,George Russell,Mercedes,95.985,30.796,32.062,33.127,5,0.96,1.5,4,2,False,False,Battle Offensive
Singapore,Street,29,RUS,George Russell,Mercedes,95.834,29.828,31.882,34.124,5,2.11,1.24,5,2,False,False,Battle Defensive
Singapore,Street,30,RUS,George Russell,Mercedes,95.603,28.701,34.363,32.538,5,1.1,1.14,6,2,False,False,Battle Offensive
Singapore,Street,31,RUS,George Russell,Mercedes,95.789,29.58,33.594,32.615,5,1.03,2.38,7,2,False,False,Battle Offensive
Singapore,Street,32,RUS,George Russell,Mercedes,96.192,32.171,32.111,31.91,5,0.33,9.09,8,2,False,False,Battle Offensive
Singapore,Street,33,RUS,George Russell,Mercedes,96.424,29.056,34.5,32.868,5,3.27,0.84,9,2,False,False,Battle Defensive
Singapore,Street,34,RUS,George Russell,Mercedes,95.58,28.894,33.905,32.781,5,5.95,4.91,10,2,False,False,Clean Air
Singapore,Street,35,RUS,George Russell,Mercedes,96.031,31.273,33.369,31.389,5,4.76,0.19,11,2,False,False,Battle Defensive
Singapore,Street,36,RUS,George Russell,Mercedes,95.531,30.125,32.36,33.045,5,1.33,0.39,12,2,False,False,Battle Offensive
Singapore,Street,37,RUS,George Russell,Mercedes,96.208,32.569,34.996,28.643,5,2.75,0.19,13,2,False,False,Battle Defensive
Singapore,Street,38,RUS,George Russell,Mercedes,96.227,31.044,33.132,32.051,4,6.21,4.29,14,2,False,False,Clean Air
Singapore,Street,39,RUS,George Russell,Mercedes,96.281,29.035,34.813,32.432,5,1.16,2.08,15,2,False,False,Battle Offensive
Singapore,Street,40,RUS,George Russell,Mercedes,96.246,32.254,31.815,32.177,5,9.4,0.72,16,2,False,False,Battle Defensive
Singapore,Street,41,RUS,George Russell,Mercedes,95.837,31.913,34.27,29.653,5,0.1,0.61,17,2,False,False,Battle Offensive
Singapore,Street,42,RUS,George Russell,Mercedes,96.159,31.575,33.748,30.835,5,2.26,1.81,18,2,False,False,DRS Train
Singapore,Street,43,RUS,George Russell,Mercedes,95.892,29.368,33.621,32.902,5,0.2,0.1,19,2,False,False,Battle Offensive
Singapore,Street,44,RUS,George Russell,Mercedes,96.269,32.138,35.615,28.515,5,2.56,2.29,20,2,False,False,DRS Train
Singapore,Street,45,RUS,George Russell,Mercedes,96.671,31.475,35.423,29.773,5,1.57,13.22,21,2,False,False,DRS Train
Singapore,Street,46,RUS,George Russell,Mercedes,96.531,31.663,32.61,32.258,5,1.2,0.66,22,2,False,False,Battle Offensive
Singapore,Street,47,RUS,George Russell,Mercedes,96.252,32.092,35.291,28.868,5,2.8,5.75,23,2,False,False,DRS Train
Singapore,Street,48,RUS,George Russell,Mercedes,96.351,31.604,32.958,31.789,5,2.23,0.68,24,2,False,False,Battle Defensive
Singapore,Street,49,RUS,George Russell,Mercedes,95.941,29.575,35.016,31.351,5,4.23,0.77,25,2,False,False,Battle Defensive
Singapore,Street,50,RUS,George Russell,Mercedes,96.228,30.127,34.763,31.339,5,4.21,2.17,26,2,False,False,Clean Air
Singapore,Street,51,RUS,George Russell,Mercedes,96.782,30.088,34.237,32.458,5,0.95,2.24,27,2,False,False,Battle Offensive
Singapore,Street,52,RUS,George Russell,Mercedes,96.722,30.315,35.388,31.019,6,1.01,0.64,28,2,False,False,Battle Offensive
Singapore,Street,53,RUS,George Russell,Mercedes,96.612,30.862,32.341,33.409,5,3.83,0.8,29,2,False,False,Battle Defensive
Singapore,Street,54,RUS,George Russell,Mercedes,96.699,30.64,34.091,31.969,5,8.78,2.45,30,2,False,False,Clean Air
Singapore,Street,55,RUS,George Russell,Mercedes,96.827,31.768,33.93,31.129,5,4.89,1.25,31,2,False,False,Battle Defensive
Singapore,Street,56,RUS,George Russell,Mercedes,96.794,30.547,35.208,31.039,5,1.53,3.1,32,2,False,False,DRS Train
Singapore,Street,57,RUS,George Russell,Mercedes,96.396,30.818,33.865,31.713,5,0.1,1.14,33,2,False,False,Battle Offensive
Singapore,Street,58,RUS,George Russell,Mercedes,96.827,31.663,34.42,30.744,5,1.41,8.13,34,2,False,False,Battle Offensive
Singapore,Street,59,RUS,George Russell,Mercedes,96.746,32.171,32.489,32.085,5,1.0,10.79,35,2,False,False,Battle Offensive
Singapore,Street,60,RUS,George Russell,Mercedes,96.589,29.966,31.89,34.733,5,3.81,4.04,36,2,False,False,Clean Air
Singapore,Street,61,RUS,George Russell,Mercedes,96.741,29.081,32.21,35.45,5,2.44,1.48,37,2,False,False,Battle Defensive
Singapore,Street,62,RUS,George Russell,Mercedes,96.537,31.361,35.065,30.112,5,0.44,2.45,38,2,False,False,Battle Offensive
Singapore,Street,1,PER,Sergio Perez,Red Bull,96.34,31.223,34.346,30.771,8,7.58,0.24,1,1,False,False,Battle Defensive
Singapore,Street,2,PER,Sergio Perez,Red Bull,95.218,29.595,32.243,33.381,8,0.9,0.2,2,1,False,False,Battle Offensive
Singapore,Street,3,PER,Sergio Perez,Red Bull,95.531,31.638,32.695,31.198,8,7.44,3.04,3,1,False,False,Clean Air
Singapore,Street,4,PER,Sergio Perez,Red Bull,96.289,30.473,32.451,33.365,8,1.29,2.93,4,1,False,False,Battle Offensive
Singapore,Street,5,PER,Sergio Perez,Red Bull,96.113,29.398,32.08,34.635,8,1.55,2.07,5,1,False,False,DRS Train
Singapore,Street,6,PER,Sergio Perez,Red Bull,95.795,29.039,34.496,32.26,8,9.9,11.11,6,1,False,False,Clean Air
Singapore,Street,7,PER,Sergio Perez,Red Bull,96.183,30.146,33.384,32.653,8,0.23,5.49,7,1,False,False,Battle Offensive
Singapore,Street,8,PER,Sergio Perez,Red Bull,96.166,32.662,34.752,28.753,8,1.42,2.65,8,1,False,False,Battle Offensive
Singapore,Street,9,PER,Sergio Perez,Red Bull,96.595,29.742,33.322,33.532,8,0.12,9.63,9,1,False,False,Battle Offensive
Singapore,Street,10,PER,Sergio Perez,Red Bull,96.127,29.267,31.899,34.961,8,2.96,7.27,10,1,False,False,DRS Train
Singapore,Street,11,PER,Sergio Perez,Red Bull,96.277,29.097,33.047,34.133,8,8.16,0.78,11,1,False,False,Battle Defensive
Singapore,Street,12,PER,Sergio Perez,Red Bull,96.478,32.279,33.215,30.985,8,2.58,0.46,12,1,False,False,Battle Defensive
Singapore,Street,13,PER,Sergio Perez,Red Bull,95.757,31.89,33.737,30.129,8,4.91,12.72,13,1,False,False,Clean Air
Singapore,Street,14,PER,Sergio Perez,Red Bull,96.137,30.352,32.888,32.897,8,1.24,1.48,14,1,False,False,Battle Offensive
Singapore,Street,15,PER,Sergio Perez,Red Bull,96.524,30.116,34.999,31.41,8,1.23,0.92,15,1,False,False,Battle Offensive
Singapore,Street,16,PER,Sergio Perez,Red Bull,96.427,30.498,32.737,33.193,8,6.28,0.37,16,1,False,False,Battle Defensive
Singapore,Street,17,PER,Sergio Perez,Red Bull,95.866,29.345,31.739,34.783,8,2.12,3.82,17,1,False,False,DRS Train
Singapore,Street,18,PER,Sergio Perez,Red Bull,97.1,32.897,32.373,31.83,8,1.09,0.11,18,1,False,False,Battle Offensive
Singapore,Street,19,PER,Sergio Perez,Red Bull,96.036,32.632,32.494,30.91,8,3.75,0.75,19,1,False,False,Battle Defensive
Singapore,Street,20,PER,Sergio Perez,Red Bull,96.123,30.173,35.477,30.473,8,4.79,2.61,20,1,False,False,Clean Air
Singapore,Street,21,PER,Sergio Perez,Red Bull,97.029,32.517,32.434,32.077,8,0.74,0.41,21,1,False,False,Battle Offensive
Singapore,Street,22,PER,Sergio Perez,Red Bull,96.655,31.168,32.753,32.733,8,0.15,5.17,22,1,False,False,Battle Offensive
Singapore,Street,23,PER,Sergio Perez,Red Bull,97.036,30.508,35.903,30.625,8,0.98,1.63,23,1,False,False,Battle Offensive
Singapore,Street,24,PER,Sergio Perez,Red Bull,97.222,31.77,32.506,32.946,8,1.06,4.2,24,1,False,False,Battle Offensive
Singapore,Street,25,PER,Sergio Perez,Red Bull,118.048,35.779,41.901,40.368,8,0.46,2.05,1,2,True,False,Battle Offensive
Singapore,Street,26,PER,Sergio Perez,Red Bull,96.057,30.206,33.52,32.331,8,3.64,0.88,2,2,False,False,Battle Defensive
Singapore,Street,27,PER,Sergio Perez,Red Bull,96.278,30.148,34.352,31.778,8,1.51,2.47,3,2,False,False,DRS Train
Singapore,Street,28,PER,Sergio Perez,Red Bull,96.015,31.707,34.686,29.622,9,4.54,0.42,4,2,False,False,Battle Defensive
Singapore,Street,29,PER,Sergio Perez,Red Bull,96.732,30.285,34.432,32.015,8,2.59,0.36,5,2,False,False,Battle Defensive
Singapore,Street,30,PER,Sergio Perez,Red Bull,96.083,32.433,35.074,28.576,8,2.91,1.81,6,2,False,False,DRS Train
Singapore,Street,31,PER,Sergio Perez,Red Bull,96.096,31.031,35.476,29.589,8,1.15,0.13,7,2,False,False,Battle Offensive
Singapore,Street,32,PER,Sergio Perez,Red Bull,96.235,30.867,34.642,30.727,9,1.29,0.92,8,2,False,False,Battle Offensive
Singapore,Street,33,PER,Sergio Perez,Red Bull,95.901,30.29,33.914,31.696,8,0.95,2.26,9,2,False,False,Battle Offensive
Singapore,Street,34,PER,Sergio Perez,Red Bull,95.808,30.002,33.303,32.502,8,0.1,5.44,10,2,False,False,Battle Offensive
Singapore,Street,35,PER,Sergio Perez,Red Bull,96.541,30.252,32.867,33.422,8,0.26,0.65,11,2,False,False,Battle Offensive
Singapore,Street,36,PER,Sergio Perez,Red Bull,96.139,29.579,33.363,33.197,8,15.01,3.65,12,2,False,False,Clean Air
Singapore,Street,37,PER,Sergio Perez,Red Bull,96.152,31.689,31.949,32.514,8,0.51,0.49,13,2,False,False,Battle Offensive
Singapore,Street,38,PER,Sergio Perez,Red Bull,96.67,30.464,31.924,34.282,8,1.25,3.05,14,2,False,False,Battle Offensive
Singapore,Street,39,PER,Sergio Perez,Red Bull,96.709,30.198,33.717,32.794,8,1.02,5.15,15,2,False,False,Battle Offensive
Singapore,Street,40,PER,Sergio Perez,Red Bull,96.264,29.527,33.917,32.82,8,1.7,3.34,16,2,False,False,DRS Train
Singapore,Street,41,PER,Sergio Perez,Red Bull,96.454,32.578,33.709,30.167,8,3.74,0.6,17,2,False,False,Battle Defensive
Singapore,Street,42,PER,Sergio Perez,Red Bull,96.505,30.043,34.549,31.913,8,1.5,1.42,18,2,False,False,Battle Offensive
Singapore,Street,43,PER,Sergio Perez,Red Bull,96.852,29.738,35.034,32.08,8,0.1,0.28,19,2,False,False,Battle Offensive
Singapore,Street,44,PER,Sergio Perez,Red Bull,96.457,31.812,34.871,29.774,8,3.13,2.39,20,2,False,False,Clean Air
Singapore,Street,45,PER,Sergio Perez,Red Bull,96.604,31.789,35.156,29.659,8,4.99,0.65,21,2,False,False,Battle Defensive
Singapore,Street,46,PER,Sergio Perez,Red Bull,96.336,29.354,35.021,31.962,8,1.43,0.13,22,2,False,False,Battle Offensive
Singapore,Street,47,PER,Sergio Perez,Red Bull,96.384,32.353,34.03,30.001,8,2.7,1.91,23,2,False,False,DRS Train
Singapore,Street,48,PER,Sergio Perez,Red Bull,96.34,30.149,35.184,31.007,8,4.33,1.8,24,2,False,False,Clean Air
Singapore,Street,49,PER,Sergio Perez,Red Bull,96.406,29.535,33.037,33.834,8,3.11,3.85,25,2,False,False,Clean Air
Singapore,Street,50,PER,Sergio Perez,Red Bull,96.797,31.32,33.268,32.209,8,0.9,0.17,26,2,False,False,Battle Offensive
Singapore,Street,51,PER,Sergio Perez,Red Bull,96.804,32.213,34.501,30.09,8,2.19,0.19,27,2,False,False,Battle Defensive
Singapore,Street,52,PER,Sergio Perez,Red Bull,96.807,29.179,32.873,34.755,8,1.85,6.64,28,2,False,False,DRS Train
Singapore,Street,53,PER,Sergio Perez,Red Bull,96.533,31.812,33.637,31.083,8,0.89,1.49,29,2,False,False,Battle Offensive
Singapore,Street,54,PER,Sergio Perez,Red Bull,96.65,32.826,33.085,30.74,8,4.19,2.97,30,2,False,False,Clean Air
Singapore,Street,55,PER,Sergio Perez,Red Bull,96.738,31.574,33.374,31.789,8,1.7,2.64,31,2,False,False,DRS Train
Singapore,Street,56,PER,Sergio Perez,Red Bull,96.744,32.633,33.962,30.148,8,0.34,1.41,32,2,False,False,Battle Offensive
Singapore,Street,57,PER,Sergio Perez,Red Bull,96.423,30.144,33.239,33.041,8,1.76,1.38,33,2,False,False,Battle Defensive
Singapore,Street,58,PER,Sergio Perez,Red Bull,96.786,32.664,32.056,32.066,8,4.88,1.97,34,2,False,False,Clean Air
Singapore,Street,59,PER,Sergio Perez,Red Bull,96.654,31.546,33.384,31.724,8,7.05,2.81,35,2,False,False,Clean Air
Singapore,Street,60,PER,Sergio Perez,Red Bull,96.584,32.239,32.983,31.361,8,1.82,3.43,36,2,False,False,DRS Train
Singapore,Street,61,PER,Sergio Perez,Red Bull,96.594,30.103,34.18,32.311,8,1.64,9.56,37,2,False,False,DRS Train
Singapore,Street,62,PER,Sergio Perez,Red Bull,97.719,31.679,36.113,29.927,8,0.1,6.54,38,2,False,False,Battle Offensive
Singapore,Street,1,PIA,Oscar Piastri,McLaren,95.713,29.903,32.323,33.487,3,10.73,2.35,1,1,False,False,Clean Air
Singapore,Street,2,PIA,Oscar Piastri,McLaren,95.608,30.244,33.568,31.796,3,1.29,2.87,2,1,False,False,Battle Offensive
Singapore,Street,3,PIA,Oscar Piastri,McLaren,95.219,30.406,35.038,29.776,3,0.57,3.31,3,1,False,False,Battle Offensive
Singapore,Street,4,PIA,Oscar Piastri,McLaren,95.786,31.629,33.359,30.798,3,7.22,6.12,4,1,False,False,Clean Air
Singapore,Street,5,PIA,Oscar Piastri,McLaren,96.474,31.155,34.622,30.697,3,3.71,0.58,5,1,False,False,Battle Defensive
Singapore,Street,6,PIA,Oscar Piastri,McLaren,96.072,29.289,34.32,32.464,3,2.97,1.4,6,1,False,False,Battle Defensive
Singapore,Street,7,PIA,Oscar Piastri,McLaren,95.611,30.012,32.163,33.436,3,0.34,0.97,7,1,False,False,Battle Offensive
Singapore,Street,8,PIA,Oscar Piastri,McLaren,96.3,30.154,33.941,32.205,3,1.51,5.44,8,1,False,False,DRS Train
Singapore,Street,9,PIA,Oscar Piastri,McLaren,96.45,30.61,34.579,31.261,3,3.24,0.88,9,1,False,False,Battle Defensive
Singapore,Street,10,PIA,Oscar Piastri,McLaren,95.99,29.987,34.796,31.207,3,2.0,0.7,10,1,False,False,Battle Defensive
Singapore,Street,11,PIA,Oscar Piastri,McLaren,96.598,32.233,32.073,32.291,3,1.02,4.3,11,1,False,False,Battle Offensive
Singapore,Street,12,PIA,Oscar Piastri,McLaren,95.597,28.753,32.199,34.645,3,1.3,0.1,12,1,False,False,Battle Offensive
Singapore,Street,13,PIA,Oscar Piastri,McLaren,95.759,31.603,34.694,29.462,3,0.61,1.79,13,1,False,False,Battle Offensive
Singapore,Street,14,PIA,Oscar Piastri,McLaren,96.113,31.637,31.958,32.518,3,1.95,2.0,14,1,False,False,DRS Train
Singapore,Street,15,PIA,Oscar Piastri,McLaren,95.661,28.711,31.802,35.147,4,7.23,1.98,15,1,False,False,Clean Air
Singapore,Street,16,PIA,Oscar Piastri,McLaren,117.262,37.642,39.001,40.619,3,0.76,1.95,1,2,True,False,Battle Offensive
Singapore,Street,17,PIA,Oscar Piastri,McLaren,96.158,30.451,34.028,31.679,3,0.49,0.44,2,2,False,False,Battle Offensive
Singapore,Street,18,PIA,Oscar Piastri,McLaren,95.869,29.303,33.604,32.961,3,3.06,3.45,3,2,False,False,Clean Air
Singapore,Street,19,PIA,Oscar Piastri,McLaren,96.182,29.221,32.537,34.424,3,0.19,0.7,4,2,False,False,Battle Offensive
Singapore,Street,20,PIA,Oscar Piastri,McLaren,95.75,30.739,33.761,31.25,3,2.97,1.77,5,2,False,False,DRS Train
Singapore,Street,21,PIA,Oscar Piastri,McLaren,95.985,31.286,35.09,29.61,3,13.17,0.1,6,2,False,False,Battle Defensive
Singapore,Street,22,PIA,Oscar Piastri,McLaren,96.058,32.458,33.96,29.64,3,2.15,0.49,7,2,False,False,Battle Defensive
Singapore,Street,23,PIA,Oscar Piastri,McLaren,96.32,29.056,32.16,35.104,3,3.97,0.46,8,2,False,False,Battle Defensive
Singapore,Street,24,PIA,Oscar Piastri,McLaren,96.07,29.56,35.472,31.039,3,1.3,6.33,9,2,False,False,Battle Offensive
Singapore,Street,25,PIA,Oscar Piastri,McLaren,95.947,28.955,32.716,34.276,3,2.97,2.9,10,2,False,False,DRS Train
Singapore,Street,26,PIA,Oscar Piastri,McLaren,95.707,28.732,34.928,32.047,3,3.14,1.91,11,2,False,False,Clean Air
Singapore,Street,27,PIA,Oscar Piastri,McLaren,96.16,31.222,34.366,30.572,3,9.49,0.15,12,2,False,False,Battle Defensive
Singapore,Street,28,PIA,Oscar Piastri,McLaren,95.696,30.349,34.671,30.676,3,3.08,2.9,13,2,False,False,Clean Air
Singapore,Street,29,PIA,Oscar Piastri,McLaren,95.965,30.143,35.242,30.58,3,6.96,1.52,14,2,False,False,Clean Air
Singapore,Street,30,PIA,Oscar Piastri,McLaren,96.376,29.971,35.433,30.972,3,8.08,1.0,15,2,False,False,Battle Defensive
Singapore,Street,31,PIA,Oscar Piastri,McLaren,95.831,31.273,33.682,30.876,3,1.26,2.93,16,2,False,False,Battle Offensive
Singapore,Street,32,PIA,Oscar Piastri,McLaren,96.085,31.939,32.048,32.097,3,1.02,0.1,17,2,False,False,Battle Offensive
Singapore,Street,33,PIA,Oscar Piastri,McLaren,95.793,31.033,32.622,32.138,3,2.03,0.1,18,2,False,False,Battle Defensive
Singapore,Street,34,PIA,Oscar Piastri,McLaren,96.495,29.419,33.677,33.398,3,0.39,0.1,19,2,False,False,Battle Offensive
Singapore,Street,35,PIA,Oscar Piastri,McLaren,95.918,29.742,32.366,33.81,2,1.19,1.72,20,2,False,False,Battle Offensive
Singapore,Street,36,PIA,Oscar Piastri,McLaren,96.432,32.616,35.367,28.449,3,0.41,0.87,21,2,False,False,Battle Offensive
Singapore,Street,37,PIA,Oscar Piastri,McLaren,96.207,29.763,33.292,33.152,2,0.34,8.92,22,2,False,False,Battle Offensive
Singapore,Street,38,PIA,Oscar Piastri,McLaren,96.161,29.434,34.821,31.906,3,0.27,7.07,23,2,False,False,Battle Offensive
Singapore,Street,39,PIA,Oscar Piastri,McLaren,96.448,31.866,33.195,31.388,3,1.28,2.16,24,2,False,False,Battle Offensive
Singapore,Street,40,PIA,Oscar Piastri,McLaren,96.199,31.325,33.891,30.984,3,2.2,0.35,25,2,False,False,Battle Defensive
Singapore,Street,41,PIA,Oscar Piastri,McLaren,96.741,30.819,33.647,32.275,3,5.82,1.23,26,2,False,False,Battle Defensive
Singapore,Street,42,PIA,Oscar Piastri,McLaren,96.254,30.665,32.58,33.008,3,3.64,5.25,27,2,False,False,Clean Air
Singapore,Street,43,PIA,Oscar Piastri,McLaren,96.22,31.342,35.12,29.758,3,0.95,1.58,28,2,False,False,Battle Offensive
Singapore,Street,44,PIA,Oscar Piastri,McLaren,96.556,29.502,33.577,33.476,3,1.3,0.64,29,2,False,False,Battle Offensive
Singapore,Street,45,PIA,Oscar Piastri,McLaren,117.703,39.324,42.333,36.047,3,0.93,0.2,1,3,True,False,Battle Offensive
Singapore,Street,46,PIA,Oscar Piastri,McLaren,96.113,29.71,34.918,31.486,3,0.41,3.79,2,3,False,False,Battle Offensive
Singapore,Street,47,PIA,Oscar Piastri,McLaren,95.499,28.869,33.223,33.406,3,2.1,0.1,3,3,False,False,Battle Defensive
Singapore,Street,48,PIA,Oscar Piastri,McLaren,95.562,28.991,35.014,31.557,3,1.07,0.49,4,3,False,False,Battle Offensive
Singapore,Street,49,PIA,Oscar Piastri,McLaren,95.796,30.999,31.809,32.989,3,5.83,4.4,5,3,False,False,Clean Air
Singapore,Street,50,PIA,Oscar Piastri,McLaren,95.538,30.78,31.945,32.812,3,5.75,15.51,6,3,False,False,Clean Air
Singapore,Street,51,PIA,Oscar Piastri,McLaren,95.672,28.73,33.763,33.179,3,0.89,3.16,7,3,False,False,Battle Offensive
Singapore,Street,52,PIA,Oscar Piastri,McLaren,96.284,30.629,32.44,33.216,3,0.6,1.56,8,3,False,False,Battle Offensive
Singapore,Street,53,PIA,Oscar Piastri,McLaren,95.897,29.801,34.41,31.686,3,0.52,5.75,9,3,False,False,Battle Offensive
Singapore,Street,54,PIA,Oscar Piastri,McLaren,95.819,30.705,34.323,30.791,3,1.09,2.13,10,3,False,False,Battle Offensive
Singapore,Street,55,PIA,Oscar Piastri,McLaren,95.569,30.8,33.484,31.285,3,1.41,5.23,11,3,False,False,Battle Offensive
Singapore,Street,56,PIA,Oscar Piastri,McLaren,95.933,32.12,34.88,28.933,3,2.22,5.41,12,3,False,False,DRS Train
Singapore,Street,57,PIA,Oscar Piastri,McLaren,96.001,30.379,35.426,30.196,3,0.13,0.33,13,3,False,False,Battle Offensive
Singapore,Street,58,PIA,Oscar Piastri,McLaren,95.918,30.815,32.607,32.496,3,2.82,0.11,14,3,False,False,Battle Defensive
Singapore,Street,59,PIA,Oscar Piastri,McLaren,96.107,32.195,33.929,29.983,3,2.69,2.21,15,3,False,False,DRS Train
Singapore,Street,60,PIA,Oscar Piastri,McLaren,96.277,31.942,33.913,30.422,3,1.99,1.24,16,3,False,False,Battle Defensive
Singapore,Street,61,PIA,Oscar Piastri,McLaren,95.738,30.324,32.037,33.377,3,0.82,0.77,17,3,False,False,Battle Offensive
Singapore,Street,62,PIA,Oscar Piastri,McLaren,95.827,32.067,35.244,28.515,3,4.01,5.23,18,3,False,False,Clean Air
Singapore,Street,1,ALO,Fernando Alonso,Aston Martin,95.683,30.793,31.878,33.012,9,2.03,2.78,1,1,False,False,DRS Train
Singapore,Street,2,ALO,Fernando Alonso,Aston Martin,96.123,30.947,32.628,32.548,9,4.02,6.41,2,1,False,False,Clean Air
Singapore,Street,3,ALO,Fernando Alonso,Aston Martin,95.995,32.009,35.404,28.582,9,0.18,0.71,3,1,False,False,Battle Offensive
Singapore,Street,4,ALO,Fernando Alonso,Aston Martin,95.991,32.221,33.153,30.617,9,2.81,4.1,4,1,False,False,DRS Train
Singapore,Street,5,ALO,Fernando Alonso,Aston Martin,95.934,32.536,33.12,30.279,8,0.21,13.19,5,1,False,False,Battle Offensive
Singapore,Street,6,ALO,Fernando Alonso,Aston Martin,96.092,31.949,35.206,28.937,9,0.37,2.62,6,1,False,False,Battle Offensive
Singapore,Street,7,ALO,Fernando Alonso,Aston Martin,95.954,31.703,33.336,30.915,9,2.48,2.91,7,1,False,False,DRS Train
Singapore,Street,8,ALO,Fernando Alonso,Aston Martin,96.018,32.515,34.222,29.281,9,1.79,0.2,8,1,False,False,Battle Defensive
Singapore,Street,9,ALO,Fernando Alonso,Aston Martin,95.991,32.1,32.262,31.629,9,3.81,0.34,9,1,False,False,Battle Defensive
Singapore,Street,10,ALO,Fernando Alonso,Aston Martin,96.102,30.807,33.881,31.415,9,2.51,1.64,10,1,False,False,DRS Train
Singapore,Street,11,ALO,Fernando Alonso,Aston Martin,96.396,29.729,34.377,32.29,9,8.23,0.1,11,1,False,False,Battle Defensive
Singapore,Street,12,ALO,Fernando Alonso,Aston Martin,96.361,30.731,33.305,32.325,9,2.46,1.6,12,1,False,False,DRS Train
Singapore,Street,13,ALO,Fernando Alonso,Aston Martin,96.222,31.098,33.692,31.432,9,0.16,1.7,13,1,False,False,Battle Offensive
Singapore,Street,14,ALO,Fernando Alonso,Aston Martin,96.782,31.094,33.621,32.067,9,1.16,2.92,14,1,False,False,Battle Offensive
Singapore,Street,15,ALO,Fernando Alonso,Aston Martin,96.411,32.286,32.926,31.198,9,2.31,1.22,15,1,False,False,Battle Defensive
Singapore,Street,16,ALO,Fernando Alonso,Aston Martin,96.673,31.939,33.119,31.615,9,0.9,2.43,16,1,False,False,Battle Offensive
Singapore,Street,17,ALO,Fernando Alonso,Aston Martin,117.834,38.323,41.668,37.842,9,4.07,3.57,1,2,True,False,Clean Air
Singapore,Street,18,ALO,Fernando Alonso,Aston Martin,96.295,29.124,33.852,33.319,9,3.79,0.12,2,2,False,False,Battle Defensive
Singapore,Street,19,ALO,Fernando Alonso,Aston Martin,96.095,30.793,32.521,32.782,9,0.13,0.4,3,2,False,False,Battle Offensive
Singapore,Street,20,ALO,Fernando Alonso,Aston Martin,95.568,31.236,32.837,31.495,9,1.05,1.12,4,2,False,False,Battle Offensive
Singapore,Street,21,ALO,Fernando Alonso,Aston Martin,96.378,32.567,32.758,31.053,9,0.12,6.3,5,2,False,False,Battle Offensive
Singapore,Street,22,ALO,Fernando Alonso,Aston Martin,96.007,31.94,33.645,30.421,9,0.1,1.68,6,2,False,False,Battle Offensive
Singapore,Street,23,ALO,Fernando Alonso,Aston Martin,96.236,32.628,33.514,30.093,9,4.29,2.91,7,2,False,False,Clean Air
Singapore,Street,24,ALO,Fernando Alonso,Aston Martin,96.155,32.311,34.543,29.301,9,4.58,0.36,8,2,False,False,Battle Defensive
Singapore,Street,25,ALO,Fernando Alonso,Aston Martin,96.196,32.429,31.955,31.812,9,2.7,5.45,9,2,False,False,DRS Train
Singapore,Street,26,ALO,Fernando Alonso,Aston Martin,96.313,29.525,35.402,31.386,9,1.67,4.52,10,2,False,False,DRS Train
Singapore,Street,27,ALO,Fernando Alonso,Aston Martin,96.183,31.127,32.639,32.417,10,1.01,0.27,11,2,False,False,Battle Offensive
Singapore,Street,28,ALO,Fernando Alonso,Aston Martin,96.198,31.858,32.348,31.993,9,6.89,4.99,12,2,False,False,Clean Air
Singapore,Street,29,ALO,Fernando Alonso,Aston Martin,96.085,29.076,32.94,34.069,9,0.76,0.1,13,2,False,False,Battle Offensive
Singapore,Street,30,ALO,Fernando Alonso,Aston Martin,96.688,32.341,34.435,29.913,9,6.23,0.72,14,2,False,False,Battle Defensive
Singapore,Street,31,ALO,Fernando Alonso,Aston Martin,96.178,29.609,32.897,33.673,9,2.04,0.12,15,2,False,False,Battle Defensive
Singapore,Street,32,ALO,Fernando Alonso,Aston Martin,96.302,32.564,34.632,29.106,9,1.0,0.1,16,2,False,False,Battle Offensive
Singapore,Street,33,ALO,Fernando Alonso,Aston Martin,96.688,31.732,35.144,29.811,9,1.65,6.66,17,2,False,False,DRS Train
Singapore,Street,34,ALO,Fernando Alonso,Aston Martin,96.45,32.24,32.958,31.253,9,9.24,1.02,18,2,False,False,Battle Defensive
Singapore,Street,35,ALO,Fernando Alonso,Aston Martin,96.511,29.056,34.174,33.281,9,2.02,0.94,19,2,False,False,Battle Defensive
Singapore,Street,36,ALO,Fernando Alonso,Aston Martin,96.788,32.81,33.982,29.996,9,1.4,0.38,20,2,False,False,Battle Offensive
Singapore,Street,37,ALO,Fernando Alonso,Aston Martin,117.705,39.845,41.378,36.483,9,2.98,7.7,1,3,True,False,DRS Train
Singapore,Street,38,ALO,Fernando Alonso,Aston Martin,95.901,31.889,33.705,30.307,9,0.1,1.6,2,3,False,False,Battle Offensive
Singapore,Street,39,ALO,Fernando Alonso,Aston Martin,96.318,31.368,32.967,31.983,9,4.3,0.18,3,3,False,False,Battle Defensive
Singapore,Street,40,ALO,Fernando Alonso,Aston Martin,96.261,29.345,33.903,33.013,9,6.87,0.59,4,3,False,False,Battle Defensive
Singapore,Street,41,ALO,Fernando Alonso,Aston Martin,96.32,29.638,34.999,31.684,9,1.88,1.14,5,3,False,False,Battle Defensive
Singapore,Street,42,ALO,Fernando Alonso,Aston Martin,95.927,31.446,34.569,29.913,9,0.1,3.54,6,3,False,False,Battle Offensive
Singapore,Street,43,ALO,Fernando Alonso,Aston Martin,96.343,32.575,35.248,28.52,9,0.64,13.96,7,3,False,False,Battle Offensive
Singapore,Street,44,ALO,Fernando Alonso,Aston Martin,95.942,29.337,34.744,31.861,9,1.46,2.54,8,3,False,False,Battle Offensive
Singapore,Street,45,ALO,Fernando Alonso,Aston Martin,96.156,30.624,34.521,31.012,9,2.26,1.02,9,3,False,False,Battle Defensive
Singapore,Street,46,ALO,Fernando Alonso,Aston Martin,96.213,29.045,31.896,35.272,9,0.1,0.19,10,3,False,False,Battle Offensive
Singapore,Street,47,ALO,Fernando Alonso,Aston Martin,96.222,31.878,32.473,31.871,8,2.81,2.02,11,3,False,False,DRS Train
Singapore,Street,48,ALO,Fernando Alonso,Aston Martin,96.008,31.948,31.784,32.277,9,0.1,5.99,12,3,False,False,Battle Offensive
Singapore,Street,49,ALO,Fernando Alonso,Aston Martin,96.072,29.54,34.842,31.69,9,3.35,0.94,13,3,False,False,Battle Defensive
Singapore,Street,50,ALO,Fernando Alonso,Aston Martin,96.376,31.844,32.256,32.276,9,1.33,2.12,14,3,False,False,Battle Offensive
Singapore,Street,51,ALO,Fernando Alonso,Aston Martin,96.151,29.229,32.298,34.624,9,0.66,4.71,15,3,False,False,Battle Offensive
Singapore,Street,52,ALO,Fernando Alonso,Aston Martin,96.208,30.325,32.513,33.37,9,0.81,0.13,16,3,False,False,Battle Offensive
Singapore,Street,53,ALO,Fernando Alonso,Aston Martin,96.279,32.53,32.311,31.438,9,3.42,1.78,17,3,False,False,Clean Air
Singapore,Street,54,ALO,Fernando Alonso,Aston Martin,96.239,29.48,35.119,31.641,9,0.1,7.18,18,3,False,False,Battle Offensive
Singapore,Street,55,ALO,Fernando Alonso,Aston Martin,96.485,29.787,35.101,31.597,8,2.95,1.41,19,3,False,False,Battle Defensive
Singapore,Street,56,ALO,Fernando Alonso,Aston Martin,96.519,31.532,34.15,30.837,9,2.03,3.98,20,3,False,False,DRS Train
Singapore,Street,57,ALO,Fernando Alonso,Aston Martin,96.669,30.564,34.867,31.238,9,1.09,6.92,21,3,False,False,Battle Offensive
Singapore,Street,58,ALO,Fernando Alonso,Aston Martin,96.77,29.494,33.305,33.971,9,1.87,1.0,22,3,False,False,Battle Defensive
Singapore,Street,59,ALO,Fernando Alonso,Aston Martin,96.573,31.979,32.832,31.762,9,1.08,0.41,23,3,False,False,Battle Offensive
Singapore,Street,60,ALO,Fernando Alonso,Aston Martin,96.471,30.253,33.141,33.077,9,0.41,1.42,24,3,False,False,Battle Offensive
Singapore,Street,61,ALO,Fernando Alonso,Aston Martin,96.385,30.821,34.844,30.72,9,2.7,3.66,25,3,False,False,DRS Train
Singapore,Street,62,ALO,Fernando Alonso,Aston Martin,96.624,30.098,33.809,32.716,9,1.63,11.77,26,3,False,False,DRS Train
Singapore,Street,1,STR,Lance Stroll,Aston Martin,96.454,32.509,33.018,30.927,13,0.44,0.71,1,1,False,False,Battle Offensive
Singapore,Street,2,STR,Lance Stroll,Aston Martin,96.924,29.294,34.937,32.693,13,1.63,5.85,2,1,False,False,DRS Train
Singapore,Street,3,STR,Lance Stroll,Aston Martin,97.041,32.7,32.68,31.662,13,0.34,8.37,3,1,False,False,Battle Offensive
Singapore,Street,4,STR,Lance Stroll,Aston Martin,96.054,30.445,32.651,32.958,13,3.1,2.37,4,1,False,False,Clean Air
Singapore,Street,5,STR,Lance Stroll,Aston Martin,96.189,32.098,34.789,29.301,13,0.1,5.84,5,1,False,False,Battle Offensive
Singapore,Street,6,STR,Lance Stroll,Aston Martin,96.362,31.154,33.964,31.245,13,4.61,6.14,6,1,False,False,Clean Air
Singapore,Street,7,STR,Lance Stroll,Aston Martin,96.609,31.123,35.696,29.79,13,0.1,3.21,7,1,False,False,Battle Offensive
Singapore,Street,8,STR,Lance Stroll,Aston Martin,96.281,30.979,33.781,31.52,13,1.98,6.71,8,1,False,False,DRS Train
Singapore,Street,9,STR,Lance Stroll,Aston Martin,96.472,29.946,31.843,34.683,13,0.93,10.77,9,1,False,False,Battle Offensive
Singapore,Street,10,STR,Lance Stroll,Aston Martin,96.522,32.093,33.625,30.805,13,4.87,4.58,10,1,False,False,Clean Air
Singapore,Street,11,STR,Lance Stroll,Aston Martin,97.065,31.345,35.258,30.461,13,1.31,0.74,11,1,False,False,Battle Offensive
Singapore,Street,12,STR,Lance Stroll,Aston Martin,97.286,30.757,32.462,34.067,13,0.76,7.8,12,1,False,False,Battle Offensive
Singapore,Street,13,STR,Lance Stroll,Aston Martin,96.984,32.164,34.995,29.825,13,0.76,0.18,13,1,False,False,Battle Offensive
Singapore,Street,14,STR,Lance Stroll,Aston Martin,96.961,31.106,35.863,29.993,13,0.97,1.6,14,1,False,False,Battle Offensive
Singapore,Street,15,STR,Lance Stroll,Aston Martin,96.848,32.915,35.78,28.153,13,0.31,2.03,15,1,False,False,Battle Offensive
Singapore,Street,16,STR,Lance Stroll,Aston Martin,96.487,29.525,33.816,33.146,13,0.67,1.03,16,1,False,False,Battle Offensive
Singapore,Street,17,STR,Lance Stroll,Aston Martin,96.895,30.553,35.214,31.127,13,5.15,8.02,17,1,False,False,Clean Air
Singapore,Street,18,STR,Lance Stroll,Aston Martin,96.171,31.962,35.079,29.13,13,1.15,0.57,18,1,False,False,Battle Offensive
Singapore,Street,19,STR,Lance Stroll,Aston Martin,96.673,30.063,33.042,33.568,13,2.67,2.51,19,1,False,False,DRS Train
Singapore,Street,20,STR,Lance Stroll,Aston Martin,97.176,32.235,33.985,30.956,13,2.19,0.62,20,1,False,False,Battle Defensive
Singapore,Street,21,STR,Lance Stroll,Aston Martin,96.954,31.416,34.78,30.758,13,0.4,0.14,21,1,False,False,Battle Offensive
Singapore,Street,22,STR,Lance Stroll,Aston Martin,96.546,31.888,32.384,32.274,13,1.64,0.22,22,1,False,False,Battle Defensive
Singapore,Street,23,STR,Lance Stroll,Aston Martin,97.356,29.31,34.073,33.973,13,2.59,11.39,23,1,False,False,DRS Train
Singapore,Street,24,STR,Lance Stroll,Aston Martin,96.815,31.871,32.201,32.743,13,3.12,3.36,24,1,False,False,Clean Air
Singapore,Street,25,STR,Lance Stroll,Aston Martin,97.675,31.256,35.492,30.927,13,1.61,1.36,25,1,False,False,Battle Defensive
Singapore,Street,26,STR,Lance Stroll,Aston Martin,97.072,30.314,35.155,31.603,13,4.09,0.1,26,1,False,False,Battle Defensive
Singapore,Street,27,STR,Lance Stroll,Aston Martin,96.265,29.763,34.958,31.544,13,1.02,2.82,27,1,False,False,Battle Offensive
Singapore,Street,28,STR,Lance Stroll,Aston Martin,97.086,31.892,32.352,32.841,13,0.71,0.14,28,1,False,False,Battle Offensive
Singapore,Street,29,STR,Lance Stroll,Aston Martin,117.663,35.98,40.893,40.789,13,5.52,3.21,1,2,True,False,Clean Air
Singapore,Street,30,STR,Lance Stroll,Aston Martin,96.284,32.687,35.424,28.173,13,2.12,1.53,2,2,False,False,DRS Train
Singapore,Street,31,STR,Lance Stroll,Aston Martin,96.565,30.023,35.287,31.255,13,3.07,5.36,3,2,False,False,Clean Air
Singapore,Street,32,STR,Lance Stroll,Aston Martin,96.542,30.205,32.197,34.141,13,1.59,1.92,4,2,False,False,DRS Train
Singapore,Street,33,STR,Lance Stroll,Aston Martin,96.025,29.656,34.713,31.656,13,0.91,0.1,5,2,False,False,Battle Offensive
Singapore,Street,34,STR,Lance Stroll,Aston Martin,96.598,32.471,33.881,30.245,13,1.71,1.17,6,2,False,False,Battle Defensive
Singapore,Street,35,STR,Lance Stroll,Aston Martin,96.954,30.331,34.509,32.114,13,0.28,0.1,7,2,False,False,Battle Offensive
Singapore,Street,36,STR,Lance Stroll,Aston Martin,97.012,31.205,32.624,33.184,13,1.77,1.01,8,2,False,False,Battle Defensive
Singapore,Street,37,STR,Lance Stroll,Aston Martin,96.502,32.679,34.878,28.945,13,7.89,2.14,9,2,False,False,Clean Air
Singapore,Street,38,STR,Lance Stroll,Aston Martin,96.382,30.589,33.62,32.173,13,2.32,0.1,10,2,False,False,Battle Defensive
Singapore,Street,39,STR,Lance Stroll,Aston Martin,97.175,30.226,32.985,33.963,13,0.34,0.1,11,2,False,False,Battle Offensive
Singapore,Street,40,STR,Lance Stroll,Aston Martin,96.366,32.715,34.771,28.88,13,1.2,4.52,12,2,False,False,Battle Offensive
Singapore,Street,41,STR,Lance Stroll,Aston Martin,97.146,30.301,34.603,32.243,13,3.18,0.61,13,2,False,False,Battle Defensive
Singapore,Street,42,STR,Lance Stroll,Aston Martin,96.559,29.704,33.782,33.073,13,4.82,1.56,14,2,False,False,Clean Air
Singapore,Street,43,STR,Lance Stroll,Aston Martin,96.473,32.286,31.922,32.265,13,1.65,0.1,15,2,False,False,Battle Defensive
Singapore,Street,44,STR,Lance Stroll,Aston Martin,96.714,31.803,34.383,30.528,13,1.9,3.75,16,2,False,False,DRS Train
Singapore,Street,45,STR,Lance Stroll,Aston Martin,96.518,29.853,33.343,33.322,13,2.48,2.23,17,2,False,False,DRS Train
Singapore,Street,46,STR,Lance Stroll,Aston Martin,96.012,29.779,35.167,31.066,13,0.19,1.03,18,2,False,False,Battle Offensive
Singapore,Street,47,STR,Lance Stroll,Aston Martin,96.943,32.809,34.575,29.56,13,1.47,3.17,19,2,False,False,Battle Offensive
Singapore,Street,48,STR,Lance Stroll,Aston Martin,97.32,31.084,32.847,33.388,13,4.29,0.76,20,2,False,False,Battle Defensive
Singapore,Street,49,STR,Lance Stroll,Aston Martin,96.269,29.754,32.044,34.471,14,2.43,5.07,21,2,False,False,DRS Train
Singapore,Street,50,STR,Lance Stroll,Aston Martin,96.774,29.12,33.088,34.566,13,0.67,5.4,22,2,False,False,Battle Offensive
Singapore,Street,51,STR,Lance Stroll,Aston Martin,96.801,29.162,32.362,35.277,13,7.54,0.78,23,2,False,False,Battle Defensive
Singapore,Street,52,STR,Lance Stroll,Aston Martin,97.917,29.953,34.226,33.738,13,2.24,0.16,24,2,False,False,Battle Defensive
Singapore,Street,53,STR,Lance Stroll,Aston Martin,97.722,32.306,36.039,29.377,13,1.25,1.5,25,2,False,False,Battle Offensive
Singapore,Street,54,STR,Lance Stroll,Aston Martin,96.658,30.444,33.908,32.306,13,2.56,2.31,26,2,False,False,DRS Train
Singapore,Street,55,STR,Lance Stroll,Aston Martin,96.836,32.365,32.622,31.849,13,4.95,9.39,27,2,False,False,Clean Air
Singapore,Street,56,STR,Lance Stroll,Aston Martin,96.984,30.183,34.315,32.487,13,0.64,2.82,28,2,False,False,Battle Offensive
Singapore,Street,57,STR,Lance Stroll,Aston Martin,96.997,32.42,34.306,30.272,13,3.99,6.43,29,2,False,False,Clean Air
Singapore,Street,58,STR,Lance Stroll,Aston Martin,96.825,30.359,34.861,31.605,13,2.95,4.76,30,2,False,False,DRS Train
Singapore,Street,59,STR,Lance Stroll,Aston Martin,97.233,30.035,32.922,34.276,13,0.73,0.47,31,2,False,False,Battle Offensive
Singapore,Street,60,STR,Lance Stroll,Aston Martin,97.407,31.907,35.043,30.457,13,0.4,1.39,32,2,False,False,Battle Offensive
Singapore,Street,61,STR,Lance Stroll,Aston Martin,97.106,29.602,32.268,35.236,13,1.74,0.46,33,2,False,False,Battle Defensive
Singapore,Street,62,STR,Lance Stroll,Aston Martin,97.691,30.086,36.09,31.516,13,1.46,3.35,34,2,False,False,Battle Offensive
Singapore,Street,1,GAS,Pierre Gasly,Alpine,96.376,29.169,32.313,34.894,12,4.59,1.73,1,1,False,False,Clean Air
Singapore,Street,2,GAS,Pierre Gasly,Alpine,95.585,30.811,35.02,29.755,12,7.37,0.61,2,1,False,False,Battle Defensive
Singapore,Street,3,GAS,Pierre Gasly,Alpine,96.372,32.403,34.029,29.94,12,2.1,1.78,3,1,False,False,DRS Train
Singapore,Street,4,GAS,Pierre Gasly,Alpine,96.641,29.989,33.988,32.664,12,2.52,2.56,4,1,False,False,DRS Train
Singapore,Street,5,GAS,Pierre Gasly,Alpine,97.176,30.763,35.714,30.698,12,0.48,0.98,5,1,False,False,Battle Offensive
Singapore,Street,6,GAS,Pierre Gasly,Alpine,96.709,29.91,32.161,34.638,12,1.57,5.26,6,1,False,False,DRS Train
Singapore,Street,7,GAS,Pierre Gasly,Alpine,96.546,29.529,33.699,33.318,12,6.1,4.24,7,1,False,False,Clean Air
Singapore,Street,8,GAS,Pierre Gasly,Alpine,96.562,30.637,35.439,30.486,12,3.23,1.91,8,1,False,False,Clean Air
Singapore,Street,9,GAS,Pierre Gasly,Alpine,97.071,31.223,35.472,30.377,12,0.1,1.68,9,1,False,False,Battle Offensive
Singapore,Street,10,GAS,Pierre Gasly,Alpine,96.401,30.562,35.199,30.64,12,9.11,2.75,10,1,False,False,Clean Air
Singapore,Street,11,GAS,Pierre Gasly,Alpine,96.872,30.972,33.593,32.308,12,3.26,3.35,11,1,False,False,Clean Air
Singapore,Street,12,GAS,Pierre Gasly,Alpine,96.61,32.243,35.624,28.743,12,0.61,1.84,12,1,False,False,Battle Offensive
Singapore,Street,13,GAS,Pierre Gasly,Alpine,96.591,30.525,35.142,30.924,12,1.77,2.17,13,1,False,False,DRS Train
Singapore,Street,14,GAS,Pierre Gasly,Alpine,96.607,29.614,35.719,31.274,12,0.57,0.24,14,1,False,False,Battle Offensive
Singapore,Street,15,GAS,Pierre Gasly,Alpine,96.57,32.367,35.714,28.488,12,4.0,2.96,15,1,False,False,Clean Air
Singapore,Street,16,GAS,Pierre Gasly,Alpine,97.513,30.184,32.749,34.581,12,0.86,10.44,16,1,False,False,Battle Offensive
Singapore,Street,17,GAS,Pierre Gasly,Alpine,97.294,32.131,34.043,31.12,12,0.1,0.87,17,1,False,False,Battle Offensive
Singapore,Street,18,GAS,Pierre Gasly,Alpine,97.049,30.743,33.005,33.3,12,0.51,0.15,18,1,False,False,Battle Offensive
Singapore,Street,19,GAS,Pierre Gasly,Alpine,96.298,31.601,35.093,29.604,12,2.89,0.53,19,1,False,False,Battle Defensive
Singapore,Street,20,GAS,Pierre Gasly,Alpine,97.469,32.927,33.426,31.116,12,0.92,5.88,20,1,False,False,Battle Offensive
Singapore,Street,21,GAS,Pierre Gasly,Alpine,97.346,32.47,34.148,30.728,12,0.79,1.6,21,1,False,False,Battle Offensive
Singapore,Street,22,GAS,Pierre Gasly,Alpine,96.777,31.182,32.124,33.472,12,0.96,1.91,22,1,False,False,Battle Offensive
Singapore,Street,23,GAS,Pierre Gasly,Alpine,97.307,29.945,34.753,32.609,12,1.7,1.05,23,1,False,False,Battle Defensive
Singapore,Street,24,GAS,Pierre Gasly,Alpine,96.735,29.416,34.644,32.674,12,0.27,1.82,24,1,False,False,Battle Offensive
Singapore,Street,25,GAS,Pierre Gasly,Alpine,97.108,29.656,32.904,34.547,12,0.67,3.92,25,1,False,False,Battle Offensive
Singapore,Street,26,GAS,Pierre Gasly,Alpine,97.118,30.554,35.505,31.059,12,2.87,0.7,26,1,False,False,Battle Defensive
Singapore,Street,27,GAS,Pierre Gasly,Alpine,118.801,36.785,42.158,39.857,13,0.52,0.35,1,2,True,False,Battle Offensive
Singapore,Street,28,GAS,Pierre Gasly,Alpine,96.34,29.162,33.629,33.549,12,5.14,6.81,2,2,False,False,Clean Air
Singapore,Street,29,GAS,Pierre Gasly,Alpine,97.084,32.154,33.888,31.042,12,0.59,1.46,3,2,False,False,Battle Offensive
Singapore,Street,30,GAS,Pierre Gasly,Alpine,96.658,32.529,33.275,30.853,12,2.49,3.44,4,2,False,False,DRS Train
Singapore,Street,31,GAS,Pierre Gasly,Alpine,96.824,30.432,32.503,33.889,12,1.4,1.19,5,2,False,False,Battle Offensive
Singapore,Street,32,GAS,Pierre Gasly,Alpine,96.745,31.156,34.166,31.424,12,0.57,1.5,6,2,False,False,Battle Offensive
Singapore,Street,33,GAS,Pierre Gasly,Alpine,96.174,30.895,34.016,31.263,12,0.1,2.64,7,2,False,False,Battle Offensive
Singapore,Street,34,GAS,Pierre Gasly,Alpine,96.637,28.994,34.465,33.178,12,0.74,3.97,8,2,False,False,Battle Offensive
Singapore,Street,35,GAS,Pierre Gasly,Alpine,97.051,32.243,34.192,30.616,12,0.43,7.87,9,2,False,False,Battle Offensive
Singapore,Street,36,GAS,Pierre Gasly,Alpine,95.952,29.575,34.003,32.374,12,4.06,2.56,10,2,False,False,Clean Air
Singapore,Street,37,GAS,Pierre Gasly,Alpine,97.155,32.634,33.364,31.157,12,1.2,0.65,11,2,False,False,Battle Offensive
Singapore,Street,38,GAS,Pierre Gasly,Alpine,96.413,31.376,34.579,30.458,12,2.33,1.17,12,2,False,False,Battle Defensive
Singapore,Street,39,GAS,Pierre Gasly,Alpine,97.134,31.037,33.831,32.266,12,0.38,4.19,13,2,False,False,Battle Offensive
Singapore,Street,40,GAS,Pierre Gasly,Alpine,97.294,30.023,33.421,33.85,12,0.59,0.46,14,2,False,False,Battle Offensive
Singapore,Street,41,GAS,Pierre Gasly,Alpine,96.358,30.295,32.311,33.753,12,1.37,6.8,15,2,False,False,Battle Offensive
Singapore,Street,42,GAS,Pierre Gasly,Alpine,96.289,31.207,33.7,31.382,12,0.82,7.98,16,2,False,False,Battle Offensive
Singapore,Street,43,GAS,Pierre Gasly,Alpine,96.656,30.11,32.282,34.264,12,0.35,1.83,17,2,False,False,Battle Offensive
Singapore,Street,44,GAS,Pierre Gasly,Alpine,96.421,30.931,32.507,32.983,12,0.84,5.04,18,2,False,False,Battle Offensive
Singapore,Street,45,GAS,Pierre Gasly,Alpine,96.981,31.484,32.391,33.105,12,0.21,6.4,19,2,False,False,Battle Offensive
Singapore,Street,46,GAS,Pierre Gasly,Alpine,96.953,30.206,33.045,33.703,12,2.03,4.58,20,2,False,False,DRS Train
Singapore,Street,47,GAS,Pierre Gasly,Alpine,96.641,32.473,33.267,30.902,12,3.84,3.11,21,2,False,False,Clean Air
Singapore,Street,48,GAS,Pierre Gasly,Alpine,96.993,30.904,35.526,30.563,12,5.71,5.13,22,2,False,False,Clean Air
Singapore,Street,49,GAS,Pierre Gasly,Alpine,97.195,31.753,32.499,32.942,12,3.75,0.63,23,2,False,False,Battle Defensive
Singapore,Street,50,GAS,Pierre Gasly,Alpine,97.262,31.919,34.447,30.896,12,0.17,8.63,24,2,False,False,Battle Offensive
Singapore,Street,51,GAS,Pierre Gasly,Alpine,97.386,30.201,35.974,31.211,12,1.33,2.34,25,2,False,False,Battle Offensive
Singapore,Street,52,GAS,Pierre Gasly,Alpine,97.442,32.0,34.561,30.881,12,2.58,1.74,26,2,False,False,DRS Train
Singapore,Street,53,GAS,Pierre Gasly,Alpine,96.918,32.211,33.554,31.153,12,0.83,2.11,27,2,False,False,Battle Offensive
Singapore,Street,54,GAS,Pierre Gasly,Alpine,96.812,32.195,33.038,31.579,12,2.8,1.72,28,2,False,False,DRS Train
Singapore,Street,55,GAS,Pierre Gasly,Alpine,97.114,29.648,33.679,33.786,12,1.08,5.41,29,2,False,False,Battle Offensive
Singapore,Street,56,GAS,Pierre Gasly,Alpine,97.855,29.61,34.78,33.465,12,3.69,0.11,30,2,False,False,Battle Defensive
Singapore,Street,57,GAS,Pierre Gasly,Alpine,97.436,33.053,34.236,30.148,12,1.21,0.57,31,2,False,False,Battle Offensive
Singapore,Street,58,GAS,Pierre Gasly,Alpine,97.668,31.081,33.84,32.748,12,0.23,1.15,32,2,False,False,Battle Offensive
Singapore,Street,59,GAS,Pierre Gasly,Alpine,97.561,29.6,34.797,33.164,12,0.7,2.13,33,2,False,False,Battle Offensive
Singapore,Street,60,GAS,Pierre Gasly,Alpine,97.328,29.234,34.853,33.24,12,1.21,5.26,34,2,False,False,Battle Offensive
Singapore,Street,61,GAS,Pierre Gasly,Alpine,96.93,32.181,32.665,32.084,12,1.48,0.19,35,2,False,False,Battle Offensive
Singapore,Street,62,GAS,Pierre Gasly,Alpine,97.143,31.403,35.554,30.185,12,3.53,1.73,36,2,False,False,Clean Air
Singapore,Street,1,OCO,Esteban Ocon,Alpine,96.127,32.644,32.658,30.825,10,6.68,3.28,1,1,False,False,Clean Air
Singapore,Street,2,OCO,Esteban Ocon,Alpine,96.26,30.681,35.032,30.547,10,0.23,9.47,2,1,False,False,Battle Offensive
Singapore,Street,3,OCO,Esteban Ocon,Alpine,96.054,29.703,33.115,33.235,10,0.11,0.58,3,1,False,False,Battle Offensive
Singapore,Street,4,OCO,Esteban Ocon,Alpine,96.721,31.428,33.869,31.425,10,0.84,2.03,4,1,False,False,Battle Offensive
Singapore,Street,5,OCO,Esteban Ocon,Alpine,96.161,29.482,35.568,31.11,10,6.61,2.09,5,1,False,False,Clean Air
Singapore,Street,6,OCO,Esteban Ocon,Alpine,97.151,32.92,34.518,29.713,9,1.75,0.77,6,1,False,False,Battle Defensive
Singapore,Street,7,OCO,Esteban Ocon,Alpine,96.2,32.406,32.012,31.783,10,2.94,7.17,7,1,False,False,DRS Train
Singapore,Street,8,OCO,Esteban Ocon,Alpine,96.294,30.628,32.879,32.786,10,3.81,5.86,8,1,False,False,Clean Air
Singapore,Street,9,OCO,Esteban Ocon,Alpine,97.0,31.443,32.386,33.171,10,0.43,1.98,9,1,False,False,Battle Offensive
Singapore,Street,10,OCO,Esteban Ocon,Alpine,96.013,29.252,31.722,35.039,10,2.92,0.1,10,1,False,False,Battle Defensive
Singapore,Street,11,OCO,Esteban Ocon,Alpine,96.753,31.898,33.523,31.332,10,0.69,0.18,11,1,False,False,Battle Offensive
Singapore,Street,12,OCO,Esteban Ocon,Alpine,97.17,31.171,33.817,32.183,10,2.37,2.27,12,1,False,False,DRS Train
Singapore,Street,13,OCO,Esteban Ocon,Alpine,97.135,33.009,34.72,29.407,10,3.52,1.8,13,1,False,False,Clean Air
Singapore,Street,14,OCO,Esteban Ocon,Alpine,96.573,32.114,35.644,28.815,10,3.28,4.62,14,1,False,False,Clean Air
Singapore,Street,15,OCO,Esteban Ocon,Alpine,96.963,29.15,34.019,33.793,10,2.64,0.18,15,1,False,False,Battle Defensive
Singapore,Street,16,OCO,Esteban Ocon,Alpine,97.361,30.342,35.358,31.661,10,0.32,2.85,16,1,False,False,Battle Offensive
Singapore,Street,17,OCO,Esteban Ocon,Alpine,96.726,29.248,33.633,33.845,10,1.41,6.5,17,1,False,False,Battle Offensive
Singapore,Street,18,OCO,Esteban Ocon,Alpine,97.551,32.614,32.823,32.114,10,2.66,0.78,18,1,False,False,Battle Defensive
Singapore,Street,19,OCO,Esteban Ocon,Alpine,97.153,32.404,35.794,28.955,10,0.65,0.26,19,1,False,False,Battle Offensive
Singapore,Street,20,OCO,Esteban Ocon,Alpine,97.328,31.283,35.028,31.017,10,0.36,1.18,20,1,False,False,Battle Offensive
Singapore,Street,21,OCO,Esteban Ocon,Alpine,97.218,29.718,32.268,35.233,10,0.29,6.83,21,1,False,False,Battle Offensive
Singapore,Street,22,OCO,Esteban Ocon,Alpine,97.089,31.086,34.05,31.952,10,9.13,1.72,22,1,False,False,Clean Air
Singapore,Street,23,OCO,Esteban Ocon,Alpine,96.671,32.696,33.779,30.196,10,10.35,0.3,23,1,False,False,Battle Defensive
Singapore,Street,24,OCO,Esteban Ocon,Alpine,97.013,31.321,33.094,32.599,10,2.06,4.74,24,1,False,False,DRS Train
Singapore,Street,25,OCO,Esteban Ocon,Alpine,97.333,32.882,34.072,30.379,10,7.92,0.2,25,1,False,False,Battle Defensive
Singapore,Street,26,OCO,Esteban Ocon,Alpine,97.17,30.853,32.38,33.936,10,3.97,1.47,26,1,False,False,Battle Defensive
Singapore,Street,27,OCO,Esteban Ocon,Alpine,96.892,30.173,32.55,34.17,10,0.89,0.34,27,1,False,False,Battle Offensive
Singapore,Street,28,OCO,Esteban Ocon,Alpine,96.513,29.837,34.69,31.986,10,4.53,1.93,28,1,False,False,Clean Air
Singapore,Street,29,OCO,Esteban Ocon,Alpine,118.561,36.297,43.576,38.688,10,1.22,1.8,1,2,True,False,Battle Offensive
Singapore,Street,30,OCO,Esteban Ocon,Alpine,97.006,32.01,35.201,29.795,10,2.06,12.66,2,2,False,False,DRS Train
Singapore,Street,31,OCO,Esteban Ocon,Alpine,96.429,29.573,34.662,32.194,11,2.39,1.31,3,2,False,False,Battle Defensive
Singapore,Street,32,OCO,Esteban Ocon,Alpine,97.106,29.975,34.303,32.828,10,2.54,0.96,4,2,False,False,Battle Defensive
Singapore,Street,33,OCO,Esteban Ocon,Alpine,97.075,30.894,32.498,33.683,10,2.12,0.2,5,2,False,False,Battle Defensive
Singapore,Street,34,OCO,Esteban Ocon,Alpine,96.596,29.104,32.861,34.631,10,2.7,2.13,6,2,False,False,DRS Train
Singapore,Street,35,OCO,Esteban Ocon,Alpine,96.544,31.107,35.461,29.976,10,9.75,0.63,7,2,False,False,Battle Defensive
Singapore,Street,36,OCO,Esteban Ocon,Alpine,96.774,32.852,32.91,31.012,10,1.9,0.91,8,2,False,False,Battle Defensive
Singapore,Street,37,OCO,Esteban Ocon,Alpine,97.215,30.867,34.618,31.729,10,3.0,8.33,9,2,False,False,DRS Train
Singapore,Street,38,OCO,Esteban Ocon,Alpine,96.19,31.584,31.907,32.699,10,1.3,3.08,10,2,False,False,Battle Offensive
Singapore,Street,39,OCO,Esteban Ocon,Alpine,96.314,31.72,34.273,30.321,10,0.19,3.04,11,2,False,False,Battle Offensive
Singapore,Street,40,OCO,Esteban Ocon,Alpine,97.053,29.829,34.816,32.409,10,1.32,0.45,12,2,False,False,Battle Offensive
Singapore,Street,41,OCO,Esteban Ocon,Alpine,97.523,30.978,33.574,32.971,10,13.86,0.11,13,2,False,False,Battle Defensive
Singapore,Street,42,OCO,Esteban Ocon,Alpine,96.632,32.625,32.324,31.682,10,2.98,11.08,14,2,False,False,DRS Train
Singapore,Street,43,OCO,Esteban Ocon,Alpine,97.41,30.694,34.061,32.656,10,1.18,0.59,15,2,False,False,Battle Offensive
Singapore,Street,44,OCO,Esteban Ocon,Alpine,96.928,30.555,34.946,31.427,10,0.55,1.08,16,2,False,False,Battle Offensive
Singapore,Street,45,OCO,Esteban Ocon,Alpine,97.441,31.368,34.786,31.287,11,2.03,0.28,17,2,False,False,Battle Defensive
Singapore,Street,46,OCO,Esteban Ocon,Alpine,97.299,31.739,33.592,31.968,10,1.12,0.54,18,2,False,False,Battle Offensive
Singapore,Street,47,OCO,Esteban Ocon,Alpine,97.23,32.551,33.692,30.987,10,4.59,1.82,19,2,False,False,Clean Air
Singapore,Street,48,OCO,Esteban Ocon,Alpine,97.289,29.609,34.535,33.145,10,7.25,5.45,20,2,False,False,Clean Air
Singapore,Street,49,OCO,Esteban Ocon,Alpine,97.051,30.247,33.465,33.34,10,0.89,0.1,21,2,False,False,Battle Offensive
Singapore,Street,50,OCO,Esteban Ocon,Alpine,96.021,31.172,32.88,31.969,10,3.07,0.19,22,2,False,False,Battle Defensive
Singapore,Street,51,OCO,Esteban Ocon,Alpine,97.126,31.019,35.75,30.358,10,2.69,0.11,23,2,False,False,Battle Defensive
Singapore,Street,52,OCO,Esteban Ocon,Alpine,97.318,29.878,35.545,31.896,10,5.05,1.05,24,2,False,False,Battle Defensive
Singapore,Street,53,OCO,Esteban Ocon,Alpine,97.045,31.07,33.582,32.393,10,8.38,0.1,25,2,False,False,Battle Defensive
Singapore,Street,54,OCO,Esteban Ocon,Alpine,96.685,32.379,34.244,30.063,10,3.19,7.7,26,2,False,False,Clean Air
Singapore,Street,55,OCO,Esteban Ocon,Alpine,97.166,31.202,32.559,33.405,10,2.02,0.52,27,2,False,False,Battle Defensive
Singapore,Street,56,OCO,Esteban Ocon,Alpine,96.811,32.711,32.227,31.873,10,2.73,2.84,28,2,False,False,DRS Train
Singapore,Street,57,OCO,Esteban Ocon,Alpine,97.767,32.539,34.089,31.139,10,3.74,1.22,29,2,False,False,Battle Defensive
Singapore,Street,58,OCO,Esteban Ocon,Alpine,97.99,31.782,32.479,33.729,10,1.15,4.09,30,2,False,False,Battle Offensive
Singapore,Street,59,OCO,Esteban Ocon,Alpine,97.529,30.279,33.321,33.929,10,2.98,0.35,31,2,False,False,Battle Defensive
Singapore,Street,60,OCO,Esteban Ocon,Alpine,97.591,29.983,34.53,33.078,10,1.43,2.09,32,2,False,False,Battle Offensive
Singapore,Street,61,OCO,Esteban Ocon,Alpine,98.371,32.243,36.38,29.749,10,1.69,0.16,33,2,False,False,Battle Defensive
Singapore,Street,62,OCO,Esteban Ocon,Alpine,96.589,30.246,35.547,30.796,10,0.19,4.45,34,2,False,False,Battle Offensive
Singapore,Street,1,HUL,Nico Hulkenberg,Haas,96.304,30.38,32.895,33.03,11,9.79,9.05,1,1,False,False,Clean Air
Singapore,Street,2,HUL,Nico Hulkenberg,Haas,96.637,30.84,31.968,33.829,11,3.08,1.7,2,1,False,False,Clean Air
Singapore,Street,3,HUL,Nico Hulkenberg,Haas,97.322,30.013,35.84,31.469,11,11.63,0.15,3,1,False,False,Battle Defensive
Singapore,Street,4,HUL,Nico Hulkenberg,Haas,96.504,29.94,35.014,31.551,11,2.69,4.83,4,1,False,False,DRS Train
Singapore,Street,5,HUL,Nico Hulkenberg,Haas,96.498,29.752,32.33,34.415,11,1.55,3.14,5,1,False,False,DRS Train
Singapore,Street,6,HUL,Nico Hulkenberg,Haas,96.581,31.872,32.899,31.81,11,0.42,1.85,6,1,False,False,Battle Offensive
Singapore,Street,7,HUL,Nico Hulkenberg,Haas,96.636,31.921,32.962,31.752,11,1.07,3.21,7,1,False,False,Battle Offensive
Singapore,Street,8,HUL,Nico Hulkenberg,Haas,96.667,31.386,33.406,31.875,11,1.96,3.08,8,1,False,False,DRS Train
Singapore,Street,9,HUL,Nico Hulkenberg,Haas,96.616,31.758,32.182,32.676,11,5.46,2.17,9,1,False,False,Clean Air
Singapore,Street,10,HUL,Nico Hulkenberg,Haas,96.593,32.58,33.18,30.832,11,0.85,8.16,10,1,False,False,Battle Offensive
Singapore,Street,11,HUL,Nico Hulkenberg,Haas,96.843,30.167,33.025,33.651,11,0.35,9.01,11,1,False,False,Battle Offensive
Singapore,Street,12,HUL,Nico Hulkenberg,Haas,97.623,32.473,32.451,32.7,11,0.15,0.32,12,1,False,False,Battle Offensive
Singapore,Street,13,HUL,Nico Hulkenberg,Haas,96.554,31.917,34.527,30.111,11,1.11,1.09,13,1,False,False,Battle Offensive
Singapore,Street,14,HUL,Nico Hulkenberg,Haas,97.174,29.633,34.995,32.547,11,1.04,0.4,14,1,False,False,Battle Offensive
Singapore,Street,15,HUL,Nico Hulkenberg,Haas,97.19,30.105,35.216,31.869,11,6.82,7.81,15,1,False,False,Clean Air
Singapore,Street,16,HUL,Nico Hulkenberg,Haas,97.394,31.723,34.021,31.65,11,2.74,7.81,16,1,False,False,DRS Train
Singapore,Street,17,HUL,Nico Hulkenberg,Haas,97.027,31.838,35.275,29.915,11,2.58,2.31,17,1,False,False,DRS Train
Singapore,Street,18,HUL,Nico Hulkenberg,Haas,97.671,32.796,35.408,29.468,11,0.14,2.5,18,1,False,False,Battle Offensive
Singapore,Street,19,HUL,Nico Hulkenberg,Haas,97.324,29.935,32.604,34.786,11,0.44,3.87,19,1,False,False,Battle Offensive
Singapore,Street,20,HUL,Nico Hulkenberg,Haas,97.066,29.988,32.505,34.573,11,1.35,1.55,20,1,False,False,Battle Offensive
Singapore,Street,21,HUL,Nico Hulkenberg,Haas,96.933,32.503,35.184,29.246,11,3.08,0.1,21,1,False,False,Battle Defensive
Singapore,Street,22,HUL,Nico Hulkenberg,Haas,97.316,29.42,34.638,33.259,11,0.88,0.53,22,1,False,False,Battle Offensive
Singapore,Street,23,HUL,Nico Hulkenberg,Haas,97.594,32.158,35.783,29.653,11,6.12,1.49,23,1,False,False,Battle Defensive
Singapore,Street,24,HUL,Nico Hulkenberg,Haas,97.249,30.771,34.806,31.673,11,4.29,7.57,24,1,False,False,Clean Air
Singapore,Street,25,HUL,Nico Hulkenberg,Haas,97.528,29.389,32.424,35.714,11,1.08,0.45,25,1,False,False,Battle Offensive
Singapore,Street,26,HUL,Nico Hulkenberg,Haas,97.227,32.698,34.209,30.32,11,0.76,3.41,26,1,False,False,Battle Offensive
Singapore,Street,27,HUL,Nico Hulkenberg,Haas,97.643,30.867,34.934,31.842,11,0.89,0.72,27,1,False,False,Battle Offensive
Singapore,Street,28,HUL,Nico Hulkenberg,Haas,97.527,32.95,35.615,28.962,12,1.29,0.1,28,1,False,False,Battle Offensive
Singapore,Street,29,HUL,Nico Hulkenberg,Haas,97.473,31.262,35.038,31.173,11,2.93,4.83,29,1,False,False,DRS Train
Singapore,Street,30,HUL,Nico Hulkenberg,Haas,97.588,30.001,32.637,34.95,11,6.22,1.37,30,1,False,False,Battle Defensive
Singapore,Street,31,HUL,Nico Hulkenberg,Haas,97.883,30.772,36.165,30.946,11,1.04,3.31,31,1,False,False,Battle Offensive
Singapore,Street,32,HUL,Nico Hulkenberg,Haas,97.334,30.634,33.227,33.474,11,4.14,2.6,32,1,False,False,Clean Air
Singapore,Street,33,HUL,Nico Hulkenberg,Haas,118.283,38.787,40.394,39.102,11,0.84,4.03,1,2,True,False,Battle Offensive
Singapore,Street,34,HUL,Nico Hulkenberg,Haas,96.226,29.976,31.879,34.371,11,1.58,0.36,2,2,False,False,Battle Defensive
Singapore,Street,35,HUL,Nico Hulkenberg,Haas,96.66,32.417,32.076,32.166,11,0.1,1.8,3,2,False,False,Battle Offensive
Singapore,Street,36,HUL,Nico Hulkenberg,Haas,96.281,29.398,32.402,34.481,11,1.12,0.85,4,2,False,False,Battle Offensive
Singapore,Street,37,HUL,Nico Hulkenberg,Haas,96.041,29.234,34.842,31.965,11,2.33,0.86,5,2,False,False,Battle Defensive
Singapore,Street,38,HUL,Nico Hulkenberg,Haas,96.622,30.113,33.135,33.374,11,0.21,5.95,6,2,False,False,Battle Offensive
Singapore,Street,39,HUL,Nico Hulkenberg,Haas,96.664,30.604,34.056,32.004,11,0.38,2.6,7,2,False,False,Battle Offensive
Singapore,Street,40,HUL,Nico Hulkenberg,Haas,96.407,30.786,32.724,32.897,11,4.73,4.98,8,2,False,False,Clean Air
Singapore,Street,41,HUL,Nico Hulkenberg,Haas,96.95,31.886,32.591,32.473,11,10.25,1.26,9,2,False,False,Battle Defensive
Singapore,Street,42,HUL,Nico Hulkenberg,Haas,97.056,31.292,32.301,33.462,11,1.14,0.16,10,2,False,False,Battle Offensive
Singapore,Street,43,HUL,Nico Hulkenberg,Haas,96.927,29.841,34.203,32.884,11,2.53,2.21,11,2,False,False,DRS Train
Singapore,Street,44,HUL,Nico Hulkenberg,Haas,97.206,29.523,35.19,32.493,11,1.48,2.85,12,2,False,False,Battle Offensive
Singapore,Street,45,HUL,Nico Hulkenberg,Haas,96.477,30.162,32.346,33.969,11,11.92,10.35,13,2,False,False,Clean Air
Singapore,Street,46,HUL,Nico Hulkenberg,Haas,96.997,31.486,33.099,32.412,11,3.48,0.44,14,2,False,False,Battle Defensive
Singapore,Street,47,HUL,Nico Hulkenberg,Haas,97.157,31.918,32.363,32.877,11,1.61,3.51,15,2,False,False,DRS Train
Singapore,Street,48,HUL,Nico Hulkenberg,Haas,97.335,30.511,35.823,31.001,11,1.2,0.97,16,2,False,False,Battle Offensive
Singapore,Street,49,HUL,Nico Hulkenberg,Haas,97.233,31.039,32.382,33.813,11,2.8,1.54,17,2,False,False,DRS Train
Singapore,Street,50,HUL,Nico Hulkenberg,Haas,97.438,29.369,33.654,34.416,11,4.7,1.02,18,2,False,False,Battle Defensive
Singapore,Street,51,HUL,Nico Hulkenberg,Haas,97.193,29.48,32.353,35.361,11,2.32,4.71,19,2,False,False,DRS Train
Singapore,Street,52,HUL,Nico Hulkenberg,Haas,97.376,32.228,32.895,32.253,11,1.64,2.32,20,2,False,False,DRS Train
Singapore,Street,53,HUL,Nico Hulkenberg,Haas,97.102,29.908,32.925,34.269,11,0.52,0.93,21,2,False,False,Battle Offensive
Singapore,Street,54,HUL,Nico Hulkenberg,Haas,97.075,31.184,33.191,32.7,11,6.13,5.0,22,2,False,False,Clean Air
Singapore,Street,55,HUL,Nico Hulkenberg,Haas,97.109,30.1,34.617,32.392,11,3.76,0.1,23,2,False,False,Battle Defensive
Singapore,Street,56,HUL,Nico Hulkenberg,Haas,97.38,32.787,34.409,30.183,11,2.69,0.1,24,2,False,False,Battle Defensive
Singapore,Street,57,HUL,Nico Hulkenberg,Haas,97.745,31.908,33.479,32.358,11,4.32,0.38,25,2,False,False,Battle Defensive
Singapore,Street,58,HUL,Nico Hulkenberg,Haas,97.66,31.194,34.297,32.17,11,1.95,2.63,26,2,False,False,DRS Train
Singapore,Street,59,HUL,Nico Hulkenberg,Haas,97.632,32.018,35.846,29.767,11,3.52,1.02,27,2,False,False,Battle Defensive
Singapore,Street,60,HUL,Nico Hulkenberg,Haas,97.496,31.372,33.68,32.444,11,13.04,0.1,28,2,False,False,Battle Defensive
Singapore,Street,61,HUL,Nico Hulkenberg,Haas,96.96,29.437,32.862,34.661,11,0.81,0.2,29,2,False,False,Battle Offensive
Singapore,Street,62,HUL,Nico Hulkenberg,Haas,97.378,29.441,35.759,32.178,11,0.84,1.05,30,2,False,False,Battle Offensive
